register_offset,absolute_address,public_name,ownership_class,basis,write_count,packet_coverage,distinct_value_count,distinct_values,within_packet_value_change,independent_windows_live_volatile,dmi_associated_control,dmi_associated_phase_variant
0x0024,0x0ac71024,core_cfg_0,known_top_static_config_candidate,pinned Qualcomm VFE680 name=core_cfg_0; values from Windows,4,"0,1,2,3",1,0x00006000,0,0,0,0
0x002c,0x0ac7102c,core_cfg_2,known_top_static_config_candidate,pinned Qualcomm VFE680 name=core_cfg_2; values from Windows,4,"0,1,2,3",1,0x00000000,0,0,0,0
0x008c,0x0ac7108c,period_cfg,known_top_phase_variant,pinned Qualcomm VFE680 name=period_cfg; values from Windows,4,"0,1,2,3",2,0x0a503000;0xe5cdfd40,0,0,0,0
0x0090,0x0ac71090,irq_sub_pattern_cfg,known_top_static_config_candidate,pinned Qualcomm VFE680 name=irq_sub_pattern_cfg; values from Windows,4,"0,1,2,3",1,0x00000001,0,0,0,0
0x3b60,0x0ac74b60,,unpublished_iq_static_config_candidate,outside public VFE680 top/bus map; semantic IQ name intentionally unresolved,4,"0,1,2,3",1,0x00100001,0,0,0,0
0x3b68,0x0ac74b68,,unpublished_iq_static_config_candidate,outside public VFE680 top/bus map; semantic IQ name intentionally unresolved,4,"0,1,2,3",1,0x000000c9,0,0,0,0
0x3b6c,0x0ac74b6c,,unpublished_iq_static_config_candidate,outside public VFE680 top/bus map; semantic IQ name intentionally unresolved,4,"0,1,2,3",1,0x000000ac,0,0,0,0
0x3b70,0x0ac74b70,,runtime_volatile_do_not_freeze,independent E003g same-machine Windows live1/live2 mismatch,4,"0,1,2,3",2,0x04260427;0x04270427,0,1,0,0
0x3b74,0x0ac74b74,,unpublished_iq_phase_variant,outside public VFE680 top/bus map; semantic IQ name intentionally unresolved,4,"0,1,2,3",2,0x04270426;0x04280427,0,0,0,0
0x3b78,0x0ac74b78,,unpublished_iq_static_config_candidate,outside public VFE680 top/bus map; semantic IQ name intentionally unresolved,4,"0,1,2,3",1,0x0fa40000,0,0,0,0
0x3b7c,0x0ac74b7c,,unpublished_iq_static_config_candidate,outside public VFE680 top/bus map; semantic IQ name intentionally unresolved,4,"0,1,2,3",1,0x0fa00000,0,0,0,0
0x3b80,0x0ac74b80,,unpublished_iq_static_config_candidate,outside public VFE680 top/bus map; semantic IQ name intentionally unresolved,4,"0,1,2,3",1,0x0fb00000,0,0,0,0
0x3b84,0x0ac74b84,,unpublished_iq_static_config_candidate,outside public VFE680 top/bus map; semantic IQ name intentionally unresolved,4,"0,1,2,3",1,0x0fc80000,0,0,0,0
0x3b88,0x0ac74b88,,unpublished_iq_static_config_candidate,outside public VFE680 top/bus map; semantic IQ name intentionally unresolved,4,"0,1,2,3",1,0x06600000,0,0,0,0
0x3b8c,0x0ac74b8c,,unpublished_iq_static_config_candidate,outside public VFE680 top/bus map; semantic IQ name intentionally unresolved,4,"0,1,2,3",1,0x06600000,0,0,0,0
0x3b90,0x0ac74b90,,unpublished_iq_static_config_candidate,outside public VFE680 top/bus map; semantic IQ name intentionally unresolved,4,"0,1,2,3",1,0x06600000,0,0,0,0
0x3b94,0x0ac74b94,,unpublished_iq_static_config_candidate,outside public VFE680 top/bus map; semantic IQ name intentionally unresolved,4,"0,1,2,3",1,0x06600000,0,0,0,0
0x3d58,0x0ac74d58,,dmi_associated_phase_variant_control,"exactly DMI register +0x50/+0x54, 0/1-valued per startup packet; semantics intentionally unresolved",3,"0,1,2",2,0x00000000;0x00000001,0,0,1,1
0x3d5c,0x0ac74d5c,,dmi_associated_phase_variant_control,"exactly DMI register +0x50/+0x54, 0/1-valued per startup packet; semantics intentionally unresolved",3,"0,1,2",2,0x00000000;0x00000001,0,0,1,1
0x3d60,0x0ac74d60,,unpublished_iq_static_config_candidate,outside public VFE680 top/bus map; semantic IQ name intentionally unresolved,3,"0,1,2",1,0x00000203,0,0,0,0
0x3d68,0x0ac74d68,,unpublished_iq_static_config_candidate,outside public VFE680 top/bus map; semantic IQ name intentionally unresolved,3,"0,1,2",1,0x06600000,0,0,0,0
0x3d70,0x0ac74d70,,unpublished_iq_static_config_candidate,outside public VFE680 top/bus map; semantic IQ name intentionally unresolved,3,"0,1,2",1,0x00006020,0,0,0,0
0x3d78,0x0ac74d78,,runtime_volatile_do_not_freeze,independent E003g same-machine Windows live1/live2 mismatch,3,"0,1,2",2,0x00001c37;0x000020b1,0,1,0,0
0x3d7c,0x0ac74d7c,,runtime_volatile_do_not_freeze,independent E003g same-machine Windows live1/live2 mismatch,3,"0,1,2",2,0x000017e7;0x00001fc7,0,1,0,0
0x3d80,0x0ac74d80,,runtime_volatile_do_not_freeze,independent E003g same-machine Windows live1/live2 mismatch,3,"0,1,2",2,0x000007d5;0x00000913,0,1,0,0
0x3d84,0x0ac74d84,,runtime_volatile_do_not_freeze,independent E003g same-machine Windows live1/live2 mismatch,3,"0,1,2",2,0x0000080e;0x00000ab6,0,1,0,0
0x3d88,0x0ac74d88,,unpublished_iq_static_config_candidate,outside public VFE680 top/bus map; semantic IQ name intentionally unresolved,3,"0,1,2",1,0x00000000,0,0,0,0
0x3d8c,0x0ac74d8c,,unpublished_iq_static_config_candidate,outside public VFE680 top/bus map; semantic IQ name intentionally unresolved,3,"0,1,2",1,0x08700f00,0,0,0,0
0x3db4,0x0ac74db4,,unpublished_iq_static_config_candidate,outside public VFE680 top/bus map; semantic IQ name intentionally unresolved,3,"0,1,2",1,0x00000000,0,0,0,0
0x3db8,0x0ac74db8,,unpublished_iq_static_config_candidate,outside public VFE680 top/bus map; semantic IQ name intentionally unresolved,3,"0,1,2",1,0x00800080,0,0,0,0
0x3dd4,0x0ac74dd4,,unpublished_iq_static_config_candidate,outside public VFE680 top/bus map; semantic IQ name intentionally unresolved,3,"0,1,2",1,0x1f400000,0,0,0,0
0x3dd8,0x0ac74dd8,,unpublished_iq_static_config_candidate,outside public VFE680 top/bus map; semantic IQ name intentionally unresolved,3,"0,1,2",1,0x00500000,0,0,0,0
0x3f60,0x0ac74f60,,unpublished_iq_static_config_candidate,outside public VFE680 top/bus map; semantic IQ name intentionally unresolved,1,0,1,0x00000000,0,0,0,0
0x3f64,0x0ac74f64,,unpublished_iq_static_config_candidate,outside public VFE680 top/bus map; semantic IQ name intentionally unresolved,1,0,1,0x00000000,0,0,0,0
0x3f68,0x0ac74f68,,unpublished_iq_static_config_candidate,outside public VFE680 top/bus map; semantic IQ name intentionally unresolved,1,0,1,0x00000000,0,0,0,0
0x4358,0x0ac75358,,dmi_associated_phase_variant_control,"exactly DMI register +0x50/+0x54, 0/1-valued per startup packet; semantics intentionally unresolved",3,"0,1,2",2,0x00000000;0x00000001,0,0,1,1
0x435c,0x0ac7535c,,dmi_associated_phase_variant_control,"exactly DMI register +0x50/+0x54, 0/1-valued per startup packet; semantics intentionally unresolved",3,"0,1,2",2,0x00000000;0x00000001,0,0,1,1
0x4360,0x0ac75360,,unpublished_iq_static_config_candidate,outside public VFE680 top/bus map; semantic IQ name intentionally unresolved,3,"0,1,2",1,0x30003001,0,0,0,0
0x4368,0x0ac75368,,unpublished_iq_static_config_candidate,outside public VFE680 top/bus map; semantic IQ name intentionally unresolved,3,"0,1,2",1,0x000000bf,0,0,0,0
0x436c,0x0ac7536c,,unpublished_iq_static_config_candidate,outside public VFE680 top/bus map; semantic IQ name intentionally unresolved,3,"0,1,2",1,0x005f0077,0,0,0,0
0x4370,0x0ac75370,,unpublished_iq_static_config_candidate,outside public VFE680 top/bus map; semantic IQ name intentionally unresolved,3,"0,1,2",1,0x1111100e,0,0,0,0
0x4374,0x0ac75374,,unpublished_iq_static_config_candidate,outside public VFE680 top/bus map; semantic IQ name intentionally unresolved,3,"0,1,2",1,0x1555500b,0,0,0,0
0x4378,0x0ac75378,,unpublished_iq_static_config_candidate,outside public VFE680 top/bus map; semantic IQ name intentionally unresolved,3,"0,1,2",1,0x00000000,0,0,0,0
0x437c,0x0ac7537c,,unpublished_iq_static_config_candidate,outside public VFE680 top/bus map; semantic IQ name intentionally unresolved,3,"0,1,2",1,0x06600000,0,0,0,0
0x4380,0x0ac75380,,unpublished_iq_static_config_candidate,outside public VFE680 top/bus map; semantic IQ name intentionally unresolved,3,"0,1,2",1,0x00000000,0,0,0,0
0x4384,0x0ac75384,,unpublished_iq_static_config_candidate,outside public VFE680 top/bus map; semantic IQ name intentionally unresolved,3,"0,1,2",1,0x04000000,0,0,0,0
0x4388,0x0ac75388,,unpublished_iq_static_config_candidate,outside public VFE680 top/bus map; semantic IQ name intentionally unresolved,3,"0,1,2",1,0x00000040,0,0,0,0
0x438c,0x0ac7538c,,unpublished_iq_static_config_candidate,outside public VFE680 top/bus map; semantic IQ name intentionally unresolved,3,"0,1,2",1,0x00000000,0,0,0,0
0x4390,0x0ac75390,,unpublished_iq_static_config_candidate,outside public VFE680 top/bus map; semantic IQ name intentionally unresolved,3,"0,1,2",1,0x00000000,0,0,0,0
0x4394,0x0ac75394,,unpublished_iq_static_config_candidate,outside public VFE680 top/bus map; semantic IQ name intentionally unresolved,3,"0,1,2",1,0x06600000,0,0,0,0
0x4398,0x0ac75398,,unpublished_iq_static_config_candidate,outside public VFE680 top/bus map; semantic IQ name intentionally unresolved,3,"0,1,2",1,0x10000000,0,0,0,0
0x4560,0x0ac75560,,unpublished_iq_static_config_candidate,outside public VFE680 top/bus map; semantic IQ name intentionally unresolved,3,"0,1,2",1,0x00000001,0,0,0,0
0x4568,0x0ac75568,,unpublished_iq_static_config_candidate,outside public VFE680 top/bus map; semantic IQ name intentionally unresolved,3,"0,1,2",1,0x08000000,0,0,0,0
0x456c,0x0ac7556c,,unpublished_iq_phase_variant,outside public VFE680 top/bus map; semantic IQ name intentionally unresolved,3,"0,1,2",2,0x0bf40000;0x0fe40000,0,0,0,0
0x4570,0x0ac75570,,unpublished_iq_phase_variant,outside public VFE680 top/bus map; semantic IQ name intentionally unresolved,3,"0,1,2",2,0x0e1c0000;0x10580000,0,0,0,0
0x4574,0x0ac75574,,unpublished_iq_static_config_candidate,outside public VFE680 top/bus map; semantic IQ name intentionally unresolved,3,"0,1,2",1,0x06600000,0,0,0,0
0x4578,0x0ac75578,,unpublished_iq_static_config_candidate,outside public VFE680 top/bus map; semantic IQ name intentionally unresolved,3,"0,1,2",1,0x06600000,0,0,0,0
0x457c,0x0ac7557c,,unpublished_iq_static_config_candidate,outside public VFE680 top/bus map; semantic IQ name intentionally unresolved,3,"0,1,2",1,0x06600000,0,0,0,0
0x4580,0x0ac75580,,unpublished_iq_static_config_candidate,outside public VFE680 top/bus map; semantic IQ name intentionally unresolved,3,"0,1,2",1,0x06600000,0,0,0,0
0x4584,0x0ac75584,,unpublished_iq_static_config_candidate,outside public VFE680 top/bus map; semantic IQ name intentionally unresolved,3,"0,1,2",1,0x06600000,0,0,0,0
0x4588,0x0ac75588,,unpublished_iq_static_config_candidate,outside public VFE680 top/bus map; semantic IQ name intentionally unresolved,3,"0,1,2",1,0x06600000,0,0,0,0
0x458c,0x0ac7558c,,unpublished_iq_static_config_candidate,outside public VFE680 top/bus map; semantic IQ name intentionally unresolved,3,"0,1,2",1,0x00101010,0,0,0,0
0x4590,0x0ac75590,,unpublished_iq_static_config_candidate,outside public VFE680 top/bus map; semantic IQ name intentionally unresolved,3,"0,1,2",1,0x7fffe000,0,0,0,0
0x4594,0x0ac75594,,unpublished_iq_static_config_candidate,outside public VFE680 top/bus map; semantic IQ name intentionally unresolved,3,"0,1,2",1,0x0000030c,0,0,0,0
0x4758,0x0ac75758,,dmi_associated_phase_variant_control,"exactly DMI register +0x50/+0x54, 0/1-valued per startup packet; semantics intentionally unresolved",3,"0,1,2",2,0x00000000;0x00000001,0,0,1,1
0x475c,0x0ac7575c,,dmi_associated_phase_variant_control,"exactly DMI register +0x50/+0x54, 0/1-valued per startup packet; semantics intentionally unresolved",3,"0,1,2",2,0x00000000;0x00000001,0,0,1,1
0x4760,0x0ac75760,,unpublished_iq_static_config_candidate,outside public VFE680 top/bus map; semantic IQ name intentionally unresolved,3,"0,1,2",1,0x00000203,0,0,0,0
0x4770,0x0ac75770,,unpublished_iq_static_config_candidate,outside public VFE680 top/bus map; semantic IQ name intentionally unresolved,3,"0,1,2",1,0x0040009a,0,0,0,0
0x4774,0x0ac75774,,unpublished_iq_static_config_candidate,outside public VFE680 top/bus map; semantic IQ name intentionally unresolved,3,"0,1,2",1,0x00001900,0,0,0,0
0x4958,0x0ac75958,,dmi_associated_phase_variant_control,"exactly DMI register +0x50/+0x54, 0/1-valued per startup packet; semantics intentionally unresolved",3,"0,1,2",2,0x00000000;0x00000001,0,0,1,1
0x495c,0x0ac7595c,,dmi_associated_phase_variant_control,"exactly DMI register +0x50/+0x54, 0/1-valued per startup packet; semantics intentionally unresolved",3,"0,1,2",2,0x00000000;0x00000001,0,0,1,1
0x4960,0x0ac75960,,unpublished_iq_static_config_candidate,outside public VFE680 top/bus map; semantic IQ name intentionally unresolved,3,"0,1,2",1,0x00000301,0,0,0,0
0x4968,0x0ac75968,,unpublished_iq_static_config_candidate,outside public VFE680 top/bus map; semantic IQ name intentionally unresolved,3,"0,1,2",1,0x00000004,0,0,0,0
0x496c,0x0ac7596c,,unpublished_iq_static_config_candidate,outside public VFE680 top/bus map; semantic IQ name intentionally unresolved,3,"0,1,2",1,0x00000001,0,0,0,0
0x4980,0x0ac75980,,unpublished_iq_static_config_candidate,outside public VFE680 top/bus map; semantic IQ name intentionally unresolved,3,"0,1,2",1,0x00140000,0,0,0,0
0x4984,0x0ac75984,,unpublished_iq_static_config_candidate,outside public VFE680 top/bus map; semantic IQ name intentionally unresolved,3,"0,1,2",1,0x00140000,0,0,0,0
0x4988,0x0ac75988,,unpublished_iq_static_config_candidate,outside public VFE680 top/bus map; semantic IQ name intentionally unresolved,3,"0,1,2",1,0x003c0044,0,0,0,0
0x498c,0x0ac7598c,,unpublished_iq_static_config_candidate,outside public VFE680 top/bus map; semantic IQ name intentionally unresolved,3,"0,1,2",1,0x00500000,0,0,0,0
0x49a0,0x0ac759a0,,unpublished_iq_static_config_candidate,outside public VFE680 top/bus map; semantic IQ name intentionally unresolved,3,"0,1,2",1,0x03031010,0,0,0,0
0x49a4,0x0ac759a4,,unpublished_iq_static_config_candidate,outside public VFE680 top/bus map; semantic IQ name intentionally unresolved,3,"0,1,2",1,0x19800000,0,0,0,0
0x49a8,0x0ac759a8,,unpublished_iq_static_config_candidate,outside public VFE680 top/bus map; semantic IQ name intentionally unresolved,3,"0,1,2",1,0x10000000,0,0,0,0
0x49ac,0x0ac759ac,,unpublished_iq_static_config_candidate,outside public VFE680 top/bus map; semantic IQ name intentionally unresolved,3,"0,1,2",1,0x01230123,0,0,0,0
0x49b0,0x0ac759b0,,unpublished_iq_static_config_candidate,outside public VFE680 top/bus map; semantic IQ name intentionally unresolved,3,"0,1,2",1,0x00000000,0,0,0,0
0x49b4,0x0ac759b4,,unpublished_iq_static_config_candidate,outside public VFE680 top/bus map; semantic IQ name intentionally unresolved,3,"0,1,2",1,0x00a00040,0,0,0,0
0x49b8,0x0ac759b8,,unpublished_iq_static_config_candidate,outside public VFE680 top/bus map; semantic IQ name intentionally unresolved,3,"0,1,2",1,0xa09a0000,0,0,0,0
0x49bc,0x0ac759bc,,unpublished_iq_static_config_candidate,outside public VFE680 top/bus map; semantic IQ name intentionally unresolved,3,"0,1,2",1,0xa09a0000,0,0,0,0
0x49c8,0x0ac759c8,,unpublished_iq_static_config_candidate,outside public VFE680 top/bus map; semantic IQ name intentionally unresolved,3,"0,1,2",1,0x028f0000,0,0,0,0
0x49cc,0x0ac759cc,,unpublished_iq_static_config_candidate,outside public VFE680 top/bus map; semantic IQ name intentionally unresolved,3,"0,1,2",1,0x0a3c05c2,0,0,0,0
0x49d0,0x0ac759d0,,unpublished_iq_static_config_candidate,outside public VFE680 top/bus map; semantic IQ name intentionally unresolved,3,"0,1,2",1,0xffffffff,0,0,0,0
0x49d4,0x0ac759d4,,unpublished_iq_static_config_candidate,outside public VFE680 top/bus map; semantic IQ name intentionally unresolved,3,"0,1,2",1,0xffffffff,0,0,0,0
0x49d8,0x0ac759d8,,unpublished_iq_static_config_candidate,outside public VFE680 top/bus map; semantic IQ name intentionally unresolved,3,"0,1,2",1,0xb1e4a0c8,0,0,0,0
0x49dc,0x0ac759dc,,unpublished_iq_static_config_candidate,outside public VFE680 top/bus map; semantic IQ name intentionally unresolved,3,"0,1,2",1,0xb1e4a0c8,0,0,0,0
0x49e0,0x0ac759e0,,unpublished_iq_static_config_candidate,outside public VFE680 top/bus map; semantic IQ name intentionally unresolved,3,"0,1,2",1,0xffffffff,0,0,0,0
0x49e4,0x0ac759e4,,unpublished_iq_static_config_candidate,outside public VFE680 top/bus map; semantic IQ name intentionally unresolved,3,"0,1,2",1,0x3db838e8,0,0,0,0
0x49e8,0x0ac759e8,,unpublished_iq_static_config_candidate,outside public VFE680 top/bus map; semantic IQ name intentionally unresolved,3,"0,1,2",1,0x90378680,0,0,0,0
0x4b60,0x0ac75b60,,unpublished_iq_static_config_candidate,outside public VFE680 top/bus map; semantic IQ name intentionally unresolved,3,"0,1,2",1,0x00000001,0,0,0,0
0x4b68,0x0ac75b68,,unpublished_iq_static_config_candidate,outside public VFE680 top/bus map; semantic IQ name intentionally unresolved,3,"0,1,2",1,0x06600000,0,0,0,0
0x4b6c,0x0ac75b6c,,unpublished_iq_static_config_candidate,outside public VFE680 top/bus map; semantic IQ name intentionally unresolved,3,"0,1,2",1,0x00000834,0,0,0,0
0x4b70,0x0ac75b70,,unpublished_iq_static_config_candidate,outside public VFE680 top/bus map; semantic IQ name intentionally unresolved,3,"0,1,2",1,0x00000000,0,0,0,0
0x4b74,0x0ac75b74,,unpublished_iq_static_config_candidate,outside public VFE680 top/bus map; semantic IQ name intentionally unresolved,3,"0,1,2",1,0x00000000,0,0,0,0
0x4b78,0x0ac75b78,,unpublished_iq_static_config_candidate,outside public VFE680 top/bus map; semantic IQ name intentionally unresolved,3,"0,1,2",1,0x00000000,0,0,0,0
0x4b7c,0x0ac75b7c,,unpublished_iq_static_config_candidate,outside public VFE680 top/bus map; semantic IQ name intentionally unresolved,3,"0,1,2",1,0x00000000,0,0,0,0
0x4d60,0x0ac75d60,,unpublished_iq_static_config_candidate,outside public VFE680 top/bus map; semantic IQ name intentionally unresolved,1,0,1,0x00000000,0,0,0,0
0x5260,0x0ac76260,,unpublished_iq_static_config_candidate,outside public VFE680 top/bus map; semantic IQ name intentionally unresolved,1,0,1,0x00000000,0,0,0,0
0x5458,0x0ac76458,,dmi_associated_static_control,"exactly DMI register +0x50/+0x54, 0/1-valued per startup packet; semantics intentionally unresolved",2,"0,1",1,0x00000000,0,0,1,0
0x545c,0x0ac7645c,,dmi_associated_static_control,"exactly DMI register +0x50/+0x54, 0/1-valued per startup packet; semantics intentionally unresolved",2,"0,1",1,0x00000000,0,0,1,0
0x5460,0x0ac76460,,unpublished_iq_static_config_candidate,outside public VFE680 top/bus map; semantic IQ name intentionally unresolved,2,"0,1",1,0x00000001,0,0,0,0
0x5464,0x0ac76464,,unpublished_iq_static_config_candidate,outside public VFE680 top/bus map; semantic IQ name intentionally unresolved,2,"0,1",1,0x00000eff,0,0,0,0
0x5468,0x0ac76468,,unpublished_iq_static_config_candidate,outside public VFE680 top/bus map; semantic IQ name intentionally unresolved,2,"0,1",1,0x0000086f,0,0,0,0
0x546c,0x0ac7646c,,unpublished_iq_static_config_candidate,outside public VFE680 top/bus map; semantic IQ name intentionally unresolved,2,"0,1",1,0x00001ffe,0,0,0,0
0x5470,0x0ac76470,,unpublished_iq_static_config_candidate,outside public VFE680 top/bus map; semantic IQ name intentionally unresolved,2,"0,1",1,0x6b2e6418,0,0,0,0
0x5474,0x0ac76474,,unpublished_iq_static_config_candidate,outside public VFE680 top/bus map; semantic IQ name intentionally unresolved,2,"0,1",1,0x00001fff,0,0,0,0
0x5478,0x0ac76478,,unpublished_iq_static_config_candidate,outside public VFE680 top/bus map; semantic IQ name intentionally unresolved,2,"0,1",1,0x2770a9d8,0,0,0,0
0x547c,0x0ac7647c,,unpublished_iq_static_config_candidate,outside public VFE680 top/bus map; semantic IQ name intentionally unresolved,2,"0,1",1,0x000007c2,0,0,0,0
0x5480,0x0ac76480,,unpublished_iq_static_config_candidate,outside public VFE680 top/bus map; semantic IQ name intentionally unresolved,2,"0,1",1,0xc5946e6b,0,0,0,0
0x5484,0x0ac76484,,unpublished_iq_static_config_candidate,outside public VFE680 top/bus map; semantic IQ name intentionally unresolved,2,"0,1",1,0x00000000,0,0,0,0
0x5488,0x0ac76488,,unpublished_iq_static_config_candidate,outside public VFE680 top/bus map; semantic IQ name intentionally unresolved,2,"0,1",1,0x001a89e8,0,0,0,0
0x548c,0x0ac7648c,,unpublished_iq_static_config_candidate,outside public VFE680 top/bus map; semantic IQ name intentionally unresolved,2,"0,1",1,0x00000000,0,0,0,0
0x5490,0x0ac76490,,unpublished_iq_static_config_candidate,outside public VFE680 top/bus map; semantic IQ name intentionally unresolved,2,"0,1",1,0x001a89e8,0,0,0,0
0x5494,0x0ac76494,,unpublished_iq_static_config_candidate,outside public VFE680 top/bus map; semantic IQ name intentionally unresolved,2,"0,1",1,0x000007a1,0,0,0,0
0x5498,0x0ac76498,,unpublished_iq_static_config_candidate,outside public VFE680 top/bus map; semantic IQ name intentionally unresolved,2,"0,1",1,0x00000415,0,0,0,0
0x549c,0x0ac7649c,,unpublished_iq_static_config_candidate,outside public VFE680 top/bus map; semantic IQ name intentionally unresolved,2,"0,1",1,0x0000000a,0,0,0,0
0x54a0,0x0ac764a0,,unpublished_iq_static_config_candidate,outside public VFE680 top/bus map; semantic IQ name intentionally unresolved,2,"0,1",1,0x0000000b,0,0,0,0
0x54a4,0x0ac764a4,,unpublished_iq_static_config_candidate,outside public VFE680 top/bus map; semantic IQ name intentionally unresolved,2,"0,1",1,0x00000001,0,0,0,0
0x54a8,0x0ac764a8,,unpublished_iq_static_config_candidate,outside public VFE680 top/bus map; semantic IQ name intentionally unresolved,2,"0,1",1,0x00000000,0,0,0,0
0x54ac,0x0ac764ac,,unpublished_iq_static_config_candidate,outside public VFE680 top/bus map; semantic IQ name intentionally unresolved,2,"0,1",1,0x00000000,0,0,0,0
0x5660,0x0ac76660,,unpublished_iq_static_config_candidate,outside public VFE680 top/bus map; semantic IQ name intentionally unresolved,3,"0,1,2",1,0x00004001,0,0,0,0
0x5668,0x0ac76668,,unpublished_iq_static_config_candidate,outside public VFE680 top/bus map; semantic IQ name intentionally unresolved,3,"0,1,2",1,0x00000000,0,0,0,0
0x566c,0x0ac7666c,,unpublished_iq_static_config_candidate,outside public VFE680 top/bus map; semantic IQ name intentionally unresolved,3,"0,1,2",1,0x00000080,0,0,0,0
0x5670,0x0ac76670,,unpublished_iq_static_config_candidate,outside public VFE680 top/bus map; semantic IQ name intentionally unresolved,3,"0,1,2",1,0x01000000,0,0,0,0
0x5674,0x0ac76674,,unpublished_iq_static_config_candidate,outside public VFE680 top/bus map; semantic IQ name intentionally unresolved,3,"0,1,2",1,0x00000066,0,0,0,0
0x5860,0x0ac76860,,unpublished_iq_static_config_candidate,outside public VFE680 top/bus map; semantic IQ name intentionally unresolved,2,"0,1",1,0x00000001,0,0,0,0
0x5868,0x0ac76868,,unpublished_iq_static_config_candidate,outside public VFE680 top/bus map; semantic IQ name intentionally unresolved,2,"0,1",1,0x00000080,0,0,0,0
0x586c,0x0ac7686c,,unpublished_iq_static_config_candidate,outside public VFE680 top/bus map; semantic IQ name intentionally unresolved,2,"0,1",1,0x00000000,0,0,0,0
0x5870,0x0ac76870,,unpublished_iq_static_config_candidate,outside public VFE680 top/bus map; semantic IQ name intentionally unresolved,2,"0,1",1,0x00800000,0,0,0,0
0x5874,0x0ac76874,,unpublished_iq_static_config_candidate,outside public VFE680 top/bus map; semantic IQ name intentionally unresolved,2,"0,1",1,0x00000000,0,0,0,0
0x5878,0x0ac76878,,unpublished_iq_static_config_candidate,outside public VFE680 top/bus map; semantic IQ name intentionally unresolved,2,"0,1",1,0x00000000,0,0,0,0
0x587c,0x0ac7687c,,unpublished_iq_static_config_candidate,outside public VFE680 top/bus map; semantic IQ name intentionally unresolved,2,"0,1",1,0x00000080,0,0,0,0
0x5880,0x0ac76880,,unpublished_iq_static_config_candidate,outside public VFE680 top/bus map; semantic IQ name intentionally unresolved,2,"0,1",1,0x00000000,0,0,0,0
0x5884,0x0ac76884,,unpublished_iq_static_config_candidate,outside public VFE680 top/bus map; semantic IQ name intentionally unresolved,2,"0,1",1,0x00000000,0,0,0,0
0x5888,0x0ac76888,,unpublished_iq_static_config_candidate,outside public VFE680 top/bus map; semantic IQ name intentionally unresolved,2,"0,1",1,0x00000000,0,0,0,0
0x588c,0x0ac7688c,,unpublished_iq_static_config_candidate,outside public VFE680 top/bus map; semantic IQ name intentionally unresolved,2,"0,1",1,0x00000000,0,0,0,0
0x5a58,0x0ac76a58,,dmi_associated_phase_variant_control,"exactly DMI register +0x50/+0x54, 0/1-valued per startup packet; semantics intentionally unresolved",4,"0,1,2,3",2,0x00000000;0x00000001,0,0,1,1
0x5a5c,0x0ac76a5c,,dmi_associated_phase_variant_control,"exactly DMI register +0x50/+0x54, 0/1-valued per startup packet; semantics intentionally unresolved",4,"0,1,2,3",2,0x00000000;0x00000001,0,0,1,1
0x5a60,0x0ac76a60,,unpublished_iq_static_config_candidate,outside public VFE680 top/bus map; semantic IQ name intentionally unresolved,4,"0,1,2,3",1,0x00000001,0,0,0,0
0x5a64,0x0ac76a64,,unpublished_iq_static_config_candidate,outside public VFE680 top/bus map; semantic IQ name intentionally unresolved,4,"0,1,2,3",1,0x00000010,0,0,0,0
0x5a68,0x0ac76a68,,unpublished_iq_static_config_candidate,outside public VFE680 top/bus map; semantic IQ name intentionally unresolved,4,"0,1,2,3",1,0x00000020,0,0,0,0
0x5a6c,0x0ac76a6c,,unpublished_iq_static_config_candidate,outside public VFE680 top/bus map; semantic IQ name intentionally unresolved,4,"0,1,2,3",1,0x00000010,0,0,0,0
0x5a70,0x0ac76a70,,unpublished_iq_static_config_candidate,outside public VFE680 top/bus map; semantic IQ name intentionally unresolved,4,"0,1,2,3",1,0x00000000,0,0,0,0
0x5a74,0x0ac76a74,,unpublished_iq_static_config_candidate,outside public VFE680 top/bus map; semantic IQ name intentionally unresolved,4,"0,1,2,3",1,0x00000000,0,0,0,0
0x5a78,0x0ac76a78,,unpublished_iq_static_config_candidate,outside public VFE680 top/bus map; semantic IQ name intentionally unresolved,4,"0,1,2,3",1,0x00000001,0,0,0,0
0x5a7c,0x0ac76a7c,,unpublished_iq_static_config_candidate,outside public VFE680 top/bus map; semantic IQ name intentionally unresolved,4,"0,1,2,3",1,0x00000001,0,0,0,0
0x5a80,0x0ac76a80,,unpublished_iq_static_config_candidate,outside public VFE680 top/bus map; semantic IQ name intentionally unresolved,4,"0,1,2,3",1,0x00000001,0,0,0,0
0x5a84,0x0ac76a84,,unpublished_iq_static_config_candidate,outside public VFE680 top/bus map; semantic IQ name intentionally unresolved,4,"0,1,2,3",1,0x00000002,0,0,0,0
0x5a88,0x0ac76a88,,unpublished_iq_static_config_candidate,outside public VFE680 top/bus map; semantic IQ name intentionally unresolved,4,"0,1,2,3",1,0x00000003,0,0,0,0
0x5a8c,0x0ac76a8c,,unpublished_iq_static_config_candidate,outside public VFE680 top/bus map; semantic IQ name intentionally unresolved,4,"0,1,2,3",1,0x00000004,0,0,0,0
0x5a90,0x0ac76a90,,unpublished_iq_static_config_candidate,outside public VFE680 top/bus map; semantic IQ name intentionally unresolved,4,"0,1,2,3",1,0x00000005,0,0,0,0
0x5a94,0x0ac76a94,,unpublished_iq_static_config_candidate,outside public VFE680 top/bus map; semantic IQ name intentionally unresolved,4,"0,1,2,3",1,0x00000007,0,0,0,0
0x5a98,0x0ac76a98,,unpublished_iq_static_config_candidate,outside public VFE680 top/bus map; semantic IQ name intentionally unresolved,4,"0,1,2,3",1,0x00000008,0,0,0,0
0x5a9c,0x0ac76a9c,,unpublished_iq_static_config_candidate,outside public VFE680 top/bus map; semantic IQ name intentionally unresolved,4,"0,1,2,3",1,0x0000000a,0,0,0,0
0x5aa0,0x0ac76aa0,,unpublished_iq_static_config_candidate,outside public VFE680 top/bus map; semantic IQ name intentionally unresolved,4,"0,1,2,3",1,0x0000000c,0,0,0,0
0x5aa4,0x0ac76aa4,,unpublished_iq_static_config_candidate,outside public VFE680 top/bus map; semantic IQ name intentionally unresolved,4,"0,1,2,3",1,0x0000000f,0,0,0,0
0x5aa8,0x0ac76aa8,,unpublished_iq_static_config_candidate,outside public VFE680 top/bus map; semantic IQ name intentionally unresolved,4,"0,1,2,3",1,0x00000011,0,0,0,0
0x5aac,0x0ac76aac,,unpublished_iq_static_config_candidate,outside public VFE680 top/bus map; semantic IQ name intentionally unresolved,4,"0,1,2,3",1,0x00000014,0,0,0,0
0x5ab0,0x0ac76ab0,,unpublished_iq_static_config_candidate,outside public VFE680 top/bus map; semantic IQ name intentionally unresolved,4,"0,1,2,3",1,0x00000016,0,0,0,0
0x5ab4,0x0ac76ab4,,unpublished_iq_static_config_candidate,outside public VFE680 top/bus map; semantic IQ name intentionally unresolved,4,"0,1,2,3",1,0x00000019,0,0,0,0
0x5ab8,0x0ac76ab8,,unpublished_iq_static_config_candidate,outside public VFE680 top/bus map; semantic IQ name intentionally unresolved,4,"0,1,2,3",1,0x0000001c,0,0,0,0
0x5abc,0x0ac76abc,,unpublished_iq_static_config_candidate,outside public VFE680 top/bus map; semantic IQ name intentionally unresolved,4,"0,1,2,3",1,0x00000020,0,0,0,0
0x5ac0,0x0ac76ac0,,unpublished_iq_static_config_candidate,outside public VFE680 top/bus map; semantic IQ name intentionally unresolved,4,"0,1,2,3",1,0x00000023,0,0,0,0
0x5ac4,0x0ac76ac4,,unpublished_iq_static_config_candidate,outside public VFE680 top/bus map; semantic IQ name intentionally unresolved,4,"0,1,2,3",1,0x00000027,0,0,0,0
0x5ac8,0x0ac76ac8,,unpublished_iq_static_config_candidate,outside public VFE680 top/bus map; semantic IQ name intentionally unresolved,4,"0,1,2,3",1,0x0000002a,0,0,0,0
0x5acc,0x0ac76acc,,unpublished_iq_static_config_candidate,outside public VFE680 top/bus map; semantic IQ name intentionally unresolved,4,"0,1,2,3",1,0x0000002e,0,0,0,0
0x5ad0,0x0ac76ad0,,unpublished_iq_static_config_candidate,outside public VFE680 top/bus map; semantic IQ name intentionally unresolved,4,"0,1,2,3",1,0x00000032,0,0,0,0
0x5ad4,0x0ac76ad4,,unpublished_iq_static_config_candidate,outside public VFE680 top/bus map; semantic IQ name intentionally unresolved,4,"0,1,2,3",1,0x00000036,0,0,0,0
0x5ad8,0x0ac76ad8,,unpublished_iq_static_config_candidate,outside public VFE680 top/bus map; semantic IQ name intentionally unresolved,4,"0,1,2,3",1,0x0000003b,0,0,0,0
0x5adc,0x0ac76adc,,unpublished_iq_static_config_candidate,outside public VFE680 top/bus map; semantic IQ name intentionally unresolved,4,"0,1,2,3",1,0x0000003f,0,0,0,0
0x5ae0,0x0ac76ae0,,unpublished_iq_static_config_candidate,outside public VFE680 top/bus map; semantic IQ name intentionally unresolved,4,"0,1,2,3",1,0x00000044,0,0,0,0
0x5ae4,0x0ac76ae4,,unpublished_iq_static_config_candidate,outside public VFE680 top/bus map; semantic IQ name intentionally unresolved,4,"0,1,2,3",1,0x00000048,0,0,0,0
0x5ae8,0x0ac76ae8,,unpublished_iq_static_config_candidate,outside public VFE680 top/bus map; semantic IQ name intentionally unresolved,4,"0,1,2,3",1,0x0000004d,0,0,0,0
0x5aec,0x0ac76aec,,unpublished_iq_static_config_candidate,outside public VFE680 top/bus map; semantic IQ name intentionally unresolved,4,"0,1,2,3",1,0x00000052,0,0,0,0
0x5af0,0x0ac76af0,,unpublished_iq_static_config_candidate,outside public VFE680 top/bus map; semantic IQ name intentionally unresolved,4,"0,1,2,3",1,0x00000057,0,0,0,0
0x5af4,0x0ac76af4,,unpublished_iq_static_config_candidate,outside public VFE680 top/bus map; semantic IQ name intentionally unresolved,4,"0,1,2,3",1,0x0000005c,0,0,0,0
0x5af8,0x0ac76af8,,unpublished_iq_static_config_candidate,outside public VFE680 top/bus map; semantic IQ name intentionally unresolved,4,"0,1,2,3",1,0x00000062,0,0,0,0
0x5afc,0x0ac76afc,,unpublished_iq_static_config_candidate,outside public VFE680 top/bus map; semantic IQ name intentionally unresolved,4,"0,1,2,3",1,0x00000067,0,0,0,0
0x5b00,0x0ac76b00,,unpublished_iq_static_config_candidate,outside public VFE680 top/bus map; semantic IQ name intentionally unresolved,4,"0,1,2,3",1,0x0000006d,0,0,0,0
0x5b04,0x0ac76b04,,unpublished_iq_static_config_candidate,outside public VFE680 top/bus map; semantic IQ name intentionally unresolved,4,"0,1,2,3",1,0x00000073,0,0,0,0
0x5b08,0x0ac76b08,,unpublished_iq_static_config_candidate,outside public VFE680 top/bus map; semantic IQ name intentionally unresolved,4,"0,1,2,3",1,0x00000078,0,0,0,0
0x5b0c,0x0ac76b0c,,unpublished_iq_static_config_candidate,outside public VFE680 top/bus map; semantic IQ name intentionally unresolved,4,"0,1,2,3",1,0x0000007e,0,0,0,0
0x5b10,0x0ac76b10,,unpublished_iq_static_config_candidate,outside public VFE680 top/bus map; semantic IQ name intentionally unresolved,4,"0,1,2,3",1,0x00000085,0,0,0,0
0x5b14,0x0ac76b14,,unpublished_iq_static_config_candidate,outside public VFE680 top/bus map; semantic IQ name intentionally unresolved,4,"0,1,2,3",1,0x0000008b,0,0,0,0
0x5b18,0x0ac76b18,,unpublished_iq_static_config_candidate,outside public VFE680 top/bus map; semantic IQ name intentionally unresolved,4,"0,1,2,3",1,0x00000091,0,0,0,0
0x5b1c,0x0ac76b1c,,unpublished_iq_static_config_candidate,outside public VFE680 top/bus map; semantic IQ name intentionally unresolved,4,"0,1,2,3",1,0x00000098,0,0,0,0
0x5b20,0x0ac76b20,,unpublished_iq_static_config_candidate,outside public VFE680 top/bus map; semantic IQ name intentionally unresolved,4,"0,1,2,3",1,0x0000009e,0,0,0,0
0x5b24,0x0ac76b24,,unpublished_iq_static_config_candidate,outside public VFE680 top/bus map; semantic IQ name intentionally unresolved,4,"0,1,2,3",1,0x000000a5,0,0,0,0
0x5b28,0x0ac76b28,,unpublished_iq_static_config_candidate,outside public VFE680 top/bus map; semantic IQ name intentionally unresolved,4,"0,1,2,3",1,0x000000ac,0,0,0,0
0x5b2c,0x0ac76b2c,,unpublished_iq_static_config_candidate,outside public VFE680 top/bus map; semantic IQ name intentionally unresolved,4,"0,1,2,3",1,0x000000b3,0,0,0,0
0x5b30,0x0ac76b30,,unpublished_iq_static_config_candidate,outside public VFE680 top/bus map; semantic IQ name intentionally unresolved,4,"0,1,2,3",1,0x000000ba,0,0,0,0
0x5b34,0x0ac76b34,,unpublished_iq_static_config_candidate,outside public VFE680 top/bus map; semantic IQ name intentionally unresolved,4,"0,1,2,3",1,0x000000c1,0,0,0,0
0x5b38,0x0ac76b38,,unpublished_iq_static_config_candidate,outside public VFE680 top/bus map; semantic IQ name intentionally unresolved,4,"0,1,2,3",1,0x000000c9,0,0,0,0
0x5b3c,0x0ac76b3c,,unpublished_iq_static_config_candidate,outside public VFE680 top/bus map; semantic IQ name intentionally unresolved,4,"0,1,2,3",1,0x000000d0,0,0,0,0
0x5b40,0x0ac76b40,,unpublished_iq_static_config_candidate,outside public VFE680 top/bus map; semantic IQ name intentionally unresolved,4,"0,1,2,3",1,0x000000d8,0,0,0,0
0x5b44,0x0ac76b44,,unpublished_iq_static_config_candidate,outside public VFE680 top/bus map; semantic IQ name intentionally unresolved,4,"0,1,2,3",1,0x000000e0,0,0,0,0
0x5b48,0x0ac76b48,,unpublished_iq_static_config_candidate,outside public VFE680 top/bus map; semantic IQ name intentionally unresolved,4,"0,1,2,3",1,0x000000e7,0,0,0,0
0x5b4c,0x0ac76b4c,,unpublished_iq_static_config_candidate,outside public VFE680 top/bus map; semantic IQ name intentionally unresolved,4,"0,1,2,3",1,0x000000ef,0,0,0,0
0x5b50,0x0ac76b50,,unpublished_iq_static_config_candidate,outside public VFE680 top/bus map; semantic IQ name intentionally unresolved,4,"0,1,2,3",1,0x000000f8,0,0,0,0
0x5b54,0x0ac76b54,,unpublished_iq_static_config_candidate,outside public VFE680 top/bus map; semantic IQ name intentionally unresolved,4,"0,1,2,3",1,0x00000100,0,0,0,0
0x5b58,0x0ac76b58,,unpublished_iq_static_config_candidate,outside public VFE680 top/bus map; semantic IQ name intentionally unresolved,4,"0,1,2,3",1,0x00000108,0,0,0,0
0x5b5c,0x0ac76b5c,,unpublished_iq_static_config_candidate,outside public VFE680 top/bus map; semantic IQ name intentionally unresolved,4,"0,1,2,3",1,0x00000111,0,0,0,0
0x5b60,0x0ac76b60,,unpublished_iq_static_config_candidate,outside public VFE680 top/bus map; semantic IQ name intentionally unresolved,4,"0,1,2,3",1,0x00000119,0,0,0,0
0x5b64,0x0ac76b64,,unpublished_iq_static_config_candidate,outside public VFE680 top/bus map; semantic IQ name intentionally unresolved,4,"0,1,2,3",1,0x00000122,0,0,0,0
0x5b68,0x0ac76b68,,unpublished_iq_static_config_candidate,outside public VFE680 top/bus map; semantic IQ name intentionally unresolved,4,"0,1,2,3",1,0x0000012b,0,0,0,0
0x5b6c,0x0ac76b6c,,unpublished_iq_static_config_candidate,outside public VFE680 top/bus map; semantic IQ name intentionally unresolved,4,"0,1,2,3",1,0x00000134,0,0,0,0
0x5b70,0x0ac76b70,,unpublished_iq_static_config_candidate,outside public VFE680 top/bus map; semantic IQ name intentionally unresolved,4,"0,1,2,3",1,0x0000013d,0,0,0,0
0x5b74,0x0ac76b74,,unpublished_iq_static_config_candidate,outside public VFE680 top/bus map; semantic IQ name intentionally unresolved,4,"0,1,2,3",1,0x00000147,0,0,0,0
0x5b78,0x0ac76b78,,unpublished_iq_static_config_candidate,outside public VFE680 top/bus map; semantic IQ name intentionally unresolved,4,"0,1,2,3",1,0x00000150,0,0,0,0
0x5b7c,0x0ac76b7c,,unpublished_iq_static_config_candidate,outside public VFE680 top/bus map; semantic IQ name intentionally unresolved,4,"0,1,2,3",1,0x0000015a,0,0,0,0
0x5b80,0x0ac76b80,,unpublished_iq_static_config_candidate,outside public VFE680 top/bus map; semantic IQ name intentionally unresolved,4,"0,1,2,3",1,0x00000164,0,0,0,0
0x5b84,0x0ac76b84,,unpublished_iq_static_config_candidate,outside public VFE680 top/bus map; semantic IQ name intentionally unresolved,4,"0,1,2,3",1,0x0000016e,0,0,0,0
0x5b88,0x0ac76b88,,unpublished_iq_static_config_candidate,outside public VFE680 top/bus map; semantic IQ name intentionally unresolved,4,"0,1,2,3",1,0x00000178,0,0,0,0
0x5b8c,0x0ac76b8c,,unpublished_iq_static_config_candidate,outside public VFE680 top/bus map; semantic IQ name intentionally unresolved,4,"0,1,2,3",1,0x00000182,0,0,0,0
0x5b90,0x0ac76b90,,unpublished_iq_static_config_candidate,outside public VFE680 top/bus map; semantic IQ name intentionally unresolved,4,"0,1,2,3",1,0x0000018c,0,0,0,0
0x5b94,0x0ac76b94,,unpublished_iq_static_config_candidate,outside public VFE680 top/bus map; semantic IQ name intentionally unresolved,4,"0,1,2,3",1,0x00000197,0,0,0,0
0x5b98,0x0ac76b98,,unpublished_iq_static_config_candidate,outside public VFE680 top/bus map; semantic IQ name intentionally unresolved,4,"0,1,2,3",1,0x000001a1,0,0,0,0
0x5b9c,0x0ac76b9c,,unpublished_iq_static_config_candidate,outside public VFE680 top/bus map; semantic IQ name intentionally unresolved,4,"0,1,2,3",1,0x000001ac,0,0,0,0
0x5ba0,0x0ac76ba0,,unpublished_iq_static_config_candidate,outside public VFE680 top/bus map; semantic IQ name intentionally unresolved,4,"0,1,2,3",1,0x000001b7,0,0,0,0
0x5ba4,0x0ac76ba4,,unpublished_iq_static_config_candidate,outside public VFE680 top/bus map; semantic IQ name intentionally unresolved,4,"0,1,2,3",1,0x000001c2,0,0,0,0
0x5ba8,0x0ac76ba8,,unpublished_iq_static_config_candidate,outside public VFE680 top/bus map; semantic IQ name intentionally unresolved,4,"0,1,2,3",1,0x000001ce,0,0,0,0
0x5bac,0x0ac76bac,,unpublished_iq_static_config_candidate,outside public VFE680 top/bus map; semantic IQ name intentionally unresolved,4,"0,1,2,3",1,0x000001d9,0,0,0,0
0x5bb0,0x0ac76bb0,,unpublished_iq_static_config_candidate,outside public VFE680 top/bus map; semantic IQ name intentionally unresolved,4,"0,1,2,3",1,0x000001e5,0,0,0,0
0x5bb4,0x0ac76bb4,,unpublished_iq_static_config_candidate,outside public VFE680 top/bus map; semantic IQ name intentionally unresolved,4,"0,1,2,3",1,0x000001f0,0,0,0,0
0x5bb8,0x0ac76bb8,,unpublished_iq_static_config_candidate,outside public VFE680 top/bus map; semantic IQ name intentionally unresolved,4,"0,1,2,3",1,0x000001fc,0,0,0,0
0x5bbc,0x0ac76bbc,,unpublished_iq_static_config_candidate,outside public VFE680 top/bus map; semantic IQ name intentionally unresolved,4,"0,1,2,3",1,0x00000208,0,0,0,0
0x5bc0,0x0ac76bc0,,unpublished_iq_static_config_candidate,outside public VFE680 top/bus map; semantic IQ name intentionally unresolved,4,"0,1,2,3",1,0x00000215,0,0,0,0
0x5bc4,0x0ac76bc4,,unpublished_iq_static_config_candidate,outside public VFE680 top/bus map; semantic IQ name intentionally unresolved,4,"0,1,2,3",1,0x00000221,0,0,0,0
0x5bc8,0x0ac76bc8,,unpublished_iq_static_config_candidate,outside public VFE680 top/bus map; semantic IQ name intentionally unresolved,4,"0,1,2,3",1,0x0000022e,0,0,0,0
0x5bcc,0x0ac76bcc,,unpublished_iq_static_config_candidate,outside public VFE680 top/bus map; semantic IQ name intentionally unresolved,4,"0,1,2,3",1,0x0000023b,0,0,0,0
0x5bd0,0x0ac76bd0,,unpublished_iq_static_config_candidate,outside public VFE680 top/bus map; semantic IQ name intentionally unresolved,4,"0,1,2,3",1,0x00000248,0,0,0,0
0x5bd4,0x0ac76bd4,,unpublished_iq_static_config_candidate,outside public VFE680 top/bus map; semantic IQ name intentionally unresolved,4,"0,1,2,3",1,0x00000255,0,0,0,0
0x5bd8,0x0ac76bd8,,unpublished_iq_static_config_candidate,outside public VFE680 top/bus map; semantic IQ name intentionally unresolved,4,"0,1,2,3",1,0x00000262,0,0,0,0
0x5bdc,0x0ac76bdc,,unpublished_iq_static_config_candidate,outside public VFE680 top/bus map; semantic IQ name intentionally unresolved,4,"0,1,2,3",1,0x00000270,0,0,0,0
0x5be0,0x0ac76be0,,unpublished_iq_static_config_candidate,outside public VFE680 top/bus map; semantic IQ name intentionally unresolved,4,"0,1,2,3",1,0x0000027e,0,0,0,0
0x5be4,0x0ac76be4,,unpublished_iq_static_config_candidate,outside public VFE680 top/bus map; semantic IQ name intentionally unresolved,4,"0,1,2,3",1,0x0000028c,0,0,0,0
0x5be8,0x0ac76be8,,unpublished_iq_static_config_candidate,outside public VFE680 top/bus map; semantic IQ name intentionally unresolved,4,"0,1,2,3",1,0x0000029a,0,0,0,0
0x5bec,0x0ac76bec,,unpublished_iq_static_config_candidate,outside public VFE680 top/bus map; semantic IQ name intentionally unresolved,4,"0,1,2,3",1,0x000002a8,0,0,0,0
0x5bf0,0x0ac76bf0,,unpublished_iq_static_config_candidate,outside public VFE680 top/bus map; semantic IQ name intentionally unresolved,4,"0,1,2,3",1,0x000002b7,0,0,0,0
0x5bf4,0x0ac76bf4,,unpublished_iq_static_config_candidate,outside public VFE680 top/bus map; semantic IQ name intentionally unresolved,4,"0,1,2,3",1,0x000002c6,0,0,0,0
0x5bf8,0x0ac76bf8,,unpublished_iq_static_config_candidate,outside public VFE680 top/bus map; semantic IQ name intentionally unresolved,4,"0,1,2,3",1,0x000002d5,0,0,0,0
0x5bfc,0x0ac76bfc,,unpublished_iq_static_config_candidate,outside public VFE680 top/bus map; semantic IQ name intentionally unresolved,4,"0,1,2,3",1,0x000002e4,0,0,0,0
0x5c00,0x0ac76c00,,unpublished_iq_static_config_candidate,outside public VFE680 top/bus map; semantic IQ name intentionally unresolved,4,"0,1,2,3",1,0x000002f4,0,0,0,0
0x5c04,0x0ac76c04,,unpublished_iq_static_config_candidate,outside public VFE680 top/bus map; semantic IQ name intentionally unresolved,4,"0,1,2,3",1,0x00000303,0,0,0,0
0x5c08,0x0ac76c08,,unpublished_iq_static_config_candidate,outside public VFE680 top/bus map; semantic IQ name intentionally unresolved,4,"0,1,2,3",1,0x00000313,0,0,0,0
0x5c0c,0x0ac76c0c,,unpublished_iq_static_config_candidate,outside public VFE680 top/bus map; semantic IQ name intentionally unresolved,4,"0,1,2,3",1,0x00000324,0,0,0,0
0x5c10,0x0ac76c10,,unpublished_iq_static_config_candidate,outside public VFE680 top/bus map; semantic IQ name intentionally unresolved,4,"0,1,2,3",1,0x00000334,0,0,0,0
0x5c14,0x0ac76c14,,unpublished_iq_static_config_candidate,outside public VFE680 top/bus map; semantic IQ name intentionally unresolved,4,"0,1,2,3",1,0x00000345,0,0,0,0
0x5c18,0x0ac76c18,,unpublished_iq_static_config_candidate,outside public VFE680 top/bus map; semantic IQ name intentionally unresolved,4,"0,1,2,3",1,0x00000356,0,0,0,0
0x5c1c,0x0ac76c1c,,unpublished_iq_static_config_candidate,outside public VFE680 top/bus map; semantic IQ name intentionally unresolved,4,"0,1,2,3",1,0x00000367,0,0,0,0
0x5c20,0x0ac76c20,,unpublished_iq_static_config_candidate,outside public VFE680 top/bus map; semantic IQ name intentionally unresolved,4,"0,1,2,3",1,0x00000379,0,0,0,0
0x5c24,0x0ac76c24,,unpublished_iq_static_config_candidate,outside public VFE680 top/bus map; semantic IQ name intentionally unresolved,4,"0,1,2,3",1,0x0000038a,0,0,0,0
0x5c28,0x0ac76c28,,unpublished_iq_static_config_candidate,outside public VFE680 top/bus map; semantic IQ name intentionally unresolved,4,"0,1,2,3",1,0x0000039c,0,0,0,0
0x5c2c,0x0ac76c2c,,unpublished_iq_static_config_candidate,outside public VFE680 top/bus map; semantic IQ name intentionally unresolved,4,"0,1,2,3",1,0x000003af,0,0,0,0
0x5c30,0x0ac76c30,,unpublished_iq_static_config_candidate,outside public VFE680 top/bus map; semantic IQ name intentionally unresolved,4,"0,1,2,3",1,0x000003c1,0,0,0,0
0x5c34,0x0ac76c34,,unpublished_iq_static_config_candidate,outside public VFE680 top/bus map; semantic IQ name intentionally unresolved,4,"0,1,2,3",1,0x000003d4,0,0,0,0
0x5c38,0x0ac76c38,,unpublished_iq_static_config_candidate,outside public VFE680 top/bus map; semantic IQ name intentionally unresolved,4,"0,1,2,3",1,0x000003e7,0,0,0,0
0x5c3c,0x0ac76c3c,,unpublished_iq_static_config_candidate,outside public VFE680 top/bus map; semantic IQ name intentionally unresolved,4,"0,1,2,3",1,0x000003fb,0,0,0,0
0x5c40,0x0ac76c40,,unpublished_iq_static_config_candidate,outside public VFE680 top/bus map; semantic IQ name intentionally unresolved,4,"0,1,2,3",1,0x0000040f,0,0,0,0
0x5c44,0x0ac76c44,,unpublished_iq_static_config_candidate,outside public VFE680 top/bus map; semantic IQ name intentionally unresolved,4,"0,1,2,3",1,0x00000423,0,0,0,0
0x5c48,0x0ac76c48,,unpublished_iq_static_config_candidate,outside public VFE680 top/bus map; semantic IQ name intentionally unresolved,4,"0,1,2,3",1,0x00000437,0,0,0,0
0x5c4c,0x0ac76c4c,,unpublished_iq_static_config_candidate,outside public VFE680 top/bus map; semantic IQ name intentionally unresolved,4,"0,1,2,3",1,0x0000044c,0,0,0,0
0x5c50,0x0ac76c50,,unpublished_iq_static_config_candidate,outside public VFE680 top/bus map; semantic IQ name intentionally unresolved,4,"0,1,2,3",1,0x00000461,0,0,0,0
0x5c54,0x0ac76c54,,unpublished_iq_static_config_candidate,outside public VFE680 top/bus map; semantic IQ name intentionally unresolved,4,"0,1,2,3",1,0x00000476,0,0,0,0
0x5c58,0x0ac76c58,,unpublished_iq_static_config_candidate,outside public VFE680 top/bus map; semantic IQ name intentionally unresolved,4,"0,1,2,3",1,0x0000048c,0,0,0,0
0x5c5c,0x0ac76c5c,,unpublished_iq_static_config_candidate,outside public VFE680 top/bus map; semantic IQ name intentionally unresolved,4,"0,1,2,3",1,0x000004a2,0,0,0,0
0x5c60,0x0ac76c60,,unpublished_iq_static_config_candidate,outside public VFE680 top/bus map; semantic IQ name intentionally unresolved,4,"0,1,2,3",1,0x000004b8,0,0,0,0
0x5c64,0x0ac76c64,,unpublished_iq_static_config_candidate,outside public VFE680 top/bus map; semantic IQ name intentionally unresolved,4,"0,1,2,3",1,0x000004cf,0,0,0,0
0x5c68,0x0ac76c68,,unpublished_iq_static_config_candidate,outside public VFE680 top/bus map; semantic IQ name intentionally unresolved,4,"0,1,2,3",1,0x000004e7,0,0,0,0
0x5c6c,0x0ac76c6c,,unpublished_iq_static_config_candidate,outside public VFE680 top/bus map; semantic IQ name intentionally unresolved,4,"0,1,2,3",1,0x000004fe,0,0,0,0
0x5c70,0x0ac76c70,,unpublished_iq_static_config_candidate,outside public VFE680 top/bus map; semantic IQ name intentionally unresolved,4,"0,1,2,3",1,0x00000516,0,0,0,0
0x5c74,0x0ac76c74,,unpublished_iq_static_config_candidate,outside public VFE680 top/bus map; semantic IQ name intentionally unresolved,4,"0,1,2,3",1,0x0000052e,0,0,0,0
0x5c78,0x0ac76c78,,unpublished_iq_static_config_candidate,outside public VFE680 top/bus map; semantic IQ name intentionally unresolved,4,"0,1,2,3",1,0x00000547,0,0,0,0
0x5c7c,0x0ac76c7c,,unpublished_iq_static_config_candidate,outside public VFE680 top/bus map; semantic IQ name intentionally unresolved,4,"0,1,2,3",1,0x00000560,0,0,0,0
0x5c80,0x0ac76c80,,unpublished_iq_static_config_candidate,outside public VFE680 top/bus map; semantic IQ name intentionally unresolved,4,"0,1,2,3",1,0x0000057a,0,0,0,0
0x5c84,0x0ac76c84,,unpublished_iq_static_config_candidate,outside public VFE680 top/bus map; semantic IQ name intentionally unresolved,4,"0,1,2,3",1,0x00000594,0,0,0,0
0x5c88,0x0ac76c88,,unpublished_iq_static_config_candidate,outside public VFE680 top/bus map; semantic IQ name intentionally unresolved,4,"0,1,2,3",1,0x000005ae,0,0,0,0
0x5c8c,0x0ac76c8c,,unpublished_iq_static_config_candidate,outside public VFE680 top/bus map; semantic IQ name intentionally unresolved,4,"0,1,2,3",1,0x000005c9,0,0,0,0
0x5c90,0x0ac76c90,,unpublished_iq_static_config_candidate,outside public VFE680 top/bus map; semantic IQ name intentionally unresolved,4,"0,1,2,3",1,0x000005e5,0,0,0,0
0x5c94,0x0ac76c94,,unpublished_iq_static_config_candidate,outside public VFE680 top/bus map; semantic IQ name intentionally unresolved,4,"0,1,2,3",1,0x00000600,0,0,0,0
0x5c98,0x0ac76c98,,unpublished_iq_static_config_candidate,outside public VFE680 top/bus map; semantic IQ name intentionally unresolved,4,"0,1,2,3",1,0x0000061d,0,0,0,0
0x5c9c,0x0ac76c9c,,unpublished_iq_static_config_candidate,outside public VFE680 top/bus map; semantic IQ name intentionally unresolved,4,"0,1,2,3",1,0x0000063a,0,0,0,0
0x5ca0,0x0ac76ca0,,unpublished_iq_static_config_candidate,outside public VFE680 top/bus map; semantic IQ name intentionally unresolved,4,"0,1,2,3",1,0x00000657,0,0,0,0
0x5ca4,0x0ac76ca4,,unpublished_iq_static_config_candidate,outside public VFE680 top/bus map; semantic IQ name intentionally unresolved,4,"0,1,2,3",1,0x00000675,0,0,0,0
0x5ca8,0x0ac76ca8,,unpublished_iq_static_config_candidate,outside public VFE680 top/bus map; semantic IQ name intentionally unresolved,4,"0,1,2,3",1,0x00000693,0,0,0,0
0x5cac,0x0ac76cac,,unpublished_iq_static_config_candidate,outside public VFE680 top/bus map; semantic IQ name intentionally unresolved,4,"0,1,2,3",1,0x000006b2,0,0,0,0
0x5cb0,0x0ac76cb0,,unpublished_iq_static_config_candidate,outside public VFE680 top/bus map; semantic IQ name intentionally unresolved,4,"0,1,2,3",1,0x000006d1,0,0,0,0
0x5cb4,0x0ac76cb4,,unpublished_iq_static_config_candidate,outside public VFE680 top/bus map; semantic IQ name intentionally unresolved,4,"0,1,2,3",1,0x000006f1,0,0,0,0
0x5cb8,0x0ac76cb8,,unpublished_iq_static_config_candidate,outside public VFE680 top/bus map; semantic IQ name intentionally unresolved,4,"0,1,2,3",1,0x00000712,0,0,0,0
0x5cbc,0x0ac76cbc,,unpublished_iq_static_config_candidate,outside public VFE680 top/bus map; semantic IQ name intentionally unresolved,4,"0,1,2,3",1,0x00000733,0,0,0,0
0x5cc0,0x0ac76cc0,,unpublished_iq_static_config_candidate,outside public VFE680 top/bus map; semantic IQ name intentionally unresolved,4,"0,1,2,3",1,0x00000754,0,0,0,0
0x5cc4,0x0ac76cc4,,unpublished_iq_static_config_candidate,outside public VFE680 top/bus map; semantic IQ name intentionally unresolved,4,"0,1,2,3",1,0x00000777,0,0,0,0
0x5cc8,0x0ac76cc8,,unpublished_iq_static_config_candidate,outside public VFE680 top/bus map; semantic IQ name intentionally unresolved,4,"0,1,2,3",1,0x0000079a,0,0,0,0
0x5ccc,0x0ac76ccc,,unpublished_iq_static_config_candidate,outside public VFE680 top/bus map; semantic IQ name intentionally unresolved,4,"0,1,2,3",1,0x000007bd,0,0,0,0
0x5cd0,0x0ac76cd0,,unpublished_iq_static_config_candidate,outside public VFE680 top/bus map; semantic IQ name intentionally unresolved,4,"0,1,2,3",1,0x000007e1,0,0,0,0
0x5cd4,0x0ac76cd4,,unpublished_iq_static_config_candidate,outside public VFE680 top/bus map; semantic IQ name intentionally unresolved,4,"0,1,2,3",1,0x00000806,0,0,0,0
0x5cd8,0x0ac76cd8,,unpublished_iq_static_config_candidate,outside public VFE680 top/bus map; semantic IQ name intentionally unresolved,4,"0,1,2,3",1,0x0000082c,0,0,0,0
0x5cdc,0x0ac76cdc,,unpublished_iq_static_config_candidate,outside public VFE680 top/bus map; semantic IQ name intentionally unresolved,4,"0,1,2,3",1,0x00000852,0,0,0,0
0x5ce0,0x0ac76ce0,,unpublished_iq_static_config_candidate,outside public VFE680 top/bus map; semantic IQ name intentionally unresolved,4,"0,1,2,3",1,0x00000879,0,0,0,0
0x5ce4,0x0ac76ce4,,unpublished_iq_static_config_candidate,outside public VFE680 top/bus map; semantic IQ name intentionally unresolved,4,"0,1,2,3",1,0x000008a0,0,0,0,0
0x5ce8,0x0ac76ce8,,unpublished_iq_static_config_candidate,outside public VFE680 top/bus map; semantic IQ name intentionally unresolved,4,"0,1,2,3",1,0x000008c9,0,0,0,0
0x5cec,0x0ac76cec,,unpublished_iq_static_config_candidate,outside public VFE680 top/bus map; semantic IQ name intentionally unresolved,4,"0,1,2,3",1,0x000008f2,0,0,0,0
0x5cf0,0x0ac76cf0,,unpublished_iq_static_config_candidate,outside public VFE680 top/bus map; semantic IQ name intentionally unresolved,4,"0,1,2,3",1,0x0000091c,0,0,0,0
0x5cf4,0x0ac76cf4,,unpublished_iq_static_config_candidate,outside public VFE680 top/bus map; semantic IQ name intentionally unresolved,4,"0,1,2,3",1,0x00000946,0,0,0,0
0x5cf8,0x0ac76cf8,,unpublished_iq_static_config_candidate,outside public VFE680 top/bus map; semantic IQ name intentionally unresolved,4,"0,1,2,3",1,0x00000972,0,0,0,0
0x5cfc,0x0ac76cfc,,unpublished_iq_static_config_candidate,outside public VFE680 top/bus map; semantic IQ name intentionally unresolved,4,"0,1,2,3",1,0x0000099e,0,0,0,0
0x5d00,0x0ac76d00,,unpublished_iq_static_config_candidate,outside public VFE680 top/bus map; semantic IQ name intentionally unresolved,4,"0,1,2,3",1,0x000009cb,0,0,0,0
0x5d04,0x0ac76d04,,unpublished_iq_static_config_candidate,outside public VFE680 top/bus map; semantic IQ name intentionally unresolved,4,"0,1,2,3",1,0x000009f9,0,0,0,0
0x5d08,0x0ac76d08,,unpublished_iq_static_config_candidate,outside public VFE680 top/bus map; semantic IQ name intentionally unresolved,4,"0,1,2,3",1,0x00000a28,0,0,0,0
0x5d0c,0x0ac76d0c,,unpublished_iq_static_config_candidate,outside public VFE680 top/bus map; semantic IQ name intentionally unresolved,4,"0,1,2,3",1,0x00000a58,0,0,0,0
0x5d10,0x0ac76d10,,unpublished_iq_static_config_candidate,outside public VFE680 top/bus map; semantic IQ name intentionally unresolved,4,"0,1,2,3",1,0x00000a89,0,0,0,0
0x5d14,0x0ac76d14,,unpublished_iq_static_config_candidate,outside public VFE680 top/bus map; semantic IQ name intentionally unresolved,4,"0,1,2,3",1,0x00000aba,0,0,0,0
0x5d18,0x0ac76d18,,unpublished_iq_static_config_candidate,outside public VFE680 top/bus map; semantic IQ name intentionally unresolved,4,"0,1,2,3",1,0x00000aed,0,0,0,0
0x5d1c,0x0ac76d1c,,unpublished_iq_static_config_candidate,outside public VFE680 top/bus map; semantic IQ name intentionally unresolved,4,"0,1,2,3",1,0x00000b20,0,0,0,0
0x5d20,0x0ac76d20,,unpublished_iq_static_config_candidate,outside public VFE680 top/bus map; semantic IQ name intentionally unresolved,4,"0,1,2,3",1,0x00000b55,0,0,0,0
0x5d24,0x0ac76d24,,unpublished_iq_static_config_candidate,outside public VFE680 top/bus map; semantic IQ name intentionally unresolved,4,"0,1,2,3",1,0x00000b8b,0,0,0,0
0x5d28,0x0ac76d28,,unpublished_iq_static_config_candidate,outside public VFE680 top/bus map; semantic IQ name intentionally unresolved,4,"0,1,2,3",1,0x00000bc2,0,0,0,0
0x5d2c,0x0ac76d2c,,unpublished_iq_static_config_candidate,outside public VFE680 top/bus map; semantic IQ name intentionally unresolved,4,"0,1,2,3",1,0x00000bf9,0,0,0,0
0x5d30,0x0ac76d30,,unpublished_iq_static_config_candidate,outside public VFE680 top/bus map; semantic IQ name intentionally unresolved,4,"0,1,2,3",1,0x00000c32,0,0,0,0
0x5d34,0x0ac76d34,,unpublished_iq_static_config_candidate,outside public VFE680 top/bus map; semantic IQ name intentionally unresolved,4,"0,1,2,3",1,0x00000c6c,0,0,0,0
0x5d38,0x0ac76d38,,unpublished_iq_static_config_candidate,outside public VFE680 top/bus map; semantic IQ name intentionally unresolved,4,"0,1,2,3",1,0x00000ca8,0,0,0,0
0x5d3c,0x0ac76d3c,,unpublished_iq_static_config_candidate,outside public VFE680 top/bus map; semantic IQ name intentionally unresolved,4,"0,1,2,3",1,0x00000ce4,0,0,0,0
0x5d40,0x0ac76d40,,unpublished_iq_static_config_candidate,outside public VFE680 top/bus map; semantic IQ name intentionally unresolved,4,"0,1,2,3",1,0x00000d22,0,0,0,0
0x5d44,0x0ac76d44,,unpublished_iq_static_config_candidate,outside public VFE680 top/bus map; semantic IQ name intentionally unresolved,4,"0,1,2,3",1,0x00000d61,0,0,0,0
0x5d48,0x0ac76d48,,unpublished_iq_static_config_candidate,outside public VFE680 top/bus map; semantic IQ name intentionally unresolved,4,"0,1,2,3",1,0x00000da1,0,0,0,0
0x5d4c,0x0ac76d4c,,unpublished_iq_static_config_candidate,outside public VFE680 top/bus map; semantic IQ name intentionally unresolved,4,"0,1,2,3",1,0x00000de3,0,0,0,0
0x5d50,0x0ac76d50,,unpublished_iq_static_config_candidate,outside public VFE680 top/bus map; semantic IQ name intentionally unresolved,4,"0,1,2,3",1,0x00000e26,0,0,0,0
0x5d54,0x0ac76d54,,unpublished_iq_static_config_candidate,outside public VFE680 top/bus map; semantic IQ name intentionally unresolved,4,"0,1,2,3",1,0x00000e6a,0,0,0,0
0x5d58,0x0ac76d58,,unpublished_iq_static_config_candidate,outside public VFE680 top/bus map; semantic IQ name intentionally unresolved,4,"0,1,2,3",1,0x00000eb0,0,0,0,0
0x5d5c,0x0ac76d5c,,unpublished_iq_static_config_candidate,outside public VFE680 top/bus map; semantic IQ name intentionally unresolved,4,"0,1,2,3",1,0x00000ef7,0,0,0,0
0x5d60,0x0ac76d60,,unpublished_iq_static_config_candidate,outside public VFE680 top/bus map; semantic IQ name intentionally unresolved,4,"0,1,2,3",1,0x00000f40,0,0,0,0
0x5d64,0x0ac76d64,,unpublished_iq_static_config_candidate,outside public VFE680 top/bus map; semantic IQ name intentionally unresolved,4,"0,1,2,3",1,0x00000f8a,0,0,0,0
0x5d68,0x0ac76d68,,unpublished_iq_static_config_candidate,outside public VFE680 top/bus map; semantic IQ name intentionally unresolved,4,"0,1,2,3",1,0x00000fd6,0,0,0,0
0x5d6c,0x0ac76d6c,,unpublished_iq_static_config_candidate,outside public VFE680 top/bus map; semantic IQ name intentionally unresolved,4,"0,1,2,3",1,0x00001023,0,0,0,0
0x5d70,0x0ac76d70,,unpublished_iq_static_config_candidate,outside public VFE680 top/bus map; semantic IQ name intentionally unresolved,4,"0,1,2,3",1,0x00001072,0,0,0,0
0x5d74,0x0ac76d74,,unpublished_iq_static_config_candidate,outside public VFE680 top/bus map; semantic IQ name intentionally unresolved,4,"0,1,2,3",1,0x000010c3,0,0,0,0
0x5d78,0x0ac76d78,,unpublished_iq_static_config_candidate,outside public VFE680 top/bus map; semantic IQ name intentionally unresolved,4,"0,1,2,3",1,0x00001115,0,0,0,0
0x5d7c,0x0ac76d7c,,unpublished_iq_static_config_candidate,outside public VFE680 top/bus map; semantic IQ name intentionally unresolved,4,"0,1,2,3",1,0x0000116a,0,0,0,0
0x5d80,0x0ac76d80,,unpublished_iq_static_config_candidate,outside public VFE680 top/bus map; semantic IQ name intentionally unresolved,4,"0,1,2,3",1,0x000011c0,0,0,0,0
0x5d84,0x0ac76d84,,unpublished_iq_static_config_candidate,outside public VFE680 top/bus map; semantic IQ name intentionally unresolved,4,"0,1,2,3",1,0x00001218,0,0,0,0
0x5d88,0x0ac76d88,,unpublished_iq_static_config_candidate,outside public VFE680 top/bus map; semantic IQ name intentionally unresolved,4,"0,1,2,3",1,0x00001272,0,0,0,0
0x5d8c,0x0ac76d8c,,unpublished_iq_static_config_candidate,outside public VFE680 top/bus map; semantic IQ name intentionally unresolved,4,"0,1,2,3",1,0x000012ce,0,0,0,0
0x5d90,0x0ac76d90,,unpublished_iq_static_config_candidate,outside public VFE680 top/bus map; semantic IQ name intentionally unresolved,4,"0,1,2,3",1,0x0000132b,0,0,0,0
0x5d94,0x0ac76d94,,unpublished_iq_static_config_candidate,outside public VFE680 top/bus map; semantic IQ name intentionally unresolved,4,"0,1,2,3",1,0x0000138b,0,0,0,0
0x5d98,0x0ac76d98,,unpublished_iq_static_config_candidate,outside public VFE680 top/bus map; semantic IQ name intentionally unresolved,4,"0,1,2,3",1,0x000013ee,0,0,0,0
0x5d9c,0x0ac76d9c,,unpublished_iq_static_config_candidate,outside public VFE680 top/bus map; semantic IQ name intentionally unresolved,4,"0,1,2,3",1,0x00001452,0,0,0,0
0x5da0,0x0ac76da0,,unpublished_iq_static_config_candidate,outside public VFE680 top/bus map; semantic IQ name intentionally unresolved,4,"0,1,2,3",1,0x000014b8,0,0,0,0
0x5da4,0x0ac76da4,,unpublished_iq_static_config_candidate,outside public VFE680 top/bus map; semantic IQ name intentionally unresolved,4,"0,1,2,3",1,0x00001521,0,0,0,0
0x5da8,0x0ac76da8,,unpublished_iq_static_config_candidate,outside public VFE680 top/bus map; semantic IQ name intentionally unresolved,4,"0,1,2,3",1,0x0000158c,0,0,0,0
0x5dac,0x0ac76dac,,unpublished_iq_static_config_candidate,outside public VFE680 top/bus map; semantic IQ name intentionally unresolved,4,"0,1,2,3",1,0x000015fa,0,0,0,0
0x5db0,0x0ac76db0,,unpublished_iq_static_config_candidate,outside public VFE680 top/bus map; semantic IQ name intentionally unresolved,4,"0,1,2,3",1,0x0000166a,0,0,0,0
0x5db4,0x0ac76db4,,unpublished_iq_static_config_candidate,outside public VFE680 top/bus map; semantic IQ name intentionally unresolved,4,"0,1,2,3",1,0x000016dd,0,0,0,0
0x5db8,0x0ac76db8,,unpublished_iq_static_config_candidate,outside public VFE680 top/bus map; semantic IQ name intentionally unresolved,4,"0,1,2,3",1,0x00001752,0,0,0,0
0x5dbc,0x0ac76dbc,,unpublished_iq_static_config_candidate,outside public VFE680 top/bus map; semantic IQ name intentionally unresolved,4,"0,1,2,3",1,0x000017ca,0,0,0,0
0x5dc0,0x0ac76dc0,,unpublished_iq_static_config_candidate,outside public VFE680 top/bus map; semantic IQ name intentionally unresolved,4,"0,1,2,3",1,0x00001845,0,0,0,0
0x5dc4,0x0ac76dc4,,unpublished_iq_static_config_candidate,outside public VFE680 top/bus map; semantic IQ name intentionally unresolved,4,"0,1,2,3",1,0x000018c2,0,0,0,0
0x5dc8,0x0ac76dc8,,unpublished_iq_static_config_candidate,outside public VFE680 top/bus map; semantic IQ name intentionally unresolved,4,"0,1,2,3",1,0x00001943,0,0,0,0
0x5dcc,0x0ac76dcc,,unpublished_iq_static_config_candidate,outside public VFE680 top/bus map; semantic IQ name intentionally unresolved,4,"0,1,2,3",1,0x000019c6,0,0,0,0
0x5dd0,0x0ac76dd0,,unpublished_iq_static_config_candidate,outside public VFE680 top/bus map; semantic IQ name intentionally unresolved,4,"0,1,2,3",1,0x00001a4d,0,0,0,0
0x5dd4,0x0ac76dd4,,unpublished_iq_static_config_candidate,outside public VFE680 top/bus map; semantic IQ name intentionally unresolved,4,"0,1,2,3",1,0x00001ad7,0,0,0,0
0x5dd8,0x0ac76dd8,,unpublished_iq_static_config_candidate,outside public VFE680 top/bus map; semantic IQ name intentionally unresolved,4,"0,1,2,3",1,0x00001b64,0,0,0,0
0x5ddc,0x0ac76ddc,,unpublished_iq_static_config_candidate,outside public VFE680 top/bus map; semantic IQ name intentionally unresolved,4,"0,1,2,3",1,0x00001bf4,0,0,0,0
0x5de0,0x0ac76de0,,unpublished_iq_static_config_candidate,outside public VFE680 top/bus map; semantic IQ name intentionally unresolved,4,"0,1,2,3",1,0x00001c88,0,0,0,0
0x5de4,0x0ac76de4,,unpublished_iq_static_config_candidate,outside public VFE680 top/bus map; semantic IQ name intentionally unresolved,4,"0,1,2,3",1,0x00001d1f,0,0,0,0
0x5de8,0x0ac76de8,,unpublished_iq_static_config_candidate,outside public VFE680 top/bus map; semantic IQ name intentionally unresolved,4,"0,1,2,3",1,0x00001dba,0,0,0,0
0x5dec,0x0ac76dec,,unpublished_iq_static_config_candidate,outside public VFE680 top/bus map; semantic IQ name intentionally unresolved,4,"0,1,2,3",1,0x00001e59,0,0,0,0
0x5df0,0x0ac76df0,,unpublished_iq_static_config_candidate,outside public VFE680 top/bus map; semantic IQ name intentionally unresolved,4,"0,1,2,3",1,0x00001efb,0,0,0,0
0x5df4,0x0ac76df4,,unpublished_iq_static_config_candidate,outside public VFE680 top/bus map; semantic IQ name intentionally unresolved,4,"0,1,2,3",1,0x00001fa2,0,0,0,0
0x5df8,0x0ac76df8,,unpublished_iq_static_config_candidate,outside public VFE680 top/bus map; semantic IQ name intentionally unresolved,4,"0,1,2,3",1,0x0000204c,0,0,0,0
0x5dfc,0x0ac76dfc,,unpublished_iq_static_config_candidate,outside public VFE680 top/bus map; semantic IQ name intentionally unresolved,4,"0,1,2,3",1,0x000020fb,0,0,0,0
0x5e00,0x0ac76e00,,unpublished_iq_static_config_candidate,outside public VFE680 top/bus map; semantic IQ name intentionally unresolved,4,"0,1,2,3",1,0x000021ae,0,0,0,0
0x5e04,0x0ac76e04,,unpublished_iq_static_config_candidate,outside public VFE680 top/bus map; semantic IQ name intentionally unresolved,4,"0,1,2,3",1,0x00002265,0,0,0,0
0x5e08,0x0ac76e08,,unpublished_iq_static_config_candidate,outside public VFE680 top/bus map; semantic IQ name intentionally unresolved,4,"0,1,2,3",1,0x00002321,0,0,0,0
0x5e0c,0x0ac76e0c,,unpublished_iq_static_config_candidate,outside public VFE680 top/bus map; semantic IQ name intentionally unresolved,4,"0,1,2,3",1,0x000023e2,0,0,0,0
0x5e10,0x0ac76e10,,unpublished_iq_static_config_candidate,outside public VFE680 top/bus map; semantic IQ name intentionally unresolved,4,"0,1,2,3",1,0x000024a7,0,0,0,0
0x5e14,0x0ac76e14,,unpublished_iq_static_config_candidate,outside public VFE680 top/bus map; semantic IQ name intentionally unresolved,4,"0,1,2,3",1,0x00002572,0,0,0,0
0x5e18,0x0ac76e18,,unpublished_iq_static_config_candidate,outside public VFE680 top/bus map; semantic IQ name intentionally unresolved,4,"0,1,2,3",1,0x00002641,0,0,0,0
0x5e1c,0x0ac76e1c,,unpublished_iq_static_config_candidate,outside public VFE680 top/bus map; semantic IQ name intentionally unresolved,4,"0,1,2,3",1,0x00002716,0,0,0,0
0x5e20,0x0ac76e20,,unpublished_iq_static_config_candidate,outside public VFE680 top/bus map; semantic IQ name intentionally unresolved,4,"0,1,2,3",1,0x000027f0,0,0,0,0
0x5e24,0x0ac76e24,,unpublished_iq_static_config_candidate,outside public VFE680 top/bus map; semantic IQ name intentionally unresolved,4,"0,1,2,3",1,0x000028d0,0,0,0,0
0x5e28,0x0ac76e28,,unpublished_iq_static_config_candidate,outside public VFE680 top/bus map; semantic IQ name intentionally unresolved,4,"0,1,2,3",1,0x000029b5,0,0,0,0
0x5e2c,0x0ac76e2c,,unpublished_iq_static_config_candidate,outside public VFE680 top/bus map; semantic IQ name intentionally unresolved,4,"0,1,2,3",1,0x00002aa0,0,0,0,0
0x5e30,0x0ac76e30,,unpublished_iq_static_config_candidate,outside public VFE680 top/bus map; semantic IQ name intentionally unresolved,4,"0,1,2,3",1,0x00002b92,0,0,0,0
0x5e34,0x0ac76e34,,unpublished_iq_static_config_candidate,outside public VFE680 top/bus map; semantic IQ name intentionally unresolved,4,"0,1,2,3",1,0x00002c89,0,0,0,0
0x5e38,0x0ac76e38,,unpublished_iq_static_config_candidate,outside public VFE680 top/bus map; semantic IQ name intentionally unresolved,4,"0,1,2,3",1,0x00002d87,0,0,0,0
0x5e3c,0x0ac76e3c,,unpublished_iq_static_config_candidate,outside public VFE680 top/bus map; semantic IQ name intentionally unresolved,4,"0,1,2,3",1,0x00002e8c,0,0,0,0
0x5e40,0x0ac76e40,,unpublished_iq_static_config_candidate,outside public VFE680 top/bus map; semantic IQ name intentionally unresolved,4,"0,1,2,3",1,0x00002f97,0,0,0,0
0x5e44,0x0ac76e44,,unpublished_iq_static_config_candidate,outside public VFE680 top/bus map; semantic IQ name intentionally unresolved,4,"0,1,2,3",1,0x000030aa,0,0,0,0
0x5e48,0x0ac76e48,,unpublished_iq_static_config_candidate,outside public VFE680 top/bus map; semantic IQ name intentionally unresolved,4,"0,1,2,3",1,0x000031c3,0,0,0,0
0x5e4c,0x0ac76e4c,,unpublished_iq_static_config_candidate,outside public VFE680 top/bus map; semantic IQ name intentionally unresolved,4,"0,1,2,3",1,0x000032e4,0,0,0,0
0x5e50,0x0ac76e50,,unpublished_iq_static_config_candidate,outside public VFE680 top/bus map; semantic IQ name intentionally unresolved,4,"0,1,2,3",1,0x0000340d,0,0,0,0
0x5e54,0x0ac76e54,,unpublished_iq_static_config_candidate,outside public VFE680 top/bus map; semantic IQ name intentionally unresolved,4,"0,1,2,3",1,0x0000353e,0,0,0,0
0x5e58,0x0ac76e58,,unpublished_iq_static_config_candidate,outside public VFE680 top/bus map; semantic IQ name intentionally unresolved,4,"0,1,2,3",1,0x00003677,0,0,0,0
0x5e5c,0x0ac76e5c,,unpublished_iq_static_config_candidate,outside public VFE680 top/bus map; semantic IQ name intentionally unresolved,4,"0,1,2,3",1,0x000037b8,0,0,0,0
0x5e60,0x0ac76e60,,unpublished_iq_static_config_candidate,outside public VFE680 top/bus map; semantic IQ name intentionally unresolved,4,"0,1,2,3",1,0x00003902,0,0,0,0
0x5e64,0x0ac76e64,,unpublished_iq_static_config_candidate,outside public VFE680 top/bus map; semantic IQ name intentionally unresolved,4,"0,1,2,3",1,0x00003a55,0,0,0,0
0x5e68,0x0ac76e68,,unpublished_iq_static_config_candidate,outside public VFE680 top/bus map; semantic IQ name intentionally unresolved,4,"0,1,2,3",1,0x00003bb1,0,0,0,0
0x5e6c,0x0ac76e6c,,unpublished_iq_static_config_candidate,outside public VFE680 top/bus map; semantic IQ name intentionally unresolved,4,"0,1,2,3",1,0x00003d17,0,0,0,0
0x5e70,0x0ac76e70,,unpublished_iq_static_config_candidate,outside public VFE680 top/bus map; semantic IQ name intentionally unresolved,4,"0,1,2,3",1,0x00003e86,0,0,0,0
0x5f58,0x0ac76f58,,dmi_associated_phase_variant_control,"exactly DMI register +0x50/+0x54, 0/1-valued per startup packet; semantics intentionally unresolved",2,"0,1",2,0x00000000;0x00000001,0,0,1,1
0x5f5c,0x0ac76f5c,,dmi_associated_phase_variant_control,"exactly DMI register +0x50/+0x54, 0/1-valued per startup packet; semantics intentionally unresolved",2,"0,1",2,0x00000000;0x00000001,0,0,1,1
0x5f60,0x0ac76f60,,unpublished_iq_static_config_candidate,outside public VFE680 top/bus map; semantic IQ name intentionally unresolved,2,"0,1",1,0x00000001,0,0,0,0
0x6160,0x0ac77160,,unpublished_iq_static_config_candidate,outside public VFE680 top/bus map; semantic IQ name intentionally unresolved,2,"0,1",1,0x00000001,0,0,0,0
0x6168,0x0ac77168,,unpublished_iq_static_config_candidate,outside public VFE680 top/bus map; semantic IQ name intentionally unresolved,2,"0,1",1,0x00750259,0,0,0,0
0x616c,0x0ac7716c,,unpublished_iq_static_config_candidate,outside public VFE680 top/bus map; semantic IQ name intentionally unresolved,2,"0,1",1,0x00000132,0,0,0,0
0x6170,0x0ac77170,,unpublished_iq_static_config_candidate,outside public VFE680 top/bus map; semantic IQ name intentionally unresolved,2,"0,1",1,0x00000000,0,0,0,0
0x6174,0x0ac77174,,unpublished_iq_static_config_candidate,outside public VFE680 top/bus map; semantic IQ name intentionally unresolved,2,"0,1",1,0x00000000,0,0,0,0
0x6178,0x0ac77178,,unpublished_iq_static_config_candidate,outside public VFE680 top/bus map; semantic IQ name intentionally unresolved,2,"0,1",1,0x00000000,0,0,0,0
0x617c,0x0ac7717c,,unpublished_iq_static_config_candidate,outside public VFE680 top/bus map; semantic IQ name intentionally unresolved,2,"0,1",1,0xfff00000,0,0,0,0
0x6180,0x0ac77180,,unpublished_iq_static_config_candidate,outside public VFE680 top/bus map; semantic IQ name intentionally unresolved,2,"0,1",1,0x01fe1eae,0,0,0,0
0x6184,0x0ac77184,,unpublished_iq_static_config_candidate,outside public VFE680 top/bus map; semantic IQ name intentionally unresolved,2,"0,1",1,0x00001f54,0,0,0,0
0x6188,0x0ac77188,,unpublished_iq_static_config_candidate,outside public VFE680 top/bus map; semantic IQ name intentionally unresolved,2,"0,1",1,0x40000000,0,0,0,0
0x618c,0x0ac7718c,,unpublished_iq_static_config_candidate,outside public VFE680 top/bus map; semantic IQ name intentionally unresolved,2,"0,1",1,0x00000000,0,0,0,0
0x6190,0x0ac77190,,unpublished_iq_static_config_candidate,outside public VFE680 top/bus map; semantic IQ name intentionally unresolved,2,"0,1",1,0x00000000,0,0,0,0
0x6194,0x0ac77194,,unpublished_iq_static_config_candidate,outside public VFE680 top/bus map; semantic IQ name intentionally unresolved,2,"0,1",1,0xfff00000,0,0,0,0
0x6198,0x0ac77198,,unpublished_iq_static_config_candidate,outside public VFE680 top/bus map; semantic IQ name intentionally unresolved,2,"0,1",1,0x1fad1e55,0,0,0,0
0x619c,0x0ac7719c,,unpublished_iq_static_config_candidate,outside public VFE680 top/bus map; semantic IQ name intentionally unresolved,2,"0,1",1,0x000001fe,0,0,0,0
0x61a0,0x0ac771a0,,unpublished_iq_static_config_candidate,outside public VFE680 top/bus map; semantic IQ name intentionally unresolved,2,"0,1",1,0x40000000,0,0,0,0
0x61a4,0x0ac771a4,,unpublished_iq_static_config_candidate,outside public VFE680 top/bus map; semantic IQ name intentionally unresolved,2,"0,1",1,0x00000000,0,0,0,0
0x61a8,0x0ac771a8,,unpublished_iq_static_config_candidate,outside public VFE680 top/bus map; semantic IQ name intentionally unresolved,2,"0,1",1,0x00000000,0,0,0,0
0x61ac,0x0ac771ac,,unpublished_iq_static_config_candidate,outside public VFE680 top/bus map; semantic IQ name intentionally unresolved,2,"0,1",1,0xfff00000,0,0,0,0
0x6360,0x0ac77360,,unpublished_iq_static_config_candidate,outside public VFE680 top/bus map; semantic IQ name intentionally unresolved,1,0,1,0x00000000,0,0,0,0
0x9860,0x0ac7a860,,unpublished_iq_static_config_candidate,outside public VFE680 top/bus map; semantic IQ name intentionally unresolved,2,"0,1",1,0x00000001,0,0,0,0
0x9864,0x0ac7a864,,unpublished_iq_static_config_candidate,outside public VFE680 top/bus map; semantic IQ name intentionally unresolved,2,"0,1",1,0x00000600,0,0,0,0
0x9868,0x0ac7a868,,unpublished_iq_static_config_candidate,outside public VFE680 top/bus map; semantic IQ name intentionally unresolved,2,"0,1",1,0x0eff086f,0,0,0,0
0x986c,0x0ac7a86c,,unpublished_iq_static_config_candidate,outside public VFE680 top/bus map; semantic IQ name intentionally unresolved,2,"0,1",1,0xc0300000,0,0,0,0
0x9870,0x0ac7a870,,unpublished_iq_static_config_candidate,outside public VFE680 top/bus map; semantic IQ name intentionally unresolved,2,"0,1",1,0x1ff80000,0,0,0,0
0x9874,0x0ac7a874,,unpublished_iq_static_config_candidate,outside public VFE680 top/bus map; semantic IQ name intentionally unresolved,2,"0,1",1,0xc0300000,0,0,0,0
0x9878,0x0ac7a878,,unpublished_iq_static_config_candidate,outside public VFE680 top/bus map; semantic IQ name intentionally unresolved,2,"0,1",1,0x1ff80000,0,0,0,0
0x987c,0x0ac7a87c,,unpublished_iq_static_config_candidate,outside public VFE680 top/bus map; semantic IQ name intentionally unresolved,2,"0,1",1,0x0000086f,0,0,0,0
0x9880,0x0ac7a880,,unpublished_iq_static_config_candidate,outside public VFE680 top/bus map; semantic IQ name intentionally unresolved,2,"0,1",1,0x00000eff,0,0,0,0
0x9884,0x0ac7a884,,unpublished_iq_static_config_candidate,outside public VFE680 top/bus map; semantic IQ name intentionally unresolved,2,"0,1",1,0x00080008,0,0,0,0
0x9a60,0x0ac7aa60,,unpublished_iq_static_config_candidate,outside public VFE680 top/bus map; semantic IQ name intentionally unresolved,2,"0,1",1,0x00000001,0,0,0,0
0x9a64,0x0ac7aa64,,unpublished_iq_static_config_candidate,outside public VFE680 top/bus map; semantic IQ name intentionally unresolved,2,"0,1",1,0x00000600,0,0,0,0
0x9a68,0x0ac7aa68,,unpublished_iq_static_config_candidate,outside public VFE680 top/bus map; semantic IQ name intentionally unresolved,2,"0,1",1,0x0eff086f,0,0,0,0
0x9a6c,0x0ac7aa6c,,unpublished_iq_static_config_candidate,outside public VFE680 top/bus map; semantic IQ name intentionally unresolved,2,"0,1",1,0xc0600000,0,0,0,0
0x9a70,0x0ac7aa70,,unpublished_iq_static_config_candidate,outside public VFE680 top/bus map; semantic IQ name intentionally unresolved,2,"0,1",1,0x00000000,0,0,0,0
0x9a74,0x0ac7aa74,,unpublished_iq_static_config_candidate,outside public VFE680 top/bus map; semantic IQ name intentionally unresolved,2,"0,1",1,0xc0600000,0,0,0,0
0x9a78,0x0ac7aa78,,unpublished_iq_static_config_candidate,outside public VFE680 top/bus map; semantic IQ name intentionally unresolved,2,"0,1",1,0x00000000,0,0,0,0
0x9a7c,0x0ac7aa7c,,unpublished_iq_static_config_candidate,outside public VFE680 top/bus map; semantic IQ name intentionally unresolved,2,"0,1",1,0x0000086f,0,0,0,0
0x9a80,0x0ac7aa80,,unpublished_iq_static_config_candidate,outside public VFE680 top/bus map; semantic IQ name intentionally unresolved,2,"0,1",1,0x00000eff,0,0,0,0
0x9a84,0x0ac7aa84,,unpublished_iq_static_config_candidate,outside public VFE680 top/bus map; semantic IQ name intentionally unresolved,2,"0,1",1,0x00000000,0,0,0,0
0x9c60,0x0ac7ac60,,unpublished_iq_static_config_candidate,outside public VFE680 top/bus map; semantic IQ name intentionally unresolved,2,"0,1",1,0x00000e01,0,0,0,0
0x9c68,0x0ac7ac68,,unpublished_iq_static_config_candidate,outside public VFE680 top/bus map; semantic IQ name intentionally unresolved,2,"0,1",1,0x0000059f,0,0,0,0
0x9c6c,0x0ac7ac6c,,unpublished_iq_static_config_candidate,outside public VFE680 top/bus map; semantic IQ name intentionally unresolved,2,"0,1",1,0x000009ff,0,0,0,0
0x9c70,0x0ac7ac70,,unpublished_iq_static_config_candidate,outside public VFE680 top/bus map; semantic IQ name intentionally unresolved,2,"0,1",1,0x00000000,0,0,0,0
0x9c74,0x0ac7ac74,,unpublished_iq_static_config_candidate,outside public VFE680 top/bus map; semantic IQ name intentionally unresolved,2,"0,1",1,0x00000006,0,0,0,0
0x9c78,0x0ac7ac78,,unpublished_iq_static_config_candidate,outside public VFE680 top/bus map; semantic IQ name intentionally unresolved,2,"0,1",1,0x00000000,0,0,0,0
0x9c7c,0x0ac7ac7c,,unpublished_iq_static_config_candidate,outside public VFE680 top/bus map; semantic IQ name intentionally unresolved,2,"0,1",1,0x00000000,0,0,0,0
0x9c80,0x0ac7ac80,,unpublished_iq_static_config_candidate,outside public VFE680 top/bus map; semantic IQ name intentionally unresolved,2,"0,1",1,0x00000000,0,0,0,0
0x9c84,0x0ac7ac84,,unpublished_iq_static_config_candidate,outside public VFE680 top/bus map; semantic IQ name intentionally unresolved,2,"0,1",1,0x00000000,0,0,0,0
0x9c88,0x0ac7ac88,,unpublished_iq_static_config_candidate,outside public VFE680 top/bus map; semantic IQ name intentionally unresolved,2,"0,1",1,0x000003ff,0,0,0,0
0x9c8c,0x0ac7ac8c,,unpublished_iq_static_config_candidate,outside public VFE680 top/bus map; semantic IQ name intentionally unresolved,2,"0,1",1,0x00000000,0,0,0,0
0x9c90,0x0ac7ac90,,unpublished_iq_static_config_candidate,outside public VFE680 top/bus map; semantic IQ name intentionally unresolved,2,"0,1",1,0x00000000,0,0,0,0
0x9c94,0x0ac7ac94,,unpublished_iq_static_config_candidate,outside public VFE680 top/bus map; semantic IQ name intentionally unresolved,2,"0,1",1,0x00000000,0,0,0,0
0x9e60,0x0ac7ae60,,unpublished_iq_static_config_candidate,outside public VFE680 top/bus map; semantic IQ name intentionally unresolved,2,"0,1",1,0x00003e01,0,0,0,0
0x9e68,0x0ac7ae68,,unpublished_iq_static_config_candidate,outside public VFE680 top/bus map; semantic IQ name intentionally unresolved,2,"0,1",1,0x000002cf,0,0,0,0
0x9e6c,0x0ac7ae6c,,unpublished_iq_static_config_candidate,outside public VFE680 top/bus map; semantic IQ name intentionally unresolved,2,"0,1",1,0x000004ff,0,0,0,0
0x9e70,0x0ac7ae70,,unpublished_iq_static_config_candidate,outside public VFE680 top/bus map; semantic IQ name intentionally unresolved,2,"0,1",1,0x00000000,0,0,0,0
0x9e74,0x0ac7ae74,,unpublished_iq_static_config_candidate,outside public VFE680 top/bus map; semantic IQ name intentionally unresolved,2,"0,1",1,0x00000007,0,0,0,0
0x9e78,0x0ac7ae78,,unpublished_iq_static_config_candidate,outside public VFE680 top/bus map; semantic IQ name intentionally unresolved,2,"0,1",1,0x00000000,0,0,0,0
0x9e7c,0x0ac7ae7c,,unpublished_iq_static_config_candidate,outside public VFE680 top/bus map; semantic IQ name intentionally unresolved,2,"0,1",1,0x00000007,0,0,0,0
0x9e80,0x0ac7ae80,,unpublished_iq_static_config_candidate,outside public VFE680 top/bus map; semantic IQ name intentionally unresolved,2,"0,1",1,0x00000000,0,0,0,0
0x9e84,0x0ac7ae84,,unpublished_iq_static_config_candidate,outside public VFE680 top/bus map; semantic IQ name intentionally unresolved,2,"0,1",1,0x00000000,0,0,0,0
0x9e88,0x0ac7ae88,,unpublished_iq_static_config_candidate,outside public VFE680 top/bus map; semantic IQ name intentionally unresolved,2,"0,1",1,0x000003ff,0,0,0,0
0x9e8c,0x0ac7ae8c,,unpublished_iq_static_config_candidate,outside public VFE680 top/bus map; semantic IQ name intentionally unresolved,2,"0,1",1,0x000003ff,0,0,0,0
0x9e90,0x0ac7ae90,,unpublished_iq_static_config_candidate,outside public VFE680 top/bus map; semantic IQ name intentionally unresolved,2,"0,1",1,0x00000000,0,0,0,0
0x9e94,0x0ac7ae94,,unpublished_iq_static_config_candidate,outside public VFE680 top/bus map; semantic IQ name intentionally unresolved,2,"0,1",1,0x00000000,0,0,0,0
0xa058,0x0ac7b058,,dmi_associated_phase_variant_control,"exactly DMI register +0x50/+0x54, 0/1-valued per startup packet; semantics intentionally unresolved",3,"0,1,2",2,0x00000000;0x00000001,0,0,1,1
0xa05c,0x0ac7b05c,,dmi_associated_phase_variant_control,"exactly DMI register +0x50/+0x54, 0/1-valued per startup packet; semantics intentionally unresolved",3,"0,1,2",2,0x00000000;0x00000001,0,0,1,1
0xa060,0x0ac7b060,,unpublished_iq_static_config_candidate,outside public VFE680 top/bus map; semantic IQ name intentionally unresolved,3,"0,1,2",1,0x00000001,0,0,0,0
0xa064,0x0ac7b064,,unpublished_iq_static_config_candidate,outside public VFE680 top/bus map; semantic IQ name intentionally unresolved,3,"0,1,2",1,0x00000000,0,0,0,0
0xa068,0x0ac7b068,,unpublished_iq_static_config_candidate,outside public VFE680 top/bus map; semantic IQ name intentionally unresolved,3,"0,1,2",1,0x00030000,0,0,0,0
0xa06c,0x0ac7b06c,,unpublished_iq_static_config_candidate,outside public VFE680 top/bus map; semantic IQ name intentionally unresolved,3,"0,1,2",1,0x00030000,0,0,0,0
0xa070,0x0ac7b070,,unpublished_iq_static_config_candidate,outside public VFE680 top/bus map; semantic IQ name intentionally unresolved,3,"0,1,2",1,0x00080000,0,0,0,0
0xa074,0x0ac7b074,,unpublished_iq_static_config_candidate,outside public VFE680 top/bus map; semantic IQ name intentionally unresolved,3,"0,1,2",1,0x00080000,0,0,0,0
0xa078,0x0ac7b078,,unpublished_iq_static_config_candidate,outside public VFE680 top/bus map; semantic IQ name intentionally unresolved,3,"0,1,2",1,0x01680280,0,0,0,0
0xa07c,0x0ac7b07c,,unpublished_iq_static_config_candidate,outside public VFE680 top/bus map; semantic IQ name intentionally unresolved,3,"0,1,2",1,0x05a00a00,0,0,0,0
0xa080,0x0ac7b080,,unpublished_iq_static_config_candidate,outside public VFE680 top/bus map; semantic IQ name intentionally unresolved,3,"0,1,2",1,0x00000000,0,0,0,0
0xa084,0x0ac7b084,,unpublished_iq_static_config_candidate,outside public VFE680 top/bus map; semantic IQ name intentionally unresolved,3,"0,1,2",1,0x00000000,0,0,0,0
0xa088,0x0ac7b088,,unpublished_iq_static_config_candidate,outside public VFE680 top/bus map; semantic IQ name intentionally unresolved,3,"0,1,2",1,0x00000000,0,0,0,0
0xa08c,0x0ac7b08c,,unpublished_iq_static_config_candidate,outside public VFE680 top/bus map; semantic IQ name intentionally unresolved,3,"0,1,2",1,0x00000000,0,0,0,0
0xa090,0x0ac7b090,,unpublished_iq_static_config_candidate,outside public VFE680 top/bus map; semantic IQ name intentionally unresolved,3,"0,1,2",1,0x00000000,0,0,0,0
0xa094,0x0ac7b094,,unpublished_iq_static_config_candidate,outside public VFE680 top/bus map; semantic IQ name intentionally unresolved,3,"0,1,2",1,0x00000000,0,0,0,0
0xa098,0x0ac7b098,,unpublished_iq_static_config_candidate,outside public VFE680 top/bus map; semantic IQ name intentionally unresolved,3,"0,1,2",1,0x00000000,0,0,0,0
0xa09c,0x0ac7b09c,,unpublished_iq_static_config_candidate,outside public VFE680 top/bus map; semantic IQ name intentionally unresolved,3,"0,1,2",1,0x00000000,0,0,0,0
0xa0a0,0x0ac7b0a0,,unpublished_iq_static_config_candidate,outside public VFE680 top/bus map; semantic IQ name intentionally unresolved,3,"0,1,2",1,0x00000000,0,0,0,0
0xa0a4,0x0ac7b0a4,,unpublished_iq_static_config_candidate,outside public VFE680 top/bus map; semantic IQ name intentionally unresolved,3,"0,1,2",1,0x00000000,0,0,0,0
0xa0a8,0x0ac7b0a8,,unpublished_iq_static_config_candidate,outside public VFE680 top/bus map; semantic IQ name intentionally unresolved,3,"0,1,2",1,0x00000000,0,0,0,0
0xa0ac,0x0ac7b0ac,,unpublished_iq_static_config_candidate,outside public VFE680 top/bus map; semantic IQ name intentionally unresolved,3,"0,1,2",1,0x00000000,0,0,0,0
0xa0b0,0x0ac7b0b0,,unpublished_iq_static_config_candidate,outside public VFE680 top/bus map; semantic IQ name intentionally unresolved,3,"0,1,2",1,0x00000000,0,0,0,0
0xa0b4,0x0ac7b0b4,,unpublished_iq_static_config_candidate,outside public VFE680 top/bus map; semantic IQ name intentionally unresolved,3,"0,1,2",1,0x00000000,0,0,0,0
0xa0b8,0x0ac7b0b8,,unpublished_iq_static_config_candidate,outside public VFE680 top/bus map; semantic IQ name intentionally unresolved,3,"0,1,2",1,0x00000000,0,0,0,0
0xa0bc,0x0ac7b0bc,,unpublished_iq_static_config_candidate,outside public VFE680 top/bus map; semantic IQ name intentionally unresolved,3,"0,1,2",1,0x00000000,0,0,0,0
0xa0c0,0x0ac7b0c0,,unpublished_iq_static_config_candidate,outside public VFE680 top/bus map; semantic IQ name intentionally unresolved,3,"0,1,2",1,0x00000000,0,0,0,0
0xa0c4,0x0ac7b0c4,,unpublished_iq_static_config_candidate,outside public VFE680 top/bus map; semantic IQ name intentionally unresolved,3,"0,1,2",1,0x00000000,0,0,0,0
0xa0c8,0x0ac7b0c8,,unpublished_iq_static_config_candidate,outside public VFE680 top/bus map; semantic IQ name intentionally unresolved,3,"0,1,2",1,0x00000000,0,0,0,0
0xa0cc,0x0ac7b0cc,,unpublished_iq_static_config_candidate,outside public VFE680 top/bus map; semantic IQ name intentionally unresolved,3,"0,1,2",1,0x00000000,0,0,0,0
0xa0d0,0x0ac7b0d0,,unpublished_iq_static_config_candidate,outside public VFE680 top/bus map; semantic IQ name intentionally unresolved,3,"0,1,2",1,0x00000000,0,0,0,0
0xa0d4,0x0ac7b0d4,,unpublished_iq_static_config_candidate,outside public VFE680 top/bus map; semantic IQ name intentionally unresolved,3,"0,1,2",1,0x00000000,0,0,0,0
0xa0d8,0x0ac7b0d8,,unpublished_iq_static_config_candidate,outside public VFE680 top/bus map; semantic IQ name intentionally unresolved,3,"0,1,2",1,0x00000000,0,0,0,0
0xa0dc,0x0ac7b0dc,,unpublished_iq_static_config_candidate,outside public VFE680 top/bus map; semantic IQ name intentionally unresolved,3,"0,1,2",1,0x00000000,0,0,0,0
0xa100,0x0ac7b100,,unpublished_iq_static_config_candidate,outside public VFE680 top/bus map; semantic IQ name intentionally unresolved,3,"0,1,2",1,0x00000000,0,0,0,0
0xa104,0x0ac7b104,,unpublished_iq_static_config_candidate,outside public VFE680 top/bus map; semantic IQ name intentionally unresolved,3,"0,1,2",1,0x00000000,0,0,0,0
0xa108,0x0ac7b108,,unpublished_iq_static_config_candidate,outside public VFE680 top/bus map; semantic IQ name intentionally unresolved,3,"0,1,2",1,0x00000000,0,0,0,0
0xa10c,0x0ac7b10c,,unpublished_iq_static_config_candidate,outside public VFE680 top/bus map; semantic IQ name intentionally unresolved,3,"0,1,2",1,0x00000000,0,0,0,0
0xa110,0x0ac7b110,,unpublished_iq_static_config_candidate,outside public VFE680 top/bus map; semantic IQ name intentionally unresolved,3,"0,1,2",1,0x00000000,0,0,0,0
0xa114,0x0ac7b114,,unpublished_iq_static_config_candidate,outside public VFE680 top/bus map; semantic IQ name intentionally unresolved,3,"0,1,2",1,0x00000000,0,0,0,0
0xa118,0x0ac7b118,,unpublished_iq_static_config_candidate,outside public VFE680 top/bus map; semantic IQ name intentionally unresolved,3,"0,1,2",1,0x00000000,0,0,0,0
0xa11c,0x0ac7b11c,,unpublished_iq_static_config_candidate,outside public VFE680 top/bus map; semantic IQ name intentionally unresolved,3,"0,1,2",1,0x00000000,0,0,0,0
0xa120,0x0ac7b120,,unpublished_iq_static_config_candidate,outside public VFE680 top/bus map; semantic IQ name intentionally unresolved,3,"0,1,2",1,0x00000000,0,0,0,0
0xa124,0x0ac7b124,,unpublished_iq_static_config_candidate,outside public VFE680 top/bus map; semantic IQ name intentionally unresolved,3,"0,1,2",1,0x00000000,0,0,0,0
0xa128,0x0ac7b128,,unpublished_iq_static_config_candidate,outside public VFE680 top/bus map; semantic IQ name intentionally unresolved,3,"0,1,2",1,0x00000000,0,0,0,0
0xa12c,0x0ac7b12c,,unpublished_iq_static_config_candidate,outside public VFE680 top/bus map; semantic IQ name intentionally unresolved,3,"0,1,2",1,0x00000000,0,0,0,0
0xa130,0x0ac7b130,,unpublished_iq_static_config_candidate,outside public VFE680 top/bus map; semantic IQ name intentionally unresolved,3,"0,1,2",1,0x00000000,0,0,0,0
0xa134,0x0ac7b134,,unpublished_iq_static_config_candidate,outside public VFE680 top/bus map; semantic IQ name intentionally unresolved,3,"0,1,2",1,0x00000000,0,0,0,0
0xa138,0x0ac7b138,,unpublished_iq_static_config_candidate,outside public VFE680 top/bus map; semantic IQ name intentionally unresolved,3,"0,1,2",1,0x00000000,0,0,0,0
0xa13c,0x0ac7b13c,,unpublished_iq_static_config_candidate,outside public VFE680 top/bus map; semantic IQ name intentionally unresolved,3,"0,1,2",1,0x00000000,0,0,0,0
0xa140,0x0ac7b140,,unpublished_iq_static_config_candidate,outside public VFE680 top/bus map; semantic IQ name intentionally unresolved,3,"0,1,2",1,0x00000000,0,0,0,0
0xa144,0x0ac7b144,,unpublished_iq_static_config_candidate,outside public VFE680 top/bus map; semantic IQ name intentionally unresolved,3,"0,1,2",1,0x00000000,0,0,0,0
0xa148,0x0ac7b148,,unpublished_iq_static_config_candidate,outside public VFE680 top/bus map; semantic IQ name intentionally unresolved,3,"0,1,2",1,0x00000000,0,0,0,0
0xa14c,0x0ac7b14c,,unpublished_iq_static_config_candidate,outside public VFE680 top/bus map; semantic IQ name intentionally unresolved,3,"0,1,2",1,0x00000000,0,0,0,0
0xa150,0x0ac7b150,,unpublished_iq_static_config_candidate,outside public VFE680 top/bus map; semantic IQ name intentionally unresolved,3,"0,1,2",1,0x00000000,0,0,0,0
0xa154,0x0ac7b154,,unpublished_iq_static_config_candidate,outside public VFE680 top/bus map; semantic IQ name intentionally unresolved,3,"0,1,2",1,0x00000000,0,0,0,0
0xa158,0x0ac7b158,,unpublished_iq_static_config_candidate,outside public VFE680 top/bus map; semantic IQ name intentionally unresolved,3,"0,1,2",1,0x00000000,0,0,0,0
0xa15c,0x0ac7b15c,,unpublished_iq_static_config_candidate,outside public VFE680 top/bus map; semantic IQ name intentionally unresolved,3,"0,1,2",1,0x00000000,0,0,0,0
0xa258,0x0ac7b258,,dmi_associated_phase_variant_control,"exactly DMI register +0x50/+0x54, 0/1-valued per startup packet; semantics intentionally unresolved",3,"0,1,2",2,0x00000000;0x00000001,0,0,1,1
0xa25c,0x0ac7b25c,,dmi_associated_phase_variant_control,"exactly DMI register +0x50/+0x54, 0/1-valued per startup packet; semantics intentionally unresolved",3,"0,1,2",2,0x00000000;0x00000001,0,0,1,1
0xa260,0x0ac7b260,,unpublished_iq_static_config_candidate,outside public VFE680 top/bus map; semantic IQ name intentionally unresolved,3,"0,1,2",1,0x00000001,0,0,0,0
0xa264,0x0ac7b264,,unpublished_iq_static_config_candidate,outside public VFE680 top/bus map; semantic IQ name intentionally unresolved,3,"0,1,2",1,0x00000000,0,0,0,0
0xa268,0x0ac7b268,,unpublished_iq_static_config_candidate,outside public VFE680 top/bus map; semantic IQ name intentionally unresolved,3,"0,1,2",1,0x00030000,0,0,0,0
0xa26c,0x0ac7b26c,,unpublished_iq_static_config_candidate,outside public VFE680 top/bus map; semantic IQ name intentionally unresolved,3,"0,1,2",1,0x00030000,0,0,0,0
0xa270,0x0ac7b270,,unpublished_iq_static_config_candidate,outside public VFE680 top/bus map; semantic IQ name intentionally unresolved,3,"0,1,2",1,0x00080000,0,0,0,0
0xa274,0x0ac7b274,,unpublished_iq_static_config_candidate,outside public VFE680 top/bus map; semantic IQ name intentionally unresolved,3,"0,1,2",1,0x00080000,0,0,0,0
0xa278,0x0ac7b278,,unpublished_iq_static_config_candidate,outside public VFE680 top/bus map; semantic IQ name intentionally unresolved,3,"0,1,2",1,0x00b40140,0,0,0,0
0xa27c,0x0ac7b27c,,unpublished_iq_static_config_candidate,outside public VFE680 top/bus map; semantic IQ name intentionally unresolved,3,"0,1,2",1,0x02d00500,0,0,0,0
0xa280,0x0ac7b280,,unpublished_iq_static_config_candidate,outside public VFE680 top/bus map; semantic IQ name intentionally unresolved,3,"0,1,2",1,0x00000000,0,0,0,0
0xa284,0x0ac7b284,,unpublished_iq_static_config_candidate,outside public VFE680 top/bus map; semantic IQ name intentionally unresolved,3,"0,1,2",1,0x00000000,0,0,0,0
0xa288,0x0ac7b288,,unpublished_iq_static_config_candidate,outside public VFE680 top/bus map; semantic IQ name intentionally unresolved,3,"0,1,2",1,0x00000000,0,0,0,0
0xa28c,0x0ac7b28c,,unpublished_iq_static_config_candidate,outside public VFE680 top/bus map; semantic IQ name intentionally unresolved,3,"0,1,2",1,0x00000000,0,0,0,0
0xa290,0x0ac7b290,,unpublished_iq_static_config_candidate,outside public VFE680 top/bus map; semantic IQ name intentionally unresolved,3,"0,1,2",1,0x00000000,0,0,0,0
0xa294,0x0ac7b294,,unpublished_iq_static_config_candidate,outside public VFE680 top/bus map; semantic IQ name intentionally unresolved,3,"0,1,2",1,0x00000000,0,0,0,0
0xa298,0x0ac7b298,,unpublished_iq_static_config_candidate,outside public VFE680 top/bus map; semantic IQ name intentionally unresolved,3,"0,1,2",1,0x00000000,0,0,0,0
0xa2c0,0x0ac7b2c0,,unpublished_iq_static_config_candidate,outside public VFE680 top/bus map; semantic IQ name intentionally unresolved,3,"0,1,2",1,0x00000000,0,0,0,0
0xa2c4,0x0ac7b2c4,,unpublished_iq_static_config_candidate,outside public VFE680 top/bus map; semantic IQ name intentionally unresolved,3,"0,1,2",1,0x00000000,0,0,0,0
0xa2c8,0x0ac7b2c8,,unpublished_iq_static_config_candidate,outside public VFE680 top/bus map; semantic IQ name intentionally unresolved,3,"0,1,2",1,0x00000000,0,0,0,0
0xa2cc,0x0ac7b2cc,,unpublished_iq_static_config_candidate,outside public VFE680 top/bus map; semantic IQ name intentionally unresolved,3,"0,1,2",1,0x00000000,0,0,0,0
0xa2d0,0x0ac7b2d0,,unpublished_iq_static_config_candidate,outside public VFE680 top/bus map; semantic IQ name intentionally unresolved,3,"0,1,2",1,0x00000000,0,0,0,0
0xa2d4,0x0ac7b2d4,,unpublished_iq_static_config_candidate,outside public VFE680 top/bus map; semantic IQ name intentionally unresolved,3,"0,1,2",1,0x00000000,0,0,0,0
0xa2d8,0x0ac7b2d8,,unpublished_iq_static_config_candidate,outside public VFE680 top/bus map; semantic IQ name intentionally unresolved,3,"0,1,2",1,0x00000000,0,0,0,0
0xa2dc,0x0ac7b2dc,,unpublished_iq_static_config_candidate,outside public VFE680 top/bus map; semantic IQ name intentionally unresolved,3,"0,1,2",1,0x00000000,0,0,0,0
0xa2e0,0x0ac7b2e0,,unpublished_iq_static_config_candidate,outside public VFE680 top/bus map; semantic IQ name intentionally unresolved,3,"0,1,2",1,0x00000000,0,0,0,0
0xa460,0x0ac7b460,,unpublished_iq_static_config_candidate,outside public VFE680 top/bus map; semantic IQ name intentionally unresolved,2,"0,1",1,0x00000e01,0,0,0,0
0xa468,0x0ac7b468,,unpublished_iq_static_config_candidate,outside public VFE680 top/bus map; semantic IQ name intentionally unresolved,2,"0,1",1,0x00000167,0,0,0,0
0xa46c,0x0ac7b46c,,unpublished_iq_static_config_candidate,outside public VFE680 top/bus map; semantic IQ name intentionally unresolved,2,"0,1",1,0x0000027f,0,0,0,0
0xa470,0x0ac7b470,,unpublished_iq_static_config_candidate,outside public VFE680 top/bus map; semantic IQ name intentionally unresolved,2,"0,1",1,0x00000000,0,0,0,0
0xa474,0x0ac7b474,,unpublished_iq_static_config_candidate,outside public VFE680 top/bus map; semantic IQ name intentionally unresolved,2,"0,1",1,0x00000006,0,0,0,0
0xa478,0x0ac7b478,,unpublished_iq_static_config_candidate,outside public VFE680 top/bus map; semantic IQ name intentionally unresolved,2,"0,1",1,0x00000000,0,0,0,0
0xa47c,0x0ac7b47c,,unpublished_iq_static_config_candidate,outside public VFE680 top/bus map; semantic IQ name intentionally unresolved,2,"0,1",1,0x00000000,0,0,0,0
0xa480,0x0ac7b480,,unpublished_iq_static_config_candidate,outside public VFE680 top/bus map; semantic IQ name intentionally unresolved,2,"0,1",1,0x00000000,0,0,0,0
0xa484,0x0ac7b484,,unpublished_iq_static_config_candidate,outside public VFE680 top/bus map; semantic IQ name intentionally unresolved,2,"0,1",1,0x00000000,0,0,0,0
0xa488,0x0ac7b488,,unpublished_iq_static_config_candidate,outside public VFE680 top/bus map; semantic IQ name intentionally unresolved,2,"0,1",1,0x000003ff,0,0,0,0
0xa48c,0x0ac7b48c,,unpublished_iq_static_config_candidate,outside public VFE680 top/bus map; semantic IQ name intentionally unresolved,2,"0,1",1,0x00000000,0,0,0,0
0xa490,0x0ac7b490,,unpublished_iq_static_config_candidate,outside public VFE680 top/bus map; semantic IQ name intentionally unresolved,2,"0,1",1,0x00000000,0,0,0,0
0xa494,0x0ac7b494,,unpublished_iq_static_config_candidate,outside public VFE680 top/bus map; semantic IQ name intentionally unresolved,2,"0,1",1,0x00000000,0,0,0,0
0xa660,0x0ac7b660,,unpublished_iq_static_config_candidate,outside public VFE680 top/bus map; semantic IQ name intentionally unresolved,2,"0,1",1,0x00003e01,0,0,0,0
0xa668,0x0ac7b668,,unpublished_iq_static_config_candidate,outside public VFE680 top/bus map; semantic IQ name intentionally unresolved,2,"0,1",1,0x000000b3,0,0,0,0
0xa66c,0x0ac7b66c,,unpublished_iq_static_config_candidate,outside public VFE680 top/bus map; semantic IQ name intentionally unresolved,2,"0,1",1,0x0000013f,0,0,0,0
0xa670,0x0ac7b670,,unpublished_iq_static_config_candidate,outside public VFE680 top/bus map; semantic IQ name intentionally unresolved,2,"0,1",1,0x00000000,0,0,0,0
0xa674,0x0ac7b674,,unpublished_iq_static_config_candidate,outside public VFE680 top/bus map; semantic IQ name intentionally unresolved,2,"0,1",1,0x00000007,0,0,0,0
0xa678,0x0ac7b678,,unpublished_iq_static_config_candidate,outside public VFE680 top/bus map; semantic IQ name intentionally unresolved,2,"0,1",1,0x00000000,0,0,0,0
0xa67c,0x0ac7b67c,,unpublished_iq_static_config_candidate,outside public VFE680 top/bus map; semantic IQ name intentionally unresolved,2,"0,1",1,0x00000007,0,0,0,0
0xa680,0x0ac7b680,,unpublished_iq_static_config_candidate,outside public VFE680 top/bus map; semantic IQ name intentionally unresolved,2,"0,1",1,0x00000000,0,0,0,0
0xa684,0x0ac7b684,,unpublished_iq_static_config_candidate,outside public VFE680 top/bus map; semantic IQ name intentionally unresolved,2,"0,1",1,0x00000000,0,0,0,0
0xa688,0x0ac7b688,,unpublished_iq_static_config_candidate,outside public VFE680 top/bus map; semantic IQ name intentionally unresolved,2,"0,1",1,0x000003ff,0,0,0,0
0xa68c,0x0ac7b68c,,unpublished_iq_static_config_candidate,outside public VFE680 top/bus map; semantic IQ name intentionally unresolved,2,"0,1",1,0x000003ff,0,0,0,0
0xa690,0x0ac7b690,,unpublished_iq_static_config_candidate,outside public VFE680 top/bus map; semantic IQ name intentionally unresolved,2,"0,1",1,0x00000000,0,0,0,0
0xa694,0x0ac7b694,,unpublished_iq_static_config_candidate,outside public VFE680 top/bus map; semantic IQ name intentionally unresolved,2,"0,1",1,0x00000000,0,0,0,0
0xa860,0x0ac7b860,,unpublished_iq_static_config_candidate,outside public VFE680 top/bus map; semantic IQ name intentionally unresolved,4,"0,1,2,3",1,0x00000f07,0,0,0,0
0xa868,0x0ac7b868,,unpublished_iq_static_config_candidate,outside public VFE680 top/bus map; semantic IQ name intentionally unresolved,4,"0,1,2,3",1,0x09016c7d,0,0,0,0
0xa904,0x0ac7b904,,unpublished_iq_static_config_candidate,outside public VFE680 top/bus map; semantic IQ name intentionally unresolved,4,"0,1,2,3",1,0x00000167,0,0,0,0
0xa908,0x0ac7b908,,unpublished_iq_static_config_candidate,outside public VFE680 top/bus map; semantic IQ name intentionally unresolved,4,"0,1,2,3",1,0x0000027f,0,0,0,0
0xaa60,0x0ac7ba60,,unpublished_iq_static_config_candidate,outside public VFE680 top/bus map; semantic IQ name intentionally unresolved,4,"0,1,2,3",1,0x00000f07,0,0,0,0
0xab04,0x0ac7bb04,,unpublished_iq_static_config_candidate,outside public VFE680 top/bus map; semantic IQ name intentionally unresolved,4,"0,1,2,3",1,0x000000b3,0,0,0,0
0xab08,0x0ac7bb08,,unpublished_iq_static_config_candidate,outside public VFE680 top/bus map; semantic IQ name intentionally unresolved,4,"0,1,2,3",1,0x0000027f,0,0,0,0
0xac60,0x0ac7bc60,,unpublished_iq_static_config_candidate,outside public VFE680 top/bus map; semantic IQ name intentionally unresolved,2,"0,1",1,0x00000e01,0,0,0,0
0xac68,0x0ac7bc68,,unpublished_iq_static_config_candidate,outside public VFE680 top/bus map; semantic IQ name intentionally unresolved,2,"0,1",1,0x00000059,0,0,0,0
0xac6c,0x0ac7bc6c,,unpublished_iq_static_config_candidate,outside public VFE680 top/bus map; semantic IQ name intentionally unresolved,2,"0,1",1,0x0000009f,0,0,0,0
0xac70,0x0ac7bc70,,unpublished_iq_static_config_candidate,outside public VFE680 top/bus map; semantic IQ name intentionally unresolved,2,"0,1",1,0x00000000,0,0,0,0
0xac74,0x0ac7bc74,,unpublished_iq_static_config_candidate,outside public VFE680 top/bus map; semantic IQ name intentionally unresolved,2,"0,1",1,0x00000006,0,0,0,0
0xac78,0x0ac7bc78,,unpublished_iq_static_config_candidate,outside public VFE680 top/bus map; semantic IQ name intentionally unresolved,2,"0,1",1,0x00000000,0,0,0,0
0xac7c,0x0ac7bc7c,,unpublished_iq_static_config_candidate,outside public VFE680 top/bus map; semantic IQ name intentionally unresolved,2,"0,1",1,0x00000000,0,0,0,0
0xac80,0x0ac7bc80,,unpublished_iq_static_config_candidate,outside public VFE680 top/bus map; semantic IQ name intentionally unresolved,2,"0,1",1,0x00000000,0,0,0,0
0xac84,0x0ac7bc84,,unpublished_iq_static_config_candidate,outside public VFE680 top/bus map; semantic IQ name intentionally unresolved,2,"0,1",1,0x00000000,0,0,0,0
0xac88,0x0ac7bc88,,unpublished_iq_static_config_candidate,outside public VFE680 top/bus map; semantic IQ name intentionally unresolved,2,"0,1",1,0x000003ff,0,0,0,0
0xac8c,0x0ac7bc8c,,unpublished_iq_static_config_candidate,outside public VFE680 top/bus map; semantic IQ name intentionally unresolved,2,"0,1",1,0x00000000,0,0,0,0
0xac90,0x0ac7bc90,,unpublished_iq_static_config_candidate,outside public VFE680 top/bus map; semantic IQ name intentionally unresolved,2,"0,1",1,0x00000000,0,0,0,0
0xac94,0x0ac7bc94,,unpublished_iq_static_config_candidate,outside public VFE680 top/bus map; semantic IQ name intentionally unresolved,2,"0,1",1,0x00000000,0,0,0,0
0xae60,0x0ac7be60,,unpublished_iq_static_config_candidate,outside public VFE680 top/bus map; semantic IQ name intentionally unresolved,2,"0,1",1,0x00003e01,0,0,0,0
0xae68,0x0ac7be68,,unpublished_iq_static_config_candidate,outside public VFE680 top/bus map; semantic IQ name intentionally unresolved,2,"0,1",1,0x0000002c,0,0,0,0
0xae6c,0x0ac7be6c,,unpublished_iq_static_config_candidate,outside public VFE680 top/bus map; semantic IQ name intentionally unresolved,2,"0,1",1,0x0000004f,0,0,0,0
0xae70,0x0ac7be70,,unpublished_iq_static_config_candidate,outside public VFE680 top/bus map; semantic IQ name intentionally unresolved,2,"0,1",1,0x00000000,0,0,0,0
0xae74,0x0ac7be74,,unpublished_iq_static_config_candidate,outside public VFE680 top/bus map; semantic IQ name intentionally unresolved,2,"0,1",1,0x00000007,0,0,0,0
0xae78,0x0ac7be78,,unpublished_iq_static_config_candidate,outside public VFE680 top/bus map; semantic IQ name intentionally unresolved,2,"0,1",1,0x00000000,0,0,0,0
0xae7c,0x0ac7be7c,,unpublished_iq_static_config_candidate,outside public VFE680 top/bus map; semantic IQ name intentionally unresolved,2,"0,1",1,0x00000007,0,0,0,0
0xae80,0x0ac7be80,,unpublished_iq_static_config_candidate,outside public VFE680 top/bus map; semantic IQ name intentionally unresolved,2,"0,1",1,0x00000000,0,0,0,0
0xae84,0x0ac7be84,,unpublished_iq_static_config_candidate,outside public VFE680 top/bus map; semantic IQ name intentionally unresolved,2,"0,1",1,0x00000000,0,0,0,0
0xae88,0x0ac7be88,,unpublished_iq_static_config_candidate,outside public VFE680 top/bus map; semantic IQ name intentionally unresolved,2,"0,1",1,0x000003ff,0,0,0,0
0xae8c,0x0ac7be8c,,unpublished_iq_static_config_candidate,outside public VFE680 top/bus map; semantic IQ name intentionally unresolved,2,"0,1",1,0x000003ff,0,0,0,0
0xae90,0x0ac7be90,,unpublished_iq_static_config_candidate,outside public VFE680 top/bus map; semantic IQ name intentionally unresolved,2,"0,1",1,0x00000000,0,0,0,0
0xae94,0x0ac7be94,,unpublished_iq_static_config_candidate,outside public VFE680 top/bus map; semantic IQ name intentionally unresolved,2,"0,1",1,0x00000000,0,0,0,0
0xb060,0x0ac7c060,,unpublished_iq_static_config_candidate,outside public VFE680 top/bus map; semantic IQ name intentionally unresolved,2,"0,1",1,0xffff0001,0,0,0,0
0xb064,0x0ac7c064,,unpublished_iq_static_config_candidate,outside public VFE680 top/bus map; semantic IQ name intentionally unresolved,2,"0,1",1,0x06600000,0,0,0,0
0xb068,0x0ac7c068,,unpublished_iq_static_config_candidate,outside public VFE680 top/bus map; semantic IQ name intentionally unresolved,2,"0,1",1,0x04120a00,0,0,0,0
0xb06c,0x0ac7c06c,,unpublished_iq_phase_variant,outside public VFE680 top/bus map; semantic IQ name intentionally unresolved,2,"0,1",2,0x001f0000;0x003f0000,0,0,0,0
0xb070,0x0ac7c070,,unpublished_iq_phase_variant,outside public VFE680 top/bus map; semantic IQ name intentionally unresolved,2,"0,1",2,0x00000035;0x00000077,0,0,0,0
0xb074,0x0ac7c074,,unpublished_iq_phase_variant,outside public VFE680 top/bus map; semantic IQ name intentionally unresolved,2,"0,1",2,0x001f0000;0x002f0000,0,0,0,0
0xb078,0x0ac7c078,,unpublished_iq_phase_variant,outside public VFE680 top/bus map; semantic IQ name intentionally unresolved,2,"0,1",2,0x00000027;0x00000041,0,0,0,0
0xb07c,0x0ac7c07c,,unpublished_iq_static_config_candidate,outside public VFE680 top/bus map; semantic IQ name intentionally unresolved,2,"0,1",1,0x00000000,0,0,0,0
0xb080,0x0ac7c080,,unpublished_iq_phase_variant,outside public VFE680 top/bus map; semantic IQ name intentionally unresolved,2,"0,1",2,0xf9ffc000;0xffffc000,0,0,0,0
0xb084,0x0ac7c084,,unpublished_iq_phase_variant,outside public VFE680 top/bus map; semantic IQ name intentionally unresolved,2,"0,1",2,0xf9ffc000;0xffffc000,0,0,0,0
0xb088,0x0ac7c088,,unpublished_iq_phase_variant,outside public VFE680 top/bus map; semantic IQ name intentionally unresolved,2,"0,1",2,0xf9ffc000;0xffffc000,0,0,0,0
0xb08c,0x0ac7c08c,,unpublished_iq_phase_variant,outside public VFE680 top/bus map; semantic IQ name intentionally unresolved,2,"0,1",2,0xf9ffc000;0xffffc000,0,0,0,0
0xb090,0x0ac7c090,,unpublished_iq_phase_variant,outside public VFE680 top/bus map; semantic IQ name intentionally unresolved,2,"0,1",2,0xf9ffc000;0xffffc000,0,0,0,0
0xb094,0x0ac7c094,,unpublished_iq_static_config_candidate,outside public VFE680 top/bus map; semantic IQ name intentionally unresolved,2,"0,1",1,0xfcd00000,0,0,0,0
0xb098,0x0ac7c098,,unpublished_iq_static_config_candidate,outside public VFE680 top/bus map; semantic IQ name intentionally unresolved,2,"0,1",1,0xfcd00000,0,0,0,0
0xb09c,0x0ac7c09c,,unpublished_iq_static_config_candidate,outside public VFE680 top/bus map; semantic IQ name intentionally unresolved,2,"0,1",1,0xfcd00000,0,0,0,0
0xb0a0,0x0ac7c0a0,,unpublished_iq_static_config_candidate,outside public VFE680 top/bus map; semantic IQ name intentionally unresolved,2,"0,1",1,0xfcd00000,0,0,0,0
0xb0a4,0x0ac7c0a4,,unpublished_iq_static_config_candidate,outside public VFE680 top/bus map; semantic IQ name intentionally unresolved,2,"0,1",1,0xfcd00000,0,0,0,0
0xb258,0x0ac7c258,,dmi_associated_static_control,"exactly DMI register +0x50/+0x54, 0/1-valued per startup packet; semantics intentionally unresolved",1,0,1,0x00000000,0,0,1,0
0xb25c,0x0ac7c25c,,dmi_associated_static_control,"exactly DMI register +0x50/+0x54, 0/1-valued per startup packet; semantics intentionally unresolved",1,0,1,0x00000000,0,0,1,0
0xb260,0x0ac7c260,,unpublished_iq_static_config_candidate,outside public VFE680 top/bus map; semantic IQ name intentionally unresolved,2,"0,1",1,0x00000001,0,0,0,0
0xb264,0x0ac7c264,,unpublished_iq_static_config_candidate,outside public VFE680 top/bus map; semantic IQ name intentionally unresolved,2,"0,1",1,0x06600000,0,0,0,0
0xb268,0x0ac7c268,,unpublished_iq_static_config_candidate,outside public VFE680 top/bus map; semantic IQ name intentionally unresolved,2,"0,1",1,0x00000000,0,0,0,0
0xb26c,0x0ac7c26c,,unpublished_iq_phase_variant,outside public VFE680 top/bus map; semantic IQ name intentionally unresolved,2,"0,1",2,0x03cb06bf;0x0437077f,0,0,0,0
0xb270,0x0ac7c270,,unpublished_iq_static_config_candidate,outside public VFE680 top/bus map; semantic IQ name intentionally unresolved,2,"0,1",1,0x00200000,0,0,0,0
0xb274,0x0ac7c274,,unpublished_iq_static_config_candidate,outside public VFE680 top/bus map; semantic IQ name intentionally unresolved,2,"0,1",1,0x00600000,0,0,0,0
0xb278,0x0ac7c278,,unpublished_iq_static_config_candidate,outside public VFE680 top/bus map; semantic IQ name intentionally unresolved,2,"0,1",1,0x01800000,0,0,0,0
0xb27c,0x0ac7c27c,,unpublished_iq_static_config_candidate,outside public VFE680 top/bus map; semantic IQ name intentionally unresolved,2,"0,1",1,0x04000000,0,0,0,0
0xb280,0x0ac7c280,,unpublished_iq_static_config_candidate,outside public VFE680 top/bus map; semantic IQ name intentionally unresolved,2,"0,1",1,0x10000000,0,0,0,0
0xb284,0x0ac7c284,,unpublished_iq_static_config_candidate,outside public VFE680 top/bus map; semantic IQ name intentionally unresolved,2,"0,1",1,0x40000000,0,0,0,0
0xb288,0x0ac7c288,,unpublished_iq_static_config_candidate,outside public VFE680 top/bus map; semantic IQ name intentionally unresolved,2,"0,1",1,0x80000000,0,0,0,0
0xb28c,0x0ac7c28c,,unpublished_iq_static_config_candidate,outside public VFE680 top/bus map; semantic IQ name intentionally unresolved,2,"0,1",1,0xffffc000,0,0,0,0
0xb290,0x0ac7c290,,unpublished_iq_static_config_candidate,outside public VFE680 top/bus map; semantic IQ name intentionally unresolved,2,"0,1",1,0x00143040,0,0,0,0
0xb294,0x0ac7c294,,unpublished_iq_static_config_candidate,outside public VFE680 top/bus map; semantic IQ name intentionally unresolved,2,"0,1",1,0x00289207,0,0,0,0
0xb298,0x0ac7c298,,unpublished_iq_static_config_candidate,outside public VFE680 top/bus map; semantic IQ name intentionally unresolved,2,"0,1",1,0x64080080,0,0,0,0
0xb29c,0x0ac7c29c,,unpublished_iq_static_config_candidate,outside public VFE680 top/bus map; semantic IQ name intentionally unresolved,2,"0,1",1,0x024001e0,0,0,0,0
0xb2a0,0x0ac7c2a0,,unpublished_iq_static_config_candidate,outside public VFE680 top/bus map; semantic IQ name intentionally unresolved,2,"0,1",1,0x03800300,0,0,0,0
0xb2a4,0x0ac7c2a4,,unpublished_iq_static_config_candidate,outside public VFE680 top/bus map; semantic IQ name intentionally unresolved,2,"0,1",1,0x00081205,0,0,0,0
0xb660,0x0ac7c660,,unpublished_iq_static_config_candidate,outside public VFE680 top/bus map; semantic IQ name intentionally unresolved,2,"0,1",1,0xffff0001,0,0,0,0
0xb664,0x0ac7c664,,unpublished_iq_static_config_candidate,outside public VFE680 top/bus map; semantic IQ name intentionally unresolved,2,"0,1",1,0x06600000,0,0,0,0
0xb668,0x0ac7c668,,unpublished_iq_static_config_candidate,outside public VFE680 top/bus map; semantic IQ name intentionally unresolved,2,"0,1",1,0x00000000,0,0,0,0
0xb66c,0x0ac7c66c,,unpublished_iq_static_config_candidate,outside public VFE680 top/bus map; semantic IQ name intentionally unresolved,2,"0,1",1,0x001f0000,0,0,0,0
0xb670,0x0ac7c670,,unpublished_iq_static_config_candidate,outside public VFE680 top/bus map; semantic IQ name intentionally unresolved,2,"0,1",1,0x00000077,0,0,0,0
0xb674,0x0ac7c674,,unpublished_iq_static_config_candidate,outside public VFE680 top/bus map; semantic IQ name intentionally unresolved,2,"0,1",1,0x00170000,0,0,0,0
0xb678,0x0ac7c678,,unpublished_iq_static_config_candidate,outside public VFE680 top/bus map; semantic IQ name intentionally unresolved,2,"0,1",1,0x00000059,0,0,0,0
0xb67c,0x0ac7c67c,,unpublished_iq_static_config_candidate,outside public VFE680 top/bus map; semantic IQ name intentionally unresolved,2,"0,1",1,0x00000000,0,0,0,0
0xb680,0x0ac7c680,,unpublished_iq_static_config_candidate,outside public VFE680 top/bus map; semantic IQ name intentionally unresolved,2,"0,1",1,0xffffc000,0,0,0,0
0xb684,0x0ac7c684,,unpublished_iq_static_config_candidate,outside public VFE680 top/bus map; semantic IQ name intentionally unresolved,2,"0,1",1,0xffffc000,0,0,0,0
0xb688,0x0ac7c688,,unpublished_iq_static_config_candidate,outside public VFE680 top/bus map; semantic IQ name intentionally unresolved,2,"0,1",1,0xffffc000,0,0,0,0
0xb68c,0x0ac7c68c,,unpublished_iq_static_config_candidate,outside public VFE680 top/bus map; semantic IQ name intentionally unresolved,2,"0,1",1,0xffffc000,0,0,0,0
0xb690,0x0ac7c690,,unpublished_iq_static_config_candidate,outside public VFE680 top/bus map; semantic IQ name intentionally unresolved,2,"0,1",1,0xffffc000,0,0,0,0
0xb694,0x0ac7c694,,unpublished_iq_static_config_candidate,outside public VFE680 top/bus map; semantic IQ name intentionally unresolved,2,"0,1",1,0xfcd00000,0,0,0,0
0xb698,0x0ac7c698,,unpublished_iq_static_config_candidate,outside public VFE680 top/bus map; semantic IQ name intentionally unresolved,2,"0,1",1,0xfcd00000,0,0,0,0
0xb69c,0x0ac7c69c,,unpublished_iq_static_config_candidate,outside public VFE680 top/bus map; semantic IQ name intentionally unresolved,2,"0,1",1,0xfcd00000,0,0,0,0
0xb6a0,0x0ac7c6a0,,unpublished_iq_static_config_candidate,outside public VFE680 top/bus map; semantic IQ name intentionally unresolved,2,"0,1",1,0xfcd00000,0,0,0,0
0xb6a4,0x0ac7c6a4,,unpublished_iq_static_config_candidate,outside public VFE680 top/bus map; semantic IQ name intentionally unresolved,2,"0,1",1,0xfcd00000,0,0,0,0
0xb860,0x0ac7c860,,unpublished_iq_static_config_candidate,outside public VFE680 top/bus map; semantic IQ name intentionally unresolved,2,"0,1",1,0xffff0201,0,0,0,0
0xb864,0x0ac7c864,,unpublished_iq_static_config_candidate,outside public VFE680 top/bus map; semantic IQ name intentionally unresolved,2,"0,1",1,0x06600000,0,0,0,0
0xb868,0x0ac7c868,,unpublished_iq_static_config_candidate,outside public VFE680 top/bus map; semantic IQ name intentionally unresolved,2,"0,1",1,0x00000000,0,0,0,0
0xb86c,0x0ac7c86c,,unpublished_iq_static_config_candidate,outside public VFE680 top/bus map; semantic IQ name intentionally unresolved,2,"0,1",1,0x003f0000,0,0,0,0
0xb870,0x0ac7c870,,unpublished_iq_phase_variant,outside public VFE680 top/bus map; semantic IQ name intentionally unresolved,2,"0,1",2,0x00000035;0x0000003b,0,0,0,0
0xb874,0x0ac7c874,,unpublished_iq_static_config_candidate,outside public VFE680 top/bus map; semantic IQ name intentionally unresolved,2,"0,1",1,0x002f0000,0,0,0,0
0xb878,0x0ac7c878,,unpublished_iq_phase_variant,outside public VFE680 top/bus map; semantic IQ name intentionally unresolved,2,"0,1",2,0x00000027;0x0000002b,0,0,0,0
0xb87c,0x0ac7c87c,,unpublished_iq_static_config_candidate,outside public VFE680 top/bus map; semantic IQ name intentionally unresolved,2,"0,1",1,0x00000000,0,0,0,0
0xb880,0x0ac7c880,,unpublished_iq_phase_variant,outside public VFE680 top/bus map; semantic IQ name intentionally unresolved,2,"0,1",2,0xf0ff8000;0xffffc000,0,0,0,0
0xb884,0x0ac7c884,,unpublished_iq_phase_variant,outside public VFE680 top/bus map; semantic IQ name intentionally unresolved,2,"0,1",2,0xf0ff8000;0xffffc000,0,0,0,0
0xb888,0x0ac7c888,,unpublished_iq_phase_variant,outside public VFE680 top/bus map; semantic IQ name intentionally unresolved,2,"0,1",2,0xf0ff8000;0xffffc000,0,0,0,0
0xb88c,0x0ac7c88c,,unpublished_iq_phase_variant,outside public VFE680 top/bus map; semantic IQ name intentionally unresolved,2,"0,1",2,0xf0ff8000;0xffffc000,0,0,0,0
0xb890,0x0ac7c890,,unpublished_iq_phase_variant,outside public VFE680 top/bus map; semantic IQ name intentionally unresolved,2,"0,1",2,0xf0ff8000;0xffffc000,0,0,0,0
0xb894,0x0ac7c894,,unpublished_iq_static_config_candidate,outside public VFE680 top/bus map; semantic IQ name intentionally unresolved,2,"0,1",1,0xfcd00000,0,0,0,0
0xb898,0x0ac7c898,,unpublished_iq_static_config_candidate,outside public VFE680 top/bus map; semantic IQ name intentionally unresolved,2,"0,1",1,0xfcd00000,0,0,0,0
0xb89c,0x0ac7c89c,,unpublished_iq_static_config_candidate,outside public VFE680 top/bus map; semantic IQ name intentionally unresolved,2,"0,1",1,0xfcd00000,0,0,0,0
0xb8a0,0x0ac7c8a0,,unpublished_iq_static_config_candidate,outside public VFE680 top/bus map; semantic IQ name intentionally unresolved,2,"0,1",1,0xfcd00000,0,0,0,0
0xb8a4,0x0ac7c8a4,,unpublished_iq_static_config_candidate,outside public VFE680 top/bus map; semantic IQ name intentionally unresolved,2,"0,1",1,0xfcd00000,0,0,0,0
0xbe60,0x0ac7ce60,,unpublished_iq_phase_variant,outside public VFE680 top/bus map; semantic IQ name intentionally unresolved,3,"0,1,2",3,0x00000511;0x00000611;0x00000711,0,0,0,0
0xbe68,0x0ac7ce68,,unpublished_iq_static_config_candidate,outside public VFE680 top/bus map; semantic IQ name intentionally unresolved,3,"0,1,2",1,0x00000000,0,0,0,0
0xbe6c,0x0ac7ce6c,,unpublished_iq_phase_variant,outside public VFE680 top/bus map; semantic IQ name intentionally unresolved,3,"0,1,2",3,0x021b0007;0x03ff0007;0x03ff000f,0,0,0,0
0xbe70,0x0ac7ce70,,unpublished_iq_phase_variant,outside public VFE680 top/bus map; semantic IQ name intentionally unresolved,3,"0,1,2",3,0x000100ef;0x000101df;0x000301df,0,0,0,0
