openjdk version "21.0.12" 2026-07-21
OpenJDK Runtime Environment (build 21.0.12+8-1-26.04-Ubuntu)
OpenJDK 64-Bit Server VM (build 21.0.12+8-1-26.04-Ubuntu, mixed mode)
Module manifest file error on line 2 of file: /home/geoca/.config/ghidra/ghidra_12.0.4_PUBLIC/Extensions/GhidraMCP/Module.manifest
	-> Invalid line encountered: GHIDRA_MODULE_NAME=GhidraMCP
Module manifest file error on line 3 of file: /home/geoca/.config/ghidra/ghidra_12.0.4_PUBLIC/Extensions/GhidraMCP/Module.manifest
	-> Invalid line encountered: GHIDRA_MODULE_DESC=An HTTP server plugin for Ghidra
Module manifest file error on line 2 of file: /home/geoca/.config/ghidra/ghidra_12.0.4_PUBLIC/Extensions/GhidraMCP/Module.manifest
	-> Invalid line encountered: GHIDRA_MODULE_NAME=GhidraMCP
Module manifest file error on line 3 of file: /home/geoca/.config/ghidra/ghidra_12.0.4_PUBLIC/Extensions/GhidraMCP/Module.manifest
	-> Invalid line encountered: GHIDRA_MODULE_DESC=An HTTP server plugin for Ghidra
INFO  Using log config file: jar:file:/home/geoca/Desktop/Ghidra/Ghidra/Framework/Generic/lib/Generic.jar!/generic.log4j.xml (LoggingInitialization)  
INFO  Using log file: /home/geoca/.config/ghidra/ghidra_12.0.4_PUBLIC/application.log (LoggingInitialization)  
INFO  Loading user preferences: /home/geoca/.config/ghidra/ghidra_12.0.4_PUBLIC/preferences (Preferences)  
INFO  Loading previous preferences: /home/geoca/.config/ghidra/ghidra_12.1.2_PUBLIC/preferences (Preferences)  
INFO  Searching for classes... (ClassSearcher)  
INFO  Class search complete (1606 ms) (ClassSearcher)  
INFO  Initializing SSL Context (DefaultSSLContextInitializer)  
INFO  Initializing Random Number Generator... (SecureRandomFactory)  
INFO  Random Number Generator initialization complete: NativePRNGNonBlocking (SecureRandomFactory)  
INFO  Trust manager disabled, cacerts have not been set (DefaultTrustManagerFactory)  
INFO  Headless startup complete (2996 ms) (AnalyzeHeadless)  
INFO  Class searcher loaded 59 extension points (18 false positives) (ClassSearcher)  
INFO  HEADLESS Script Paths:
    /home/geoca/Desktop/Ghidra/Ghidra/Features/MicrosoftCodeAnalyzer/ghidra_scripts
    /home/geoca/Desktop/Ghidra/Ghidra/Features/VersionTracking/ghidra_scripts
    /home/geoca/Desktop/Ghidra/Ghidra/Features/PyGhidra/ghidra_scripts
    /home/geoca/Desktop/Ghidra/Ghidra/Processors/Atmel/ghidra_scripts
    /home/geoca/Desktop/Ghidra/Ghidra/Features/BSim/ghidra_scripts
    /home/geoca/Desktop/Ghidra/Ghidra/Processors/PIC/ghidra_scripts
    /home/geoca/Desktop/Ghidra/Ghidra/Debug/Debugger/ghidra_scripts
    /home/geoca/Desktop/Ghidra/Ghidra/Features/Jython/ghidra_scripts
    /home/geoca/Desktop/Ghidra/Ghidra/Features/DecompilerDependent/ghidra_scripts
    /home/geoca/Desktop/Ghidra/Ghidra/Features/GnuDemangler/ghidra_scripts
    /home/geoca/Desktop/Ghidra/Ghidra/Features/SwiftDemangler/ghidra_scripts
    /home/geoca/Desktop/Ghidra/Ghidra/Features/WildcardAssembler/ghidra_scripts
    /home/geoca/Desktop/Ghidra/Ghidra/Features/SystemEmulation/ghidra_scripts
    /home/geoca/Desktop/Ghidra/Ghidra/Processors/JVM/ghidra_scripts
    /home/geoca/.config/ghidra/ghidra_12.0.4_PUBLIC/Extensions/Hexagon/ghidra_scripts
    /home/geoca/Desktop/Ghidra/Ghidra/Processors/8051/ghidra_scripts
    /home/geoca/Desktop/Ghidra/Ghidra/Features/PDB/ghidra_scripts
    /home/geoca/Desktop/Ghidra/Ghidra/Processors/DATA/ghidra_scripts
    /home/geoca/Desktop/Ghidra/Ghidra/Features/Base/ghidra_scripts
    /home/geoca/Desktop/Ghidra/Ghidra/Features/BytePatterns/ghidra_scripts
    /home/geoca/Desktop/Ghidra/Ghidra/Debug/Debugger-rmi-trace/ghidra_scripts
    /home/geoca/Desktop/Ghidra/Ghidra/Features/Decompiler/ghidra_scripts
    /home/geoca/Desktop/Ghidra/Ghidra/Features/FunctionID/ghidra_scripts
    /home/geoca/Documents/SP11-PROJECT/06-camera/SP11X1ECamera/experiments/E004-front-ir-vd55g0/e004dd-shipped-cpz-securepd-worker-reuse-feasibility/ghidra
    /home/geoca/Desktop/Ghidra/Ghidra/Features/FileFormats/ghidra_scripts (HeadlessAnalyzer)  
INFO  HEADLESS: execution starts (HeadlessAnalyzer)  
INFO  Creating project: /home/geoca/.cache/e004dd-benchmark/E004DD_BENCH (HeadlessAnalyzer)  
INFO  Creating project: /home/geoca/.cache/e004dd-benchmark/E004DD_BENCH (DefaultProject)  
INFO  REPORT: Processing input files:  (HeadlessAnalyzer)  
INFO       project: /home/geoca/.cache/e004dd-benchmark/E004DD_BENCH (HeadlessAnalyzer)  
INFO  IMPORTING: file:///home/geoca/Documents/SP11-PROJECT/00-RE-archive/sp11-driverdump/qcnspmcdm_ext_cdsp8380.inf_arm64_4a8c3ebe3aad408a/CDSP/libbenchmark_skel.so (HeadlessAnalyzer)  
INFO  Using Loader: Executable and Linking Format (ELF) (ProgramLoader)  
INFO  Using Language/Compiler: QDSP6:LE:32:default:default (ProgramLoader)  
INFO  Using Library Search Path: [., /bin, /lib, /lib64, /lib/x86_64-linux-gnu, /lib/aarch64-linux-gnu, /usr/bin, /usr/lib, /usr/X11R6/bin, /usr/X11R6/lib, /usr/java/packages/lib, /usr/lib/aarch64-linux-gnu/jni, /usr/lib/aarch64-linux-gnu, /usr/lib/jni] (ProgramLoader)  
INFO  Additional info:
Loading file:///home/geoca/Documents/SP11-PROJECT/00-RE-archive/sp11-driverdump/qcnspmcdm_ext_cdsp8380.inf_arm64_4a8c3ebe3aad408a/CDSP/libbenchmark_skel.so?MD5=cf196dc478149fc2a34d29e27ade2d8e...
ELF relocation handler extension not found!  Unable to process relocations.
Unable to process ELF relocations: relocation handler not found
Failed to parse and markup ELF Note starting at 00011000
------------------------------------------------

 (ProgramLoader)  
INFO  IMPORTING: Loaded 0 additional files (HeadlessAnalyzer)  
INFO  ANALYZING all memory and code: file:///home/geoca/Documents/SP11-PROJECT/00-RE-archive/sp11-driverdump/qcnspmcdm_ext_cdsp8380.inf_arm64_4a8c3ebe3aad408a/CDSP/libbenchmark_skel.so (HeadlessAnalyzer)  
ERROR Error when processing DWARF information for DIE 510 (DWARFFunctionImporter) java.lang.NullPointerException: Cannot invoke "ghidra.app.util.bin.format.dwarf.DWARFRegisterMappings.getStackFrameRegisterOffset()" because the return value of "ghidra.app.util.bin.format.dwarf.DWARFProgram.getRegisterMappings()" is null
	at ghidra.app.util.bin.format.dwarf.DWARFFunction.read(DWARFFunction.java:108)
	at ghidra.app.util.bin.format.dwarf.DWARFFunctionImporter.processSubprogram(DWARFFunctionImporter.java:161)
	at ghidra.app.util.bin.format.dwarf.DWARFFunctionImporter.importFunctions(DWARFFunctionImporter.java:111)
	at ghidra.app.util.bin.format.dwarf.DWARFImporter.performImport(DWARFImporter.java:409)
	at ghidra.app.plugin.core.analysis.DWARFAnalyzer.added(DWARFAnalyzer.java:113)
	at ghidra.app.plugin.core.analysis.AnalysisScheduler.runAnalyzer(AnalysisScheduler.java:186)
	at ghidra.app.plugin.core.analysis.AnalysisTask.applyTo(AnalysisTask.java:37)
	at ghidra.app.plugin.core.analysis.AnalysisTask.applyTo(AnalysisTask.java:24)
	at ghidra.app.plugin.core.analysis.AutoAnalysisManager$AnalysisTaskWrapper.run(AutoAnalysisManager.java:660)
	at ghidra.app.plugin.core.analysis.AutoAnalysisManager.startAnalysis(AutoAnalysisManager.java:760)
	at ghidra.app.plugin.core.analysis.AutoAnalysisManager.startAnalysis(AutoAnalysisManager.java:639)
	at ghidra.app.plugin.core.analysis.AutoAnalysisManager.startAnalysis(AutoAnalysisManager.java:604)
	at ghidra.app.util.headless.HeadlessAnalyzer.analyzeProgram(HeadlessAnalyzer.java:1053)
	at ghidra.app.util.headless.HeadlessAnalyzer.processFileWithImport(HeadlessAnalyzer.java:1584)
	at ghidra.app.util.headless.HeadlessAnalyzer.processWithLoader(HeadlessAnalyzer.java:1744)
	at ghidra.app.util.headless.HeadlessAnalyzer.processWithImport(HeadlessAnalyzer.java:1685)
	at ghidra.app.util.headless.HeadlessAnalyzer.processWithImport(HeadlessAnalyzer.java:1769)
	at ghidra.app.util.headless.HeadlessAnalyzer.processLocal(HeadlessAnalyzer.java:462)
	at ghidra.app.util.headless.AnalyzeHeadless.launch(AnalyzeHeadless.java:199)
	at ghidra.GhidraLauncher.launch(GhidraLauncher.java:81)
	at ghidra.Ghidra.main(Ghidra.java:54)
 
INFO  DIE info:
DIEAgregrate of: DIE [0x510], 
<1><510>: DW_TAG_subprogram [abbrev 13, tag 46, index 115, children 2]
		DW_AT_low_pc : DW_FORM_addr, addr v4 0x3fac
		DW_AT_high_pc : DW_FORM_data4 = 36 [00000024]
		DW_AT_frame_base : DW_FORM_exprloc = [1]6e
		DW_AT_???? 8471 (0x2117) : DW_FORM_flag_present = true
		DW_AT_name : DW_FORM_strp = "benchmark_open" (offset 0x1091)
		DW_AT_decl_file : DW_FORM_data1 = 2 [02]
		DW_AT_decl_line : DW_FORM_data1 = 67 [43]
		DW_AT_prototyped : DW_FORM_flag_present = true
		DW_AT_type : DW_FORM_ref4 = 1557 [0000000000000615]
		DW_AT_external : DW_FORM_flag_present = true
 (DWARFFunctionImporter)  
ERROR Error when processing DWARF information for DIE 544 (DWARFFunctionImporter) java.lang.NullPointerException: Cannot invoke "ghidra.app.util.bin.format.dwarf.DWARFRegisterMappings.getStackFrameRegisterOffset()" because the return value of "ghidra.app.util.bin.format.dwarf.DWARFProgram.getRegisterMappings()" is null
	at ghidra.app.util.bin.format.dwarf.DWARFFunction.read(DWARFFunction.java:108)
	at ghidra.app.util.bin.format.dwarf.DWARFFunctionImporter.processSubprogram(DWARFFunctionImporter.java:161)
	at ghidra.app.util.bin.format.dwarf.DWARFFunctionImporter.importFunctions(DWARFFunctionImporter.java:111)
	at ghidra.app.util.bin.format.dwarf.DWARFImporter.performImport(DWARFImporter.java:409)
	at ghidra.app.plugin.core.analysis.DWARFAnalyzer.added(DWARFAnalyzer.java:113)
	at ghidra.app.plugin.core.analysis.AnalysisScheduler.runAnalyzer(AnalysisScheduler.java:186)
	at ghidra.app.plugin.core.analysis.AnalysisTask.applyTo(AnalysisTask.java:37)
	at ghidra.app.plugin.core.analysis.AnalysisTask.applyTo(AnalysisTask.java:24)
	at ghidra.app.plugin.core.analysis.AutoAnalysisManager$AnalysisTaskWrapper.run(AutoAnalysisManager.java:660)
	at ghidra.app.plugin.core.analysis.AutoAnalysisManager.startAnalysis(AutoAnalysisManager.java:760)
	at ghidra.app.plugin.core.analysis.AutoAnalysisManager.startAnalysis(AutoAnalysisManager.java:639)
	at ghidra.app.plugin.core.analysis.AutoAnalysisManager.startAnalysis(AutoAnalysisManager.java:604)
	at ghidra.app.util.headless.HeadlessAnalyzer.analyzeProgram(HeadlessAnalyzer.java:1053)
	at ghidra.app.util.headless.HeadlessAnalyzer.processFileWithImport(HeadlessAnalyzer.java:1584)
	at ghidra.app.util.headless.HeadlessAnalyzer.processWithLoader(HeadlessAnalyzer.java:1744)
	at ghidra.app.util.headless.HeadlessAnalyzer.processWithImport(HeadlessAnalyzer.java:1685)
	at ghidra.app.util.headless.HeadlessAnalyzer.processWithImport(HeadlessAnalyzer.java:1769)
	at ghidra.app.util.headless.HeadlessAnalyzer.processLocal(HeadlessAnalyzer.java:462)
	at ghidra.app.util.headless.AnalyzeHeadless.launch(AnalyzeHeadless.java:199)
	at ghidra.GhidraLauncher.launch(GhidraLauncher.java:81)
	at ghidra.Ghidra.main(Ghidra.java:54)
 
INFO  DIE info:
DIEAgregrate of: DIE [0x544], 
<1><544>: DW_TAG_subprogram [abbrev 13, tag 46, index 118, children 1]
		DW_AT_low_pc : DW_FORM_addr, addr v4 0x3fd0
		DW_AT_high_pc : DW_FORM_data4 = 32 [00000020]
		DW_AT_frame_base : DW_FORM_exprloc = [1]6e
		DW_AT_???? 8471 (0x2117) : DW_FORM_flag_present = true
		DW_AT_name : DW_FORM_strp = "benchmark_close" (offset 0x10a0)
		DW_AT_decl_file : DW_FORM_data1 = 2 [02]
		DW_AT_decl_line : DW_FORM_data1 = 76 [4c]
		DW_AT_prototyped : DW_FORM_flag_present = true
		DW_AT_type : DW_FORM_ref4 = 1557 [0000000000000615]
		DW_AT_external : DW_FORM_flag_present = true
 (DWARFFunctionImporter)  
ERROR Error when processing DWARF information for DIE 569 (DWARFFunctionImporter) java.lang.NullPointerException: Cannot invoke "ghidra.app.util.bin.format.dwarf.DWARFRegisterMappings.getStackFrameRegisterOffset()" because the return value of "ghidra.app.util.bin.format.dwarf.DWARFProgram.getRegisterMappings()" is null
	at ghidra.app.util.bin.format.dwarf.DWARFFunction.read(DWARFFunction.java:108)
	at ghidra.app.util.bin.format.dwarf.DWARFFunctionImporter.processSubprogram(DWARFFunctionImporter.java:161)
	at ghidra.app.util.bin.format.dwarf.DWARFFunctionImporter.importFunctions(DWARFFunctionImporter.java:111)
	at ghidra.app.util.bin.format.dwarf.DWARFImporter.performImport(DWARFImporter.java:409)
	at ghidra.app.plugin.core.analysis.DWARFAnalyzer.added(DWARFAnalyzer.java:113)
	at ghidra.app.plugin.core.analysis.AnalysisScheduler.runAnalyzer(AnalysisScheduler.java:186)
	at ghidra.app.plugin.core.analysis.AnalysisTask.applyTo(AnalysisTask.java:37)
	at ghidra.app.plugin.core.analysis.AnalysisTask.applyTo(AnalysisTask.java:24)
	at ghidra.app.plugin.core.analysis.AutoAnalysisManager$AnalysisTaskWrapper.run(AutoAnalysisManager.java:660)
	at ghidra.app.plugin.core.analysis.AutoAnalysisManager.startAnalysis(AutoAnalysisManager.java:760)
	at ghidra.app.plugin.core.analysis.AutoAnalysisManager.startAnalysis(AutoAnalysisManager.java:639)
	at ghidra.app.plugin.core.analysis.AutoAnalysisManager.startAnalysis(AutoAnalysisManager.java:604)
	at ghidra.app.util.headless.HeadlessAnalyzer.analyzeProgram(HeadlessAnalyzer.java:1053)
	at ghidra.app.util.headless.HeadlessAnalyzer.processFileWithImport(HeadlessAnalyzer.java:1584)
	at ghidra.app.util.headless.HeadlessAnalyzer.processWithLoader(HeadlessAnalyzer.java:1744)
	at ghidra.app.util.headless.HeadlessAnalyzer.processWithImport(HeadlessAnalyzer.java:1685)
	at ghidra.app.util.headless.HeadlessAnalyzer.processWithImport(HeadlessAnalyzer.java:1769)
	at ghidra.app.util.headless.HeadlessAnalyzer.processLocal(HeadlessAnalyzer.java:462)
	at ghidra.app.util.headless.AnalyzeHeadless.launch(AnalyzeHeadless.java:199)
	at ghidra.GhidraLauncher.launch(GhidraLauncher.java:81)
	at ghidra.Ghidra.main(Ghidra.java:54)
 
INFO  DIE info:
DIEAgregrate of: DIE [0x569], 
<1><569>: DW_TAG_subprogram [abbrev 13, tag 46, index 120, children 10]
		DW_AT_low_pc : DW_FORM_addr, addr v4 0x3ff0
		DW_AT_high_pc : DW_FORM_data4 = 272 [00000110]
		DW_AT_frame_base : DW_FORM_exprloc = [1]6e
		DW_AT_???? 8471 (0x2117) : DW_FORM_flag_present = true
		DW_AT_name : DW_FORM_strp = "benchmark_setClocks" (offset 0x10b0)
		DW_AT_decl_file : DW_FORM_data1 = 2 [02]
		DW_AT_decl_line : DW_FORM_data1 = 84 [54]
		DW_AT_prototyped : DW_FORM_flag_present = true
		DW_AT_type : DW_FORM_ref4 = 4209 [0000000000001071]
		DW_AT_external : DW_FORM_flag_present = true
 (DWARFFunctionImporter)  
ERROR Error when processing DWARF information for DIE f12 (DWARFFunctionImporter) java.lang.NullPointerException: Cannot invoke "ghidra.app.util.bin.format.dwarf.DWARFRegisterMappings.getStackFrameRegisterOffset()" because the return value of "ghidra.app.util.bin.format.dwarf.DWARFProgram.getRegisterMappings()" is null
	at ghidra.app.util.bin.format.dwarf.DWARFFunction.read(DWARFFunction.java:108)
	at ghidra.app.util.bin.format.dwarf.DWARFFunctionImporter.processSubprogram(DWARFFunctionImporter.java:161)
	at ghidra.app.util.bin.format.dwarf.DWARFFunctionImporter.importFunctions(DWARFFunctionImporter.java:111)
	at ghidra.app.util.bin.format.dwarf.DWARFImporter.performImport(DWARFImporter.java:409)
	at ghidra.app.plugin.core.analysis.DWARFAnalyzer.added(DWARFAnalyzer.java:113)
	at ghidra.app.plugin.core.analysis.AnalysisScheduler.runAnalyzer(AnalysisScheduler.java:186)
	at ghidra.app.plugin.core.analysis.AnalysisTask.applyTo(AnalysisTask.java:37)
	at ghidra.app.plugin.core.analysis.AnalysisTask.applyTo(AnalysisTask.java:24)
	at ghidra.app.plugin.core.analysis.AutoAnalysisManager$AnalysisTaskWrapper.run(AutoAnalysisManager.java:660)
	at ghidra.app.plugin.core.analysis.AutoAnalysisManager.startAnalysis(AutoAnalysisManager.java:760)
	at ghidra.app.plugin.core.analysis.AutoAnalysisManager.startAnalysis(AutoAnalysisManager.java:639)
	at ghidra.app.plugin.core.analysis.AutoAnalysisManager.startAnalysis(AutoAnalysisManager.java:604)
	at ghidra.app.util.headless.HeadlessAnalyzer.analyzeProgram(HeadlessAnalyzer.java:1053)
	at ghidra.app.util.headless.HeadlessAnalyzer.processFileWithImport(HeadlessAnalyzer.java:1584)
	at ghidra.app.util.headless.HeadlessAnalyzer.processWithLoader(HeadlessAnalyzer.java:1744)
	at ghidra.app.util.headless.HeadlessAnalyzer.processWithImport(HeadlessAnalyzer.java:1685)
	at ghidra.app.util.headless.HeadlessAnalyzer.processWithImport(HeadlessAnalyzer.java:1769)
	at ghidra.app.util.headless.HeadlessAnalyzer.processLocal(HeadlessAnalyzer.java:462)
	at ghidra.app.util.headless.AnalyzeHeadless.launch(AnalyzeHeadless.java:199)
	at ghidra.GhidraLauncher.launch(GhidraLauncher.java:81)
	at ghidra.Ghidra.main(Ghidra.java:54)
 
INFO  DIE info:
DIEAgregrate of: DIE [0xf12], 
<1><f12>: DW_TAG_subprogram [abbrev 13, tag 46, index 334, children 1]
		DW_AT_low_pc : DW_FORM_addr, addr v4 0x4100
		DW_AT_high_pc : DW_FORM_data4 = 4 [00000004]
		DW_AT_frame_base : DW_FORM_exprloc = [1]6d
		DW_AT_???? 8471 (0x2117) : DW_FORM_flag_present = true
		DW_AT_name : DW_FORM_strp = "benchmark_get_hvx_units" (offset 0x10ce)
		DW_AT_decl_file : DW_FORM_data1 = 2 [02]
		DW_AT_decl_line : DW_FORM_data1 = -124 or 132 [84]
		DW_AT_prototyped : DW_FORM_flag_present = true
		DW_AT_type : DW_FORM_ref4 = 1557 [0000000000000615]
		DW_AT_external : DW_FORM_flag_present = true
 (DWARFFunctionImporter)  
ERROR Error when processing DWARF information for DIE f36 (DWARFFunctionImporter) java.lang.NullPointerException: Cannot invoke "ghidra.app.util.bin.format.dwarf.DWARFRegisterMappings.getStackFrameRegisterOffset()" because the return value of "ghidra.app.util.bin.format.dwarf.DWARFProgram.getRegisterMappings()" is null
	at ghidra.app.util.bin.format.dwarf.DWARFFunction.read(DWARFFunction.java:108)
	at ghidra.app.util.bin.format.dwarf.DWARFFunctionImporter.processSubprogram(DWARFFunctionImporter.java:161)
	at ghidra.app.util.bin.format.dwarf.DWARFFunctionImporter.importFunctions(DWARFFunctionImporter.java:111)
	at ghidra.app.util.bin.format.dwarf.DWARFImporter.performImport(DWARFImporter.java:409)
	at ghidra.app.plugin.core.analysis.DWARFAnalyzer.added(DWARFAnalyzer.java:113)
	at ghidra.app.plugin.core.analysis.AnalysisScheduler.runAnalyzer(AnalysisScheduler.java:186)
	at ghidra.app.plugin.core.analysis.AnalysisTask.applyTo(AnalysisTask.java:37)
	at ghidra.app.plugin.core.analysis.AnalysisTask.applyTo(AnalysisTask.java:24)
	at ghidra.app.plugin.core.analysis.AutoAnalysisManager$AnalysisTaskWrapper.run(AutoAnalysisManager.java:660)
	at ghidra.app.plugin.core.analysis.AutoAnalysisManager.startAnalysis(AutoAnalysisManager.java:760)
	at ghidra.app.plugin.core.analysis.AutoAnalysisManager.startAnalysis(AutoAnalysisManager.java:639)
	at ghidra.app.plugin.core.analysis.AutoAnalysisManager.startAnalysis(AutoAnalysisManager.java:604)
	at ghidra.app.util.headless.HeadlessAnalyzer.analyzeProgram(HeadlessAnalyzer.java:1053)
	at ghidra.app.util.headless.HeadlessAnalyzer.processFileWithImport(HeadlessAnalyzer.java:1584)
	at ghidra.app.util.headless.HeadlessAnalyzer.processWithLoader(HeadlessAnalyzer.java:1744)
	at ghidra.app.util.headless.HeadlessAnalyzer.processWithImport(HeadlessAnalyzer.java:1685)
	at ghidra.app.util.headless.HeadlessAnalyzer.processWithImport(HeadlessAnalyzer.java:1769)
	at ghidra.app.util.headless.HeadlessAnalyzer.processLocal(HeadlessAnalyzer.java:462)
	at ghidra.app.util.headless.AnalyzeHeadless.launch(AnalyzeHeadless.java:199)
	at ghidra.GhidraLauncher.launch(GhidraLauncher.java:81)
	at ghidra.Ghidra.main(Ghidra.java:54)
 
INFO  DIE info:
DIEAgregrate of: DIE [0xf36], 
<1><f36>: DW_TAG_subprogram [abbrev 13, tag 46, index 336, children 4]
		DW_AT_low_pc : DW_FORM_addr, addr v4 0x4104
		DW_AT_high_pc : DW_FORM_data4 = 48 [00000030]
		DW_AT_frame_base : DW_FORM_exprloc = [1]6e
		DW_AT_???? 8471 (0x2117) : DW_FORM_flag_present = true
		DW_AT_name : DW_FORM_strp = "benchmark_query" (offset 0x10e6)
		DW_AT_decl_file : DW_FORM_data1 = 2 [02]
		DW_AT_decl_line : DW_FORM_data1 = -119 or 137 [89]
		DW_AT_prototyped : DW_FORM_flag_present = true
		DW_AT_type : DW_FORM_ref4 = 1557 [0000000000000615]
		DW_AT_external : DW_FORM_flag_present = true
 (DWARFFunctionImporter)  
ERROR Error when processing DWARF information for DIE fa9 (DWARFFunctionImporter) java.lang.NullPointerException: Cannot invoke "ghidra.app.util.bin.format.dwarf.DWARFRegisterMappings.getStackFrameRegisterOffset()" because the return value of "ghidra.app.util.bin.format.dwarf.DWARFProgram.getRegisterMappings()" is null
	at ghidra.app.util.bin.format.dwarf.DWARFFunction.read(DWARFFunction.java:108)
	at ghidra.app.util.bin.format.dwarf.DWARFFunctionImporter.processSubprogram(DWARFFunctionImporter.java:161)
	at ghidra.app.util.bin.format.dwarf.DWARFFunctionImporter.importFunctions(DWARFFunctionImporter.java:111)
	at ghidra.app.util.bin.format.dwarf.DWARFImporter.performImport(DWARFImporter.java:409)
	at ghidra.app.plugin.core.analysis.DWARFAnalyzer.added(DWARFAnalyzer.java:113)
	at ghidra.app.plugin.core.analysis.AnalysisScheduler.runAnalyzer(AnalysisScheduler.java:186)
	at ghidra.app.plugin.core.analysis.AnalysisTask.applyTo(AnalysisTask.java:37)
	at ghidra.app.plugin.core.analysis.AnalysisTask.applyTo(AnalysisTask.java:24)
	at ghidra.app.plugin.core.analysis.AutoAnalysisManager$AnalysisTaskWrapper.run(AutoAnalysisManager.java:660)
	at ghidra.app.plugin.core.analysis.AutoAnalysisManager.startAnalysis(AutoAnalysisManager.java:760)
	at ghidra.app.plugin.core.analysis.AutoAnalysisManager.startAnalysis(AutoAnalysisManager.java:639)
	at ghidra.app.plugin.core.analysis.AutoAnalysisManager.startAnalysis(AutoAnalysisManager.java:604)
	at ghidra.app.util.headless.HeadlessAnalyzer.analyzeProgram(HeadlessAnalyzer.java:1053)
	at ghidra.app.util.headless.HeadlessAnalyzer.processFileWithImport(HeadlessAnalyzer.java:1584)
	at ghidra.app.util.headless.HeadlessAnalyzer.processWithLoader(HeadlessAnalyzer.java:1744)
	at ghidra.app.util.headless.HeadlessAnalyzer.processWithImport(HeadlessAnalyzer.java:1685)
	at ghidra.app.util.headless.HeadlessAnalyzer.processWithImport(HeadlessAnalyzer.java:1769)
	at ghidra.app.util.headless.HeadlessAnalyzer.processLocal(HeadlessAnalyzer.java:462)
	at ghidra.app.util.headless.AnalyzeHeadless.launch(AnalyzeHeadless.java:199)
	at ghidra.GhidraLauncher.launch(GhidraLauncher.java:81)
	at ghidra.Ghidra.main(Ghidra.java:54)
 
INFO  DIE info:
DIEAgregrate of: DIE [0xfa9], 
<1><fa9>: DW_TAG_subprogram [abbrev 13, tag 46, index 348, children 2]
		DW_AT_low_pc : DW_FORM_addr, addr v4 0x4134
		DW_AT_high_pc : DW_FORM_data4 = 8 [00000008]
		DW_AT_frame_base : DW_FORM_exprloc = [1]6d
		DW_AT_???? 8471 (0x2117) : DW_FORM_flag_present = true
		DW_AT_name : DW_FORM_strp = "benchmark_gemmOpen" (offset 0x10f6)
		DW_AT_decl_file : DW_FORM_data1 = 2 [02]
		DW_AT_decl_line : DW_FORM_data1 = -107 or 149 [95]
		DW_AT_prototyped : DW_FORM_flag_present = true
		DW_AT_type : DW_FORM_ref4 = 4209 [0000000000001071]
		DW_AT_external : DW_FORM_flag_present = true
 (DWARFFunctionImporter)  
ERROR Error when processing DWARF information for DIE fda (DWARFFunctionImporter) java.lang.NullPointerException: Cannot invoke "ghidra.app.util.bin.format.dwarf.DWARFRegisterMappings.getStackFrameRegisterOffset()" because the return value of "ghidra.app.util.bin.format.dwarf.DWARFProgram.getRegisterMappings()" is null
	at ghidra.app.util.bin.format.dwarf.DWARFFunction.read(DWARFFunction.java:108)
	at ghidra.app.util.bin.format.dwarf.DWARFFunctionImporter.processSubprogram(DWARFFunctionImporter.java:161)
	at ghidra.app.util.bin.format.dwarf.DWARFFunctionImporter.importFunctions(DWARFFunctionImporter.java:111)
	at ghidra.app.util.bin.format.dwarf.DWARFImporter.performImport(DWARFImporter.java:409)
	at ghidra.app.plugin.core.analysis.DWARFAnalyzer.added(DWARFAnalyzer.java:113)
	at ghidra.app.plugin.core.analysis.AnalysisScheduler.runAnalyzer(AnalysisScheduler.java:186)
	at ghidra.app.plugin.core.analysis.AnalysisTask.applyTo(AnalysisTask.java:37)
	at ghidra.app.plugin.core.analysis.AnalysisTask.applyTo(AnalysisTask.java:24)
	at ghidra.app.plugin.core.analysis.AutoAnalysisManager$AnalysisTaskWrapper.run(AutoAnalysisManager.java:660)
	at ghidra.app.plugin.core.analysis.AutoAnalysisManager.startAnalysis(AutoAnalysisManager.java:760)
	at ghidra.app.plugin.core.analysis.AutoAnalysisManager.startAnalysis(AutoAnalysisManager.java:639)
	at ghidra.app.plugin.core.analysis.AutoAnalysisManager.startAnalysis(AutoAnalysisManager.java:604)
	at ghidra.app.util.headless.HeadlessAnalyzer.analyzeProgram(HeadlessAnalyzer.java:1053)
	at ghidra.app.util.headless.HeadlessAnalyzer.processFileWithImport(HeadlessAnalyzer.java:1584)
	at ghidra.app.util.headless.HeadlessAnalyzer.processWithLoader(HeadlessAnalyzer.java:1744)
	at ghidra.app.util.headless.HeadlessAnalyzer.processWithImport(HeadlessAnalyzer.java:1685)
	at ghidra.app.util.headless.HeadlessAnalyzer.processWithImport(HeadlessAnalyzer.java:1769)
	at ghidra.app.util.headless.HeadlessAnalyzer.processLocal(HeadlessAnalyzer.java:462)
	at ghidra.app.util.headless.AnalyzeHeadless.launch(AnalyzeHeadless.java:199)
	at ghidra.GhidraLauncher.launch(GhidraLauncher.java:81)
	at ghidra.Ghidra.main(Ghidra.java:54)
 
INFO  DIE info:
DIEAgregrate of: DIE [0xfda], 
<1><fda>: DW_TAG_subprogram [abbrev 13, tag 46, index 351, children 2]
		DW_AT_low_pc : DW_FORM_addr, addr v4 0x413c
		DW_AT_high_pc : DW_FORM_data4 = 8 [00000008]
		DW_AT_frame_base : DW_FORM_exprloc = [1]6d
		DW_AT_???? 8471 (0x2117) : DW_FORM_flag_present = true
		DW_AT_name : DW_FORM_strp = "benchmark_gemmClose" (offset 0x1109)
		DW_AT_decl_file : DW_FORM_data1 = 2 [02]
		DW_AT_decl_line : DW_FORM_data1 = -102 or 154 [9a]
		DW_AT_prototyped : DW_FORM_flag_present = true
		DW_AT_type : DW_FORM_ref4 = 4209 [0000000000001071]
		DW_AT_external : DW_FORM_flag_present = true
 (DWARFFunctionImporter)  
ERROR Error when processing DWARF information for DIE 100b (DWARFFunctionImporter) java.lang.NullPointerException: Cannot invoke "ghidra.app.util.bin.format.dwarf.DWARFRegisterMappings.getStackFrameRegisterOffset()" because the return value of "ghidra.app.util.bin.format.dwarf.DWARFProgram.getRegisterMappings()" is null
	at ghidra.app.util.bin.format.dwarf.DWARFFunction.read(DWARFFunction.java:108)
	at ghidra.app.util.bin.format.dwarf.DWARFFunctionImporter.processSubprogram(DWARFFunctionImporter.java:161)
	at ghidra.app.util.bin.format.dwarf.DWARFFunctionImporter.importFunctions(DWARFFunctionImporter.java:111)
	at ghidra.app.util.bin.format.dwarf.DWARFImporter.performImport(DWARFImporter.java:409)
	at ghidra.app.plugin.core.analysis.DWARFAnalyzer.added(DWARFAnalyzer.java:113)
	at ghidra.app.plugin.core.analysis.AnalysisScheduler.runAnalyzer(AnalysisScheduler.java:186)
	at ghidra.app.plugin.core.analysis.AnalysisTask.applyTo(AnalysisTask.java:37)
	at ghidra.app.plugin.core.analysis.AnalysisTask.applyTo(AnalysisTask.java:24)
	at ghidra.app.plugin.core.analysis.AutoAnalysisManager$AnalysisTaskWrapper.run(AutoAnalysisManager.java:660)
	at ghidra.app.plugin.core.analysis.AutoAnalysisManager.startAnalysis(AutoAnalysisManager.java:760)
	at ghidra.app.plugin.core.analysis.AutoAnalysisManager.startAnalysis(AutoAnalysisManager.java:639)
	at ghidra.app.plugin.core.analysis.AutoAnalysisManager.startAnalysis(AutoAnalysisManager.java:604)
	at ghidra.app.util.headless.HeadlessAnalyzer.analyzeProgram(HeadlessAnalyzer.java:1053)
	at ghidra.app.util.headless.HeadlessAnalyzer.processFileWithImport(HeadlessAnalyzer.java:1584)
	at ghidra.app.util.headless.HeadlessAnalyzer.processWithLoader(HeadlessAnalyzer.java:1744)
	at ghidra.app.util.headless.HeadlessAnalyzer.processWithImport(HeadlessAnalyzer.java:1685)
	at ghidra.app.util.headless.HeadlessAnalyzer.processWithImport(HeadlessAnalyzer.java:1769)
	at ghidra.app.util.headless.HeadlessAnalyzer.processLocal(HeadlessAnalyzer.java:462)
	at ghidra.app.util.headless.AnalyzeHeadless.launch(AnalyzeHeadless.java:199)
	at ghidra.GhidraLauncher.launch(GhidraLauncher.java:81)
	at ghidra.Ghidra.main(Ghidra.java:54)
 
INFO  DIE info:
DIEAgregrate of: DIE [0x100b], 
<1><100b>: DW_TAG_subprogram [abbrev 13, tag 46, index 354, children 6]
		DW_AT_low_pc : DW_FORM_addr, addr v4 0x4144
		DW_AT_high_pc : DW_FORM_data4 = 8 [00000008]
		DW_AT_frame_base : DW_FORM_exprloc = [1]6d
		DW_AT_???? 8471 (0x2117) : DW_FORM_flag_present = true
		DW_AT_name : DW_FORM_strp = "benchmark_gemmRun" (offset 0x111d)
		DW_AT_decl_file : DW_FORM_data1 = 2 [02]
		DW_AT_decl_line : DW_FORM_data1 = -97 or 159 [9f]
		DW_AT_prototyped : DW_FORM_flag_present = true
		DW_AT_type : DW_FORM_ref4 = 4209 [0000000000001071]
		DW_AT_external : DW_FORM_flag_present = true
 (DWARFFunctionImporter)  
ERROR Error when processing DWARF information for DIE 14d0 (DWARFFunctionImporter) java.lang.NullPointerException: Cannot invoke "ghidra.app.util.bin.format.dwarf.DWARFRegisterMappings.getStackFrameRegisterOffset()" because the return value of "ghidra.app.util.bin.format.dwarf.DWARFProgram.getRegisterMappings()" is null
	at ghidra.app.util.bin.format.dwarf.DWARFFunction.read(DWARFFunction.java:108)
	at ghidra.app.util.bin.format.dwarf.DWARFFunctionImporter.processSubprogram(DWARFFunctionImporter.java:161)
	at ghidra.app.util.bin.format.dwarf.DWARFFunctionImporter.importFunctions(DWARFFunctionImporter.java:111)
	at ghidra.app.util.bin.format.dwarf.DWARFImporter.performImport(DWARFImporter.java:409)
	at ghidra.app.plugin.core.analysis.DWARFAnalyzer.added(DWARFAnalyzer.java:113)
	at ghidra.app.plugin.core.analysis.AnalysisScheduler.runAnalyzer(AnalysisScheduler.java:186)
	at ghidra.app.plugin.core.analysis.AnalysisTask.applyTo(AnalysisTask.java:37)
	at ghidra.app.plugin.core.analysis.AnalysisTask.applyTo(AnalysisTask.java:24)
	at ghidra.app.plugin.core.analysis.AutoAnalysisManager$AnalysisTaskWrapper.run(AutoAnalysisManager.java:660)
	at ghidra.app.plugin.core.analysis.AutoAnalysisManager.startAnalysis(AutoAnalysisManager.java:760)
	at ghidra.app.plugin.core.analysis.AutoAnalysisManager.startAnalysis(AutoAnalysisManager.java:639)
	at ghidra.app.plugin.core.analysis.AutoAnalysisManager.startAnalysis(AutoAnalysisManager.java:604)
	at ghidra.app.util.headless.HeadlessAnalyzer.analyzeProgram(HeadlessAnalyzer.java:1053)
	at ghidra.app.util.headless.HeadlessAnalyzer.processFileWithImport(HeadlessAnalyzer.java:1584)
	at ghidra.app.util.headless.HeadlessAnalyzer.processWithLoader(HeadlessAnalyzer.java:1744)
	at ghidra.app.util.headless.HeadlessAnalyzer.processWithImport(HeadlessAnalyzer.java:1685)
	at ghidra.app.util.headless.HeadlessAnalyzer.processWithImport(HeadlessAnalyzer.java:1769)
	at ghidra.app.util.headless.HeadlessAnalyzer.processLocal(HeadlessAnalyzer.java:462)
	at ghidra.app.util.headless.AnalyzeHeadless.launch(AnalyzeHeadless.java:199)
	at ghidra.GhidraLauncher.launch(GhidraLauncher.java:81)
	at ghidra.Ghidra.main(Ghidra.java:54)
 
INFO  DIE info:
DIEAgregrate of: DIE [0x14d0], 
<1><14d0>: DW_TAG_subprogram [abbrev 18, tag 46, index 426, children 38]
		DW_AT_low_pc : DW_FORM_addr, addr v4 0x4460
		DW_AT_high_pc : DW_FORM_data4 = 892 [0000037c]
		DW_AT_frame_base : DW_FORM_exprloc = [1]6e
		DW_AT_???? 8471 (0x2117) : DW_FORM_flag_present = true
		DW_AT_name : DW_FORM_strp = "benchmark_bilateral9x9_vtcm" (offset 0x13b7)
		DW_AT_decl_file : DW_FORM_data1 = 2 [02]
		DW_AT_decl_line : DW_FORM_data1 = -58 or 198 [c6]
		DW_AT_prototyped : DW_FORM_flag_present = true
		DW_AT_type : DW_FORM_ref4 = 6756 [0000000000001a64]
		DW_AT_external : DW_FORM_flag_present = true
 (DWARFFunctionImporter)  
ERROR Error when processing DWARF information for DIE 175a (DWARFFunctionImporter) java.lang.NullPointerException: Cannot invoke "ghidra.app.util.bin.format.dwarf.DWARFRegisterMappings.getStackFrameRegisterOffset()" because the return value of "ghidra.app.util.bin.format.dwarf.DWARFProgram.getRegisterMappings()" is null
	at ghidra.app.util.bin.format.dwarf.DWARFFunction.read(DWARFFunction.java:108)
	at ghidra.app.util.bin.format.dwarf.DWARFFunctionImporter.processSubprogram(DWARFFunctionImporter.java:161)
	at ghidra.app.util.bin.format.dwarf.DWARFFunctionImporter.importFunctions(DWARFFunctionImporter.java:111)
	at ghidra.app.util.bin.format.dwarf.DWARFImporter.performImport(DWARFImporter.java:409)
	at ghidra.app.plugin.core.analysis.DWARFAnalyzer.added(DWARFAnalyzer.java:113)
	at ghidra.app.plugin.core.analysis.AnalysisScheduler.runAnalyzer(AnalysisScheduler.java:186)
	at ghidra.app.plugin.core.analysis.AnalysisTask.applyTo(AnalysisTask.java:37)
	at ghidra.app.plugin.core.analysis.AnalysisTask.applyTo(AnalysisTask.java:24)
	at ghidra.app.plugin.core.analysis.AutoAnalysisManager$AnalysisTaskWrapper.run(AutoAnalysisManager.java:660)
	at ghidra.app.plugin.core.analysis.AutoAnalysisManager.startAnalysis(AutoAnalysisManager.java:760)
	at ghidra.app.plugin.core.analysis.AutoAnalysisManager.startAnalysis(AutoAnalysisManager.java:639)
	at ghidra.app.plugin.core.analysis.AutoAnalysisManager.startAnalysis(AutoAnalysisManager.java:604)
	at ghidra.app.util.headless.HeadlessAnalyzer.analyzeProgram(HeadlessAnalyzer.java:1053)
	at ghidra.app.util.headless.HeadlessAnalyzer.processFileWithImport(HeadlessAnalyzer.java:1584)
	at ghidra.app.util.headless.HeadlessAnalyzer.processWithLoader(HeadlessAnalyzer.java:1744)
	at ghidra.app.util.headless.HeadlessAnalyzer.processWithImport(HeadlessAnalyzer.java:1685)
	at ghidra.app.util.headless.HeadlessAnalyzer.processWithImport(HeadlessAnalyzer.java:1769)
	at ghidra.app.util.headless.HeadlessAnalyzer.processLocal(HeadlessAnalyzer.java:462)
	at ghidra.app.util.headless.AnalyzeHeadless.launch(AnalyzeHeadless.java:199)
	at ghidra.GhidraLauncher.launch(GhidraLauncher.java:81)
	at ghidra.Ghidra.main(Ghidra.java:54)
 
INFO  DIE info:
DIEAgregrate of: DIE [0x175a], 
<1><175a>: DW_TAG_subprogram [abbrev 31, tag 46, index 478, children 8]
		DW_AT_low_pc : DW_FORM_addr, addr v4 0x47dc
		DW_AT_high_pc : DW_FORM_data4 = 80 [00000050]
		DW_AT_frame_base : DW_FORM_exprloc = [1]6e
		DW_AT_???? 8471 (0x2117) : DW_FORM_flag_present = true
		DW_AT_name : DW_FORM_strp = "_HAP_debug_v2" (offset 0x13d3)
		DW_AT_decl_file : DW_FORM_data1 = 8 [08]
		DW_AT_decl_line : DW_FORM_data1 = 60 [3c]
		DW_AT_prototyped : DW_FORM_flag_present = true
 (DWARFFunctionImporter)  
ERROR Error when processing DWARF information for DIE 186a (DWARFFunctionImporter) java.lang.NullPointerException: Cannot invoke "ghidra.app.util.bin.format.dwarf.DWARFRegisterMappings.getStackFrameRegisterOffset()" because the return value of "ghidra.app.util.bin.format.dwarf.DWARFProgram.getRegisterMappings()" is null
	at ghidra.app.util.bin.format.dwarf.DWARFFunction.read(DWARFFunction.java:108)
	at ghidra.app.util.bin.format.dwarf.DWARFFunctionImporter.processSubprogram(DWARFFunctionImporter.java:161)
	at ghidra.app.util.bin.format.dwarf.DWARFFunctionImporter.importFunctions(DWARFFunctionImporter.java:111)
	at ghidra.app.util.bin.format.dwarf.DWARFImporter.performImport(DWARFImporter.java:409)
	at ghidra.app.plugin.core.analysis.DWARFAnalyzer.added(DWARFAnalyzer.java:113)
	at ghidra.app.plugin.core.analysis.AnalysisScheduler.runAnalyzer(AnalysisScheduler.java:186)
	at ghidra.app.plugin.core.analysis.AnalysisTask.applyTo(AnalysisTask.java:37)
	at ghidra.app.plugin.core.analysis.AnalysisTask.applyTo(AnalysisTask.java:24)
	at ghidra.app.plugin.core.analysis.AutoAnalysisManager$AnalysisTaskWrapper.run(AutoAnalysisManager.java:660)
	at ghidra.app.plugin.core.analysis.AutoAnalysisManager.startAnalysis(AutoAnalysisManager.java:760)
	at ghidra.app.plugin.core.analysis.AutoAnalysisManager.startAnalysis(AutoAnalysisManager.java:639)
	at ghidra.app.plugin.core.analysis.AutoAnalysisManager.startAnalysis(AutoAnalysisManager.java:604)
	at ghidra.app.util.headless.HeadlessAnalyzer.analyzeProgram(HeadlessAnalyzer.java:1053)
	at ghidra.app.util.headless.HeadlessAnalyzer.processFileWithImport(HeadlessAnalyzer.java:1584)
	at ghidra.app.util.headless.HeadlessAnalyzer.processWithLoader(HeadlessAnalyzer.java:1744)
	at ghidra.app.util.headless.HeadlessAnalyzer.processWithImport(HeadlessAnalyzer.java:1685)
	at ghidra.app.util.headless.HeadlessAnalyzer.processWithImport(HeadlessAnalyzer.java:1769)
	at ghidra.app.util.headless.HeadlessAnalyzer.processLocal(HeadlessAnalyzer.java:462)
	at ghidra.app.util.headless.AnalyzeHeadless.launch(AnalyzeHeadless.java:199)
	at ghidra.GhidraLauncher.launch(GhidraLauncher.java:81)
	at ghidra.Ghidra.main(Ghidra.java:54)
 
INFO  DIE info:
DIEAgregrate of: DIE [0x186a], 
<1><186a>: DW_TAG_subprogram [abbrev 31, tag 46, index 511, children 23]
		DW_AT_low_pc : DW_FORM_addr, addr v4 0x482c
		DW_AT_high_pc : DW_FORM_data4 = 320 [00000140]
		DW_AT_frame_base : DW_FORM_exprloc = [1]6e
		DW_AT_???? 8471 (0x2117) : DW_FORM_flag_present = true
		DW_AT_name : DW_FORM_strp = "bilateral9x9_vtcm_callback" (offset 0x13e1)
		DW_AT_decl_file : DW_FORM_data1 = 2 [02]
		DW_AT_decl_line : DW_FORM_data1 = 118 [76]
		DW_AT_prototyped : DW_FORM_flag_present = true
 (DWARFFunctionImporter)  
ERROR Error when processing DWARF information for DIE 1c34 (DWARFFunctionImporter) java.lang.NullPointerException: Cannot invoke "ghidra.app.util.bin.format.dwarf.DWARFRegisterMappings.getStackFrameRegisterOffset()" because the return value of "ghidra.app.util.bin.format.dwarf.DWARFProgram.getRegisterMappings()" is null
	at ghidra.app.util.bin.format.dwarf.DWARFFunction.read(DWARFFunction.java:108)
	at ghidra.app.util.bin.format.dwarf.DWARFFunctionImporter.processSubprogram(DWARFFunctionImporter.java:161)
	at ghidra.app.util.bin.format.dwarf.DWARFFunctionImporter.importFunctions(DWARFFunctionImporter.java:111)
	at ghidra.app.util.bin.format.dwarf.DWARFImporter.performImport(DWARFImporter.java:409)
	at ghidra.app.plugin.core.analysis.DWARFAnalyzer.added(DWARFAnalyzer.java:113)
	at ghidra.app.plugin.core.analysis.AnalysisScheduler.runAnalyzer(AnalysisScheduler.java:186)
	at ghidra.app.plugin.core.analysis.AnalysisTask.applyTo(AnalysisTask.java:37)
	at ghidra.app.plugin.core.analysis.AnalysisTask.applyTo(AnalysisTask.java:24)
	at ghidra.app.plugin.core.analysis.AutoAnalysisManager$AnalysisTaskWrapper.run(AutoAnalysisManager.java:660)
	at ghidra.app.plugin.core.analysis.AutoAnalysisManager.startAnalysis(AutoAnalysisManager.java:760)
	at ghidra.app.plugin.core.analysis.AutoAnalysisManager.startAnalysis(AutoAnalysisManager.java:639)
	at ghidra.app.plugin.core.analysis.AutoAnalysisManager.startAnalysis(AutoAnalysisManager.java:604)
	at ghidra.app.util.headless.HeadlessAnalyzer.analyzeProgram(HeadlessAnalyzer.java:1053)
	at ghidra.app.util.headless.HeadlessAnalyzer.processFileWithImport(HeadlessAnalyzer.java:1584)
	at ghidra.app.util.headless.HeadlessAnalyzer.processWithLoader(HeadlessAnalyzer.java:1744)
	at ghidra.app.util.headless.HeadlessAnalyzer.processWithImport(HeadlessAnalyzer.java:1685)
	at ghidra.app.util.headless.HeadlessAnalyzer.processWithImport(HeadlessAnalyzer.java:1769)
	at ghidra.app.util.headless.HeadlessAnalyzer.processLocal(HeadlessAnalyzer.java:462)
	at ghidra.app.util.headless.AnalyzeHeadless.launch(AnalyzeHeadless.java:199)
	at ghidra.GhidraLauncher.launch(GhidraLauncher.java:81)
	at ghidra.Ghidra.main(Ghidra.java:54)
 
INFO  DIE info:
DIEAgregrate of: DIE [0x1c34], 
<1><1c34>: DW_TAG_subprogram [abbrev 13, tag 46, index 608, children 27]
		DW_AT_low_pc : DW_FORM_addr, addr v4 0x4970
		DW_AT_high_pc : DW_FORM_data4 = 636 [0000027c]
		DW_AT_frame_base : DW_FORM_exprloc = [1]6e
		DW_AT_???? 8471 (0x2117) : DW_FORM_flag_present = true
		DW_AT_name : DW_FORM_strp = "benchmark_bilateral9x9" (offset 0x1601)
		DW_AT_decl_file : DW_FORM_data1 = 5 [05]
		DW_AT_decl_line : DW_FORM_data1 = -110 or 146 [92]
		DW_AT_prototyped : DW_FORM_flag_present = true
		DW_AT_type : DW_FORM_ref4 = 8340 [0000000000002094]
		DW_AT_external : DW_FORM_flag_present = true
 (DWARFFunctionImporter)  
ERROR Error when processing DWARF information for DIE 1ded (DWARFFunctionImporter) java.lang.NullPointerException: Cannot invoke "ghidra.app.util.bin.format.dwarf.DWARFRegisterMappings.getStackFrameRegisterOffset()" because the return value of "ghidra.app.util.bin.format.dwarf.DWARFProgram.getRegisterMappings()" is null
	at ghidra.app.util.bin.format.dwarf.DWARFFunction.read(DWARFFunction.java:108)
	at ghidra.app.util.bin.format.dwarf.DWARFFunctionImporter.processSubprogram(DWARFFunctionImporter.java:161)
	at ghidra.app.util.bin.format.dwarf.DWARFFunctionImporter.importFunctions(DWARFFunctionImporter.java:111)
	at ghidra.app.util.bin.format.dwarf.DWARFImporter.performImport(DWARFImporter.java:409)
	at ghidra.app.plugin.core.analysis.DWARFAnalyzer.added(DWARFAnalyzer.java:113)
	at ghidra.app.plugin.core.analysis.AnalysisScheduler.runAnalyzer(AnalysisScheduler.java:186)
	at ghidra.app.plugin.core.analysis.AnalysisTask.applyTo(AnalysisTask.java:37)
	at ghidra.app.plugin.core.analysis.AnalysisTask.applyTo(AnalysisTask.java:24)
	at ghidra.app.plugin.core.analysis.AutoAnalysisManager$AnalysisTaskWrapper.run(AutoAnalysisManager.java:660)
	at ghidra.app.plugin.core.analysis.AutoAnalysisManager.startAnalysis(AutoAnalysisManager.java:760)
	at ghidra.app.plugin.core.analysis.AutoAnalysisManager.startAnalysis(AutoAnalysisManager.java:639)
	at ghidra.app.plugin.core.analysis.AutoAnalysisManager.startAnalysis(AutoAnalysisManager.java:604)
	at ghidra.app.util.headless.HeadlessAnalyzer.analyzeProgram(HeadlessAnalyzer.java:1053)
	at ghidra.app.util.headless.HeadlessAnalyzer.processFileWithImport(HeadlessAnalyzer.java:1584)
	at ghidra.app.util.headless.HeadlessAnalyzer.processWithLoader(HeadlessAnalyzer.java:1744)
	at ghidra.app.util.headless.HeadlessAnalyzer.processWithImport(HeadlessAnalyzer.java:1685)
	at ghidra.app.util.headless.HeadlessAnalyzer.processWithImport(HeadlessAnalyzer.java:1769)
	at ghidra.app.util.headless.HeadlessAnalyzer.processLocal(HeadlessAnalyzer.java:462)
	at ghidra.app.util.headless.AnalyzeHeadless.launch(AnalyzeHeadless.java:199)
	at ghidra.GhidraLauncher.launch(GhidraLauncher.java:81)
	at ghidra.Ghidra.main(Ghidra.java:54)
 
INFO  DIE info:
DIEAgregrate of: DIE [0x1ded], 
<1><1ded>: DW_TAG_subprogram [abbrev 21, tag 46, index 641, children 8]
		DW_AT_low_pc : DW_FORM_addr, addr v4 0x4bec
		DW_AT_high_pc : DW_FORM_data4 = 80 [00000050]
		DW_AT_frame_base : DW_FORM_exprloc = [1]6e
		DW_AT_???? 8471 (0x2117) : DW_FORM_flag_present = true
		DW_AT_name : DW_FORM_strp = "_HAP_debug_v2" (offset 0x13d3)
		DW_AT_decl_file : DW_FORM_data1 = 8 [08]
		DW_AT_decl_line : DW_FORM_data1 = 60 [3c]
		DW_AT_prototyped : DW_FORM_flag_present = true
 (DWARFFunctionImporter)  
ERROR Error when processing DWARF information for DIE 1eec (DWARFFunctionImporter) java.lang.NullPointerException: Cannot invoke "ghidra.app.util.bin.format.dwarf.DWARFRegisterMappings.getStackFrameRegisterOffset()" because the return value of "ghidra.app.util.bin.format.dwarf.DWARFProgram.getRegisterMappings()" is null
	at ghidra.app.util.bin.format.dwarf.DWARFFunction.read(DWARFFunction.java:108)
	at ghidra.app.util.bin.format.dwarf.DWARFFunctionImporter.processSubprogram(DWARFFunctionImporter.java:161)
	at ghidra.app.util.bin.format.dwarf.DWARFFunctionImporter.importFunctions(DWARFFunctionImporter.java:111)
	at ghidra.app.util.bin.format.dwarf.DWARFImporter.performImport(DWARFImporter.java:409)
	at ghidra.app.plugin.core.analysis.DWARFAnalyzer.added(DWARFAnalyzer.java:113)
	at ghidra.app.plugin.core.analysis.AnalysisScheduler.runAnalyzer(AnalysisScheduler.java:186)
	at ghidra.app.plugin.core.analysis.AnalysisTask.applyTo(AnalysisTask.java:37)
	at ghidra.app.plugin.core.analysis.AnalysisTask.applyTo(AnalysisTask.java:24)
	at ghidra.app.plugin.core.analysis.AutoAnalysisManager$AnalysisTaskWrapper.run(AutoAnalysisManager.java:660)
	at ghidra.app.plugin.core.analysis.AutoAnalysisManager.startAnalysis(AutoAnalysisManager.java:760)
	at ghidra.app.plugin.core.analysis.AutoAnalysisManager.startAnalysis(AutoAnalysisManager.java:639)
	at ghidra.app.plugin.core.analysis.AutoAnalysisManager.startAnalysis(AutoAnalysisManager.java:604)
	at ghidra.app.util.headless.HeadlessAnalyzer.analyzeProgram(HeadlessAnalyzer.java:1053)
	at ghidra.app.util.headless.HeadlessAnalyzer.processFileWithImport(HeadlessAnalyzer.java:1584)
	at ghidra.app.util.headless.HeadlessAnalyzer.processWithLoader(HeadlessAnalyzer.java:1744)
	at ghidra.app.util.headless.HeadlessAnalyzer.processWithImport(HeadlessAnalyzer.java:1685)
	at ghidra.app.util.headless.HeadlessAnalyzer.processWithImport(HeadlessAnalyzer.java:1769)
	at ghidra.app.util.headless.HeadlessAnalyzer.processLocal(HeadlessAnalyzer.java:462)
	at ghidra.app.util.headless.AnalyzeHeadless.launch(AnalyzeHeadless.java:199)
	at ghidra.GhidraLauncher.launch(GhidraLauncher.java:81)
	at ghidra.Ghidra.main(Ghidra.java:54)
 
INFO  DIE info:
DIEAgregrate of: DIE [0x1eec], 
<1><1eec>: DW_TAG_subprogram [abbrev 21, tag 46, index 672, children 24]
		DW_AT_low_pc : DW_FORM_addr, addr v4 0x4c3c
		DW_AT_high_pc : DW_FORM_data4 = 336 [00000150]
		DW_AT_frame_base : DW_FORM_exprloc = [1]6e
		DW_AT_???? 8471 (0x2117) : DW_FORM_flag_present = true
		DW_AT_name : DW_FORM_strp = "bilateral9x9_callback" (offset 0x1618)
		DW_AT_decl_file : DW_FORM_data1 = 5 [05]
		DW_AT_decl_line : DW_FORM_data1 = 78 [4e]
		DW_AT_prototyped : DW_FORM_flag_present = true
 (DWARFFunctionImporter)  
ERROR Error when processing DWARF information for DIE 2667 (DWARFFunctionImporter) java.lang.NullPointerException: Cannot invoke "ghidra.app.util.bin.format.dwarf.DWARFRegisterMappings.getStackFrameRegisterOffset()" because the return value of "ghidra.app.util.bin.format.dwarf.DWARFProgram.getRegisterMappings()" is null
	at ghidra.app.util.bin.format.dwarf.DWARFFunction.read(DWARFFunction.java:108)
	at ghidra.app.util.bin.format.dwarf.DWARFFunctionImporter.processSubprogram(DWARFFunctionImporter.java:161)
	at ghidra.app.util.bin.format.dwarf.DWARFFunctionImporter.importFunctions(DWARFFunctionImporter.java:111)
	at ghidra.app.util.bin.format.dwarf.DWARFImporter.performImport(DWARFImporter.java:409)
	at ghidra.app.plugin.core.analysis.DWARFAnalyzer.added(DWARFAnalyzer.java:113)
	at ghidra.app.plugin.core.analysis.AnalysisScheduler.runAnalyzer(AnalysisScheduler.java:186)
	at ghidra.app.plugin.core.analysis.AnalysisTask.applyTo(AnalysisTask.java:37)
	at ghidra.app.plugin.core.analysis.AnalysisTask.applyTo(AnalysisTask.java:24)
	at ghidra.app.plugin.core.analysis.AutoAnalysisManager$AnalysisTaskWrapper.run(AutoAnalysisManager.java:660)
	at ghidra.app.plugin.core.analysis.AutoAnalysisManager.startAnalysis(AutoAnalysisManager.java:760)
	at ghidra.app.plugin.core.analysis.AutoAnalysisManager.startAnalysis(AutoAnalysisManager.java:639)
	at ghidra.app.plugin.core.analysis.AutoAnalysisManager.startAnalysis(AutoAnalysisManager.java:604)
	at ghidra.app.util.headless.HeadlessAnalyzer.analyzeProgram(HeadlessAnalyzer.java:1053)
	at ghidra.app.util.headless.HeadlessAnalyzer.processFileWithImport(HeadlessAnalyzer.java:1584)
	at ghidra.app.util.headless.HeadlessAnalyzer.processWithLoader(HeadlessAnalyzer.java:1744)
	at ghidra.app.util.headless.HeadlessAnalyzer.processWithImport(HeadlessAnalyzer.java:1685)
	at ghidra.app.util.headless.HeadlessAnalyzer.processWithImport(HeadlessAnalyzer.java:1769)
	at ghidra.app.util.headless.HeadlessAnalyzer.processLocal(HeadlessAnalyzer.java:462)
	at ghidra.app.util.headless.AnalyzeHeadless.launch(AnalyzeHeadless.java:199)
	at ghidra.GhidraLauncher.launch(GhidraLauncher.java:81)
	at ghidra.Ghidra.main(Ghidra.java:54)
 
INFO  DIE info:
DIEAgregrate of: DIE [0x2667], 
<1><2667>: DW_TAG_subprogram [abbrev 12, tag 46, index 775, children 31]
		DW_AT_low_pc : DW_FORM_addr, addr v4 0x5290
		DW_AT_high_pc : DW_FORM_data4 = 696 [000002b8]
		DW_AT_frame_base : DW_FORM_exprloc = [1]6e
		DW_AT_???? 8471 (0x2117) : DW_FORM_flag_present = true
		DW_AT_name : DW_FORM_strp = "benchmark_conv3x3" (offset 0x1753)
		DW_AT_decl_file : DW_FORM_data1 = 4 [04]
		DW_AT_decl_line : DW_FORM_data1 = -128 or 128 [80]
		DW_AT_prototyped : DW_FORM_flag_present = true
		DW_AT_type : DW_FORM_ref4 = 10893 [0000000000002a8d]
		DW_AT_external : DW_FORM_flag_present = true
 (DWARFFunctionImporter)  
ERROR Error when processing DWARF information for DIE 285d (DWARFFunctionImporter) java.lang.NullPointerException: Cannot invoke "ghidra.app.util.bin.format.dwarf.DWARFRegisterMappings.getStackFrameRegisterOffset()" because the return value of "ghidra.app.util.bin.format.dwarf.DWARFProgram.getRegisterMappings()" is null
	at ghidra.app.util.bin.format.dwarf.DWARFFunction.read(DWARFFunction.java:108)
	at ghidra.app.util.bin.format.dwarf.DWARFFunctionImporter.processSubprogram(DWARFFunctionImporter.java:161)
	at ghidra.app.util.bin.format.dwarf.DWARFFunctionImporter.importFunctions(DWARFFunctionImporter.java:111)
	at ghidra.app.util.bin.format.dwarf.DWARFImporter.performImport(DWARFImporter.java:409)
	at ghidra.app.plugin.core.analysis.DWARFAnalyzer.added(DWARFAnalyzer.java:113)
	at ghidra.app.plugin.core.analysis.AnalysisScheduler.runAnalyzer(AnalysisScheduler.java:186)
	at ghidra.app.plugin.core.analysis.AnalysisTask.applyTo(AnalysisTask.java:37)
	at ghidra.app.plugin.core.analysis.AnalysisTask.applyTo(AnalysisTask.java:24)
	at ghidra.app.plugin.core.analysis.AutoAnalysisManager$AnalysisTaskWrapper.run(AutoAnalysisManager.java:660)
	at ghidra.app.plugin.core.analysis.AutoAnalysisManager.startAnalysis(AutoAnalysisManager.java:760)
	at ghidra.app.plugin.core.analysis.AutoAnalysisManager.startAnalysis(AutoAnalysisManager.java:639)
	at ghidra.app.plugin.core.analysis.AutoAnalysisManager.startAnalysis(AutoAnalysisManager.java:604)
	at ghidra.app.util.headless.HeadlessAnalyzer.analyzeProgram(HeadlessAnalyzer.java:1053)
	at ghidra.app.util.headless.HeadlessAnalyzer.processFileWithImport(HeadlessAnalyzer.java:1584)
	at ghidra.app.util.headless.HeadlessAnalyzer.processWithLoader(HeadlessAnalyzer.java:1744)
	at ghidra.app.util.headless.HeadlessAnalyzer.processWithImport(HeadlessAnalyzer.java:1685)
	at ghidra.app.util.headless.HeadlessAnalyzer.processWithImport(HeadlessAnalyzer.java:1769)
	at ghidra.app.util.headless.HeadlessAnalyzer.processLocal(HeadlessAnalyzer.java:462)
	at ghidra.app.util.headless.AnalyzeHeadless.launch(AnalyzeHeadless.java:199)
	at ghidra.GhidraLauncher.launch(GhidraLauncher.java:81)
	at ghidra.Ghidra.main(Ghidra.java:54)
 
INFO  DIE info:
DIEAgregrate of: DIE [0x285d], 
<1><285d>: DW_TAG_subprogram [abbrev 20, tag 46, index 812, children 8]
		DW_AT_low_pc : DW_FORM_addr, addr v4 0x5548
		DW_AT_high_pc : DW_FORM_data4 = 68 [00000044]
		DW_AT_frame_base : DW_FORM_exprloc = [1]6e
		DW_AT_???? 8471 (0x2117) : DW_FORM_flag_present = true
		DW_AT_name : DW_FORM_strp = "_HAP_debug_v2" (offset 0x13d3)
		DW_AT_decl_file : DW_FORM_data1 = 7 [07]
		DW_AT_decl_line : DW_FORM_data1 = 60 [3c]
		DW_AT_prototyped : DW_FORM_flag_present = true
 (DWARFFunctionImporter)  
ERROR Error when processing DWARF information for DIE 2948 (DWARFFunctionImporter) java.lang.NullPointerException: Cannot invoke "ghidra.app.util.bin.format.dwarf.DWARFRegisterMappings.getStackFrameRegisterOffset()" because the return value of "ghidra.app.util.bin.format.dwarf.DWARFProgram.getRegisterMappings()" is null
	at ghidra.app.util.bin.format.dwarf.DWARFFunction.read(DWARFFunction.java:108)
	at ghidra.app.util.bin.format.dwarf.DWARFFunctionImporter.processSubprogram(DWARFFunctionImporter.java:161)
	at ghidra.app.util.bin.format.dwarf.DWARFFunctionImporter.importFunctions(DWARFFunctionImporter.java:111)
	at ghidra.app.util.bin.format.dwarf.DWARFImporter.performImport(DWARFImporter.java:409)
	at ghidra.app.plugin.core.analysis.DWARFAnalyzer.added(DWARFAnalyzer.java:113)
	at ghidra.app.plugin.core.analysis.AnalysisScheduler.runAnalyzer(AnalysisScheduler.java:186)
	at ghidra.app.plugin.core.analysis.AnalysisTask.applyTo(AnalysisTask.java:37)
	at ghidra.app.plugin.core.analysis.AnalysisTask.applyTo(AnalysisTask.java:24)
	at ghidra.app.plugin.core.analysis.AutoAnalysisManager$AnalysisTaskWrapper.run(AutoAnalysisManager.java:660)
	at ghidra.app.plugin.core.analysis.AutoAnalysisManager.startAnalysis(AutoAnalysisManager.java:760)
	at ghidra.app.plugin.core.analysis.AutoAnalysisManager.startAnalysis(AutoAnalysisManager.java:639)
	at ghidra.app.plugin.core.analysis.AutoAnalysisManager.startAnalysis(AutoAnalysisManager.java:604)
	at ghidra.app.util.headless.HeadlessAnalyzer.analyzeProgram(HeadlessAnalyzer.java:1053)
	at ghidra.app.util.headless.HeadlessAnalyzer.processFileWithImport(HeadlessAnalyzer.java:1584)
	at ghidra.app.util.headless.HeadlessAnalyzer.processWithLoader(HeadlessAnalyzer.java:1744)
	at ghidra.app.util.headless.HeadlessAnalyzer.processWithImport(HeadlessAnalyzer.java:1685)
	at ghidra.app.util.headless.HeadlessAnalyzer.processWithImport(HeadlessAnalyzer.java:1769)
	at ghidra.app.util.headless.HeadlessAnalyzer.processLocal(HeadlessAnalyzer.java:462)
	at ghidra.app.util.headless.AnalyzeHeadless.launch(AnalyzeHeadless.java:199)
	at ghidra.GhidraLauncher.launch(GhidraLauncher.java:81)
	at ghidra.Ghidra.main(Ghidra.java:54)
 
INFO  DIE info:
DIEAgregrate of: DIE [0x2948], 
<1><2948>: DW_TAG_subprogram [abbrev 20, tag 46, index 840, children 16]
		DW_AT_low_pc : DW_FORM_addr, addr v4 0x558c
		DW_AT_high_pc : DW_FORM_data4 = 216 [000000d8]
		DW_AT_frame_base : DW_FORM_exprloc = [1]6e
		DW_AT_???? 8471 (0x2117) : DW_FORM_flag_present = true
		DW_AT_name : DW_FORM_strp = "conv3x3a32_callback" (offset 0x1765)
		DW_AT_decl_file : DW_FORM_data1 = 4 [04]
		DW_AT_decl_line : DW_FORM_data1 = 79 [4f]
		DW_AT_prototyped : DW_FORM_flag_present = true
 (DWARFFunctionImporter)  
ERROR Error when processing DWARF information for DIE 2f66 (DWARFFunctionImporter) java.lang.NullPointerException: Cannot invoke "ghidra.app.util.bin.format.dwarf.DWARFRegisterMappings.getStackFrameRegisterOffset()" because the return value of "ghidra.app.util.bin.format.dwarf.DWARFProgram.getRegisterMappings()" is null
	at ghidra.app.util.bin.format.dwarf.DWARFFunction.read(DWARFFunction.java:108)
	at ghidra.app.util.bin.format.dwarf.DWARFFunctionImporter.processSubprogram(DWARFFunctionImporter.java:161)
	at ghidra.app.util.bin.format.dwarf.DWARFFunctionImporter.importFunctions(DWARFFunctionImporter.java:111)
	at ghidra.app.util.bin.format.dwarf.DWARFImporter.performImport(DWARFImporter.java:409)
	at ghidra.app.plugin.core.analysis.DWARFAnalyzer.added(DWARFAnalyzer.java:113)
	at ghidra.app.plugin.core.analysis.AnalysisScheduler.runAnalyzer(AnalysisScheduler.java:186)
	at ghidra.app.plugin.core.analysis.AnalysisTask.applyTo(AnalysisTask.java:37)
	at ghidra.app.plugin.core.analysis.AnalysisTask.applyTo(AnalysisTask.java:24)
	at ghidra.app.plugin.core.analysis.AutoAnalysisManager$AnalysisTaskWrapper.run(AutoAnalysisManager.java:660)
	at ghidra.app.plugin.core.analysis.AutoAnalysisManager.startAnalysis(AutoAnalysisManager.java:760)
	at ghidra.app.plugin.core.analysis.AutoAnalysisManager.startAnalysis(AutoAnalysisManager.java:639)
	at ghidra.app.plugin.core.analysis.AutoAnalysisManager.startAnalysis(AutoAnalysisManager.java:604)
	at ghidra.app.util.headless.HeadlessAnalyzer.analyzeProgram(HeadlessAnalyzer.java:1053)
	at ghidra.app.util.headless.HeadlessAnalyzer.processFileWithImport(HeadlessAnalyzer.java:1584)
	at ghidra.app.util.headless.HeadlessAnalyzer.processWithLoader(HeadlessAnalyzer.java:1744)
	at ghidra.app.util.headless.HeadlessAnalyzer.processWithImport(HeadlessAnalyzer.java:1685)
	at ghidra.app.util.headless.HeadlessAnalyzer.processWithImport(HeadlessAnalyzer.java:1769)
	at ghidra.app.util.headless.HeadlessAnalyzer.processLocal(HeadlessAnalyzer.java:462)
	at ghidra.app.util.headless.AnalyzeHeadless.launch(AnalyzeHeadless.java:199)
	at ghidra.GhidraLauncher.launch(GhidraLauncher.java:81)
	at ghidra.Ghidra.main(Ghidra.java:54)
 
INFO  DIE info:
DIEAgregrate of: DIE [0x2f66], 
<1><2f66>: DW_TAG_subprogram [abbrev 27, tag 46, index 1018, children 49]
		DW_AT_low_pc : DW_FORM_addr, addr v4 0x5694
		DW_AT_high_pc : DW_FORM_data4 = 912 [00000390]
		DW_AT_frame_base : DW_FORM_exprloc = [1]6e
		DW_AT_???? 8471 (0x2117) : DW_FORM_flag_present = true
		DW_AT_name : DW_FORM_strp = "benchmark_convdw_hmx" (offset 0x1b30)
		DW_AT_decl_file : DW_FORM_data1 = 1 [01]
		DW_AT_decl_line : DW_FORM_data2 = 375 [0177]
		DW_AT_prototyped : DW_FORM_flag_present = true
		DW_AT_type : DW_FORM_ref4 = 19770 [0000000000004d3a]
		DW_AT_external : DW_FORM_flag_present = true
 (DWARFFunctionImporter)  
ERROR Error when processing DWARF information for DIE 333b (DWARFFunctionImporter) java.lang.NullPointerException: Cannot invoke "ghidra.app.util.bin.format.dwarf.DWARFRegisterMappings.getStackFrameRegisterOffset()" because the return value of "ghidra.app.util.bin.format.dwarf.DWARFProgram.getRegisterMappings()" is null
	at ghidra.app.util.bin.format.dwarf.DWARFFunction.read(DWARFFunction.java:108)
	at ghidra.app.util.bin.format.dwarf.DWARFFunctionImporter.processSubprogram(DWARFFunctionImporter.java:161)
	at ghidra.app.util.bin.format.dwarf.DWARFFunctionImporter.importFunctions(DWARFFunctionImporter.java:111)
	at ghidra.app.util.bin.format.dwarf.DWARFImporter.performImport(DWARFImporter.java:409)
	at ghidra.app.plugin.core.analysis.DWARFAnalyzer.added(DWARFAnalyzer.java:113)
	at ghidra.app.plugin.core.analysis.AnalysisScheduler.runAnalyzer(AnalysisScheduler.java:186)
	at ghidra.app.plugin.core.analysis.AnalysisTask.applyTo(AnalysisTask.java:37)
	at ghidra.app.plugin.core.analysis.AnalysisTask.applyTo(AnalysisTask.java:24)
	at ghidra.app.plugin.core.analysis.AutoAnalysisManager$AnalysisTaskWrapper.run(AutoAnalysisManager.java:660)
	at ghidra.app.plugin.core.analysis.AutoAnalysisManager.startAnalysis(AutoAnalysisManager.java:760)
	at ghidra.app.plugin.core.analysis.AutoAnalysisManager.startAnalysis(AutoAnalysisManager.java:639)
	at ghidra.app.plugin.core.analysis.AutoAnalysisManager.startAnalysis(AutoAnalysisManager.java:604)
	at ghidra.app.util.headless.HeadlessAnalyzer.analyzeProgram(HeadlessAnalyzer.java:1053)
	at ghidra.app.util.headless.HeadlessAnalyzer.processFileWithImport(HeadlessAnalyzer.java:1584)
	at ghidra.app.util.headless.HeadlessAnalyzer.processWithLoader(HeadlessAnalyzer.java:1744)
	at ghidra.app.util.headless.HeadlessAnalyzer.processWithImport(HeadlessAnalyzer.java:1685)
	at ghidra.app.util.headless.HeadlessAnalyzer.processWithImport(HeadlessAnalyzer.java:1769)
	at ghidra.app.util.headless.HeadlessAnalyzer.processLocal(HeadlessAnalyzer.java:462)
	at ghidra.app.util.headless.AnalyzeHeadless.launch(AnalyzeHeadless.java:199)
	at ghidra.GhidraLauncher.launch(GhidraLauncher.java:81)
	at ghidra.Ghidra.main(Ghidra.java:54)
 
INFO  DIE info:
DIEAgregrate of: DIE [0x333b], 
<1><333b>: DW_TAG_subprogram [abbrev 45, tag 46, index 1107, children 8]
		DW_AT_low_pc : DW_FORM_addr, addr v4 0x5a24
		DW_AT_high_pc : DW_FORM_data4 = 80 [00000050]
		DW_AT_frame_base : DW_FORM_exprloc = [1]6e
		DW_AT_???? 8471 (0x2117) : DW_FORM_flag_present = true
		DW_AT_name : DW_FORM_strp = "_HAP_debug_v2" (offset 0x13d3)
		DW_AT_decl_file : DW_FORM_data1 = 11 [0b]
		DW_AT_decl_line : DW_FORM_data1 = 60 [3c]
		DW_AT_prototyped : DW_FORM_flag_present = true
 (DWARFFunctionImporter)  
ERROR Error when processing DWARF information for DIE 3447 (DWARFFunctionImporter) java.lang.NullPointerException: Cannot invoke "ghidra.app.util.bin.format.dwarf.DWARFRegisterMappings.getStackFrameRegisterOffset()" because the return value of "ghidra.app.util.bin.format.dwarf.DWARFProgram.getRegisterMappings()" is null
	at ghidra.app.util.bin.format.dwarf.DWARFFunction.read(DWARFFunction.java:108)
	at ghidra.app.util.bin.format.dwarf.DWARFFunctionImporter.processSubprogram(DWARFFunctionImporter.java:161)
	at ghidra.app.util.bin.format.dwarf.DWARFFunctionImporter.importFunctions(DWARFFunctionImporter.java:111)
	at ghidra.app.util.bin.format.dwarf.DWARFImporter.performImport(DWARFImporter.java:409)
	at ghidra.app.plugin.core.analysis.DWARFAnalyzer.added(DWARFAnalyzer.java:113)
	at ghidra.app.plugin.core.analysis.AnalysisScheduler.runAnalyzer(AnalysisScheduler.java:186)
	at ghidra.app.plugin.core.analysis.AnalysisTask.applyTo(AnalysisTask.java:37)
	at ghidra.app.plugin.core.analysis.AnalysisTask.applyTo(AnalysisTask.java:24)
	at ghidra.app.plugin.core.analysis.AutoAnalysisManager$AnalysisTaskWrapper.run(AutoAnalysisManager.java:660)
	at ghidra.app.plugin.core.analysis.AutoAnalysisManager.startAnalysis(AutoAnalysisManager.java:760)
	at ghidra.app.plugin.core.analysis.AutoAnalysisManager.startAnalysis(AutoAnalysisManager.java:639)
	at ghidra.app.plugin.core.analysis.AutoAnalysisManager.startAnalysis(AutoAnalysisManager.java:604)
	at ghidra.app.util.headless.HeadlessAnalyzer.analyzeProgram(HeadlessAnalyzer.java:1053)
	at ghidra.app.util.headless.HeadlessAnalyzer.processFileWithImport(HeadlessAnalyzer.java:1584)
	at ghidra.app.util.headless.HeadlessAnalyzer.processWithLoader(HeadlessAnalyzer.java:1744)
	at ghidra.app.util.headless.HeadlessAnalyzer.processWithImport(HeadlessAnalyzer.java:1685)
	at ghidra.app.util.headless.HeadlessAnalyzer.processWithImport(HeadlessAnalyzer.java:1769)
	at ghidra.app.util.headless.HeadlessAnalyzer.processLocal(HeadlessAnalyzer.java:462)
	at ghidra.app.util.headless.AnalyzeHeadless.launch(AnalyzeHeadless.java:199)
	at ghidra.GhidraLauncher.launch(GhidraLauncher.java:81)
	at ghidra.Ghidra.main(Ghidra.java:54)
 
INFO  DIE info:
DIEAgregrate of: DIE [0x3447], 
<1><3447>: DW_TAG_subprogram [abbrev 48, tag 46, index 1137, children 30]
		DW_AT_low_pc : DW_FORM_addr, addr v4 0x5a74
		DW_AT_high_pc : DW_FORM_data4 = 620 [0000026c]
		DW_AT_frame_base : DW_FORM_exprloc = [1]6e
		DW_AT_???? 8471 (0x2117) : DW_FORM_flag_present = true
		DW_AT_name : DW_FORM_strp = "convdw_hmx_callback" (offset 0x1b45)
		DW_AT_decl_file : DW_FORM_data1 = 1 [01]
		DW_AT_decl_line : DW_FORM_data1 = -54 or 202 [ca]
		DW_AT_prototyped : DW_FORM_flag_present = true
		DW_AT_type : DW_FORM_ref4 = 11724 [0000000000002dcc]
 (DWARFFunctionImporter)  
ERROR Error when processing DWARF information for DIE 2e46 (DWARFFunctionImporter) java.lang.NullPointerException: Cannot invoke "ghidra.app.util.bin.format.dwarf.DWARFRegisterMappings.getStackFrameRegisterOffset()" because the return value of "ghidra.app.util.bin.format.dwarf.DWARFProgram.getRegisterMappings()" is null
	at ghidra.app.util.bin.format.dwarf.DWARFFunction.read(DWARFFunction.java:108)
	at ghidra.app.util.bin.format.dwarf.DWARFFunctionImporter.processSubprogram(DWARFFunctionImporter.java:161)
	at ghidra.app.util.bin.format.dwarf.DWARFFunctionImporter.importFunctions(DWARFFunctionImporter.java:111)
	at ghidra.app.util.bin.format.dwarf.DWARFImporter.performImport(DWARFImporter.java:409)
	at ghidra.app.plugin.core.analysis.DWARFAnalyzer.added(DWARFAnalyzer.java:113)
	at ghidra.app.plugin.core.analysis.AnalysisScheduler.runAnalyzer(AnalysisScheduler.java:186)
	at ghidra.app.plugin.core.analysis.AnalysisTask.applyTo(AnalysisTask.java:37)
	at ghidra.app.plugin.core.analysis.AnalysisTask.applyTo(AnalysisTask.java:24)
	at ghidra.app.plugin.core.analysis.AutoAnalysisManager$AnalysisTaskWrapper.run(AutoAnalysisManager.java:660)
	at ghidra.app.plugin.core.analysis.AutoAnalysisManager.startAnalysis(AutoAnalysisManager.java:760)
	at ghidra.app.plugin.core.analysis.AutoAnalysisManager.startAnalysis(AutoAnalysisManager.java:639)
	at ghidra.app.plugin.core.analysis.AutoAnalysisManager.startAnalysis(AutoAnalysisManager.java:604)
	at ghidra.app.util.headless.HeadlessAnalyzer.analyzeProgram(HeadlessAnalyzer.java:1053)
	at ghidra.app.util.headless.HeadlessAnalyzer.processFileWithImport(HeadlessAnalyzer.java:1584)
	at ghidra.app.util.headless.HeadlessAnalyzer.processWithLoader(HeadlessAnalyzer.java:1744)
	at ghidra.app.util.headless.HeadlessAnalyzer.processWithImport(HeadlessAnalyzer.java:1685)
	at ghidra.app.util.headless.HeadlessAnalyzer.processWithImport(HeadlessAnalyzer.java:1769)
	at ghidra.app.util.headless.HeadlessAnalyzer.processLocal(HeadlessAnalyzer.java:462)
	at ghidra.app.util.headless.AnalyzeHeadless.launch(AnalyzeHeadless.java:199)
	at ghidra.GhidraLauncher.launch(GhidraLauncher.java:81)
	at ghidra.Ghidra.main(Ghidra.java:54)
 
INFO  DIE info:
DIEAgregrate of: DIE [0x2e46], 
<1><2e46>: DW_TAG_subprogram [abbrev 19, tag 46, index 993, children 2]
		DW_AT_low_pc : DW_FORM_addr, addr v4 0x5680
		DW_AT_high_pc : DW_FORM_data4 = 20 [00000014]
		DW_AT_frame_base : DW_FORM_exprloc = [1]6d
		DW_AT_???? 8471 (0x2117) : DW_FORM_flag_present = true
		DW_AT_name : DW_FORM_strp = "mxmem_spatial_major_convert" (offset 0x1b14)
		DW_AT_decl_file : DW_FORM_data1 = 1 [01]
		DW_AT_decl_line : DW_FORM_data1 = 71 [47]
		DW_AT_prototyped : DW_FORM_flag_present = true
		DW_AT_type : DW_FORM_ref4 = 11806 [0000000000002e1e]
		DW_AT_external : DW_FORM_flag_present = true
 (DWARFFunctionImporter)  
ERROR Error when processing DWARF information for DIE 3eeb (DWARFFunctionImporter) java.lang.NullPointerException: Cannot invoke "ghidra.app.util.bin.format.dwarf.DWARFRegisterMappings.getStackFrameRegisterOffset()" because the return value of "ghidra.app.util.bin.format.dwarf.DWARFProgram.getRegisterMappings()" is null
	at ghidra.app.util.bin.format.dwarf.DWARFFunction.read(DWARFFunction.java:108)
	at ghidra.app.util.bin.format.dwarf.DWARFFunctionImporter.processSubprogram(DWARFFunctionImporter.java:161)
	at ghidra.app.util.bin.format.dwarf.DWARFFunctionImporter.importFunctions(DWARFFunctionImporter.java:111)
	at ghidra.app.util.bin.format.dwarf.DWARFImporter.performImport(DWARFImporter.java:409)
	at ghidra.app.plugin.core.analysis.DWARFAnalyzer.added(DWARFAnalyzer.java:113)
	at ghidra.app.plugin.core.analysis.AnalysisScheduler.runAnalyzer(AnalysisScheduler.java:186)
	at ghidra.app.plugin.core.analysis.AnalysisTask.applyTo(AnalysisTask.java:37)
	at ghidra.app.plugin.core.analysis.AnalysisTask.applyTo(AnalysisTask.java:24)
	at ghidra.app.plugin.core.analysis.AutoAnalysisManager$AnalysisTaskWrapper.run(AutoAnalysisManager.java:660)
	at ghidra.app.plugin.core.analysis.AutoAnalysisManager.startAnalysis(AutoAnalysisManager.java:760)
	at ghidra.app.plugin.core.analysis.AutoAnalysisManager.startAnalysis(AutoAnalysisManager.java:639)
	at ghidra.app.plugin.core.analysis.AutoAnalysisManager.startAnalysis(AutoAnalysisManager.java:604)
	at ghidra.app.util.headless.HeadlessAnalyzer.analyzeProgram(HeadlessAnalyzer.java:1053)
	at ghidra.app.util.headless.HeadlessAnalyzer.processFileWithImport(HeadlessAnalyzer.java:1584)
	at ghidra.app.util.headless.HeadlessAnalyzer.processWithLoader(HeadlessAnalyzer.java:1744)
	at ghidra.app.util.headless.HeadlessAnalyzer.processWithImport(HeadlessAnalyzer.java:1685)
	at ghidra.app.util.headless.HeadlessAnalyzer.processWithImport(HeadlessAnalyzer.java:1769)
	at ghidra.app.util.headless.HeadlessAnalyzer.processLocal(HeadlessAnalyzer.java:462)
	at ghidra.app.util.headless.AnalyzeHeadless.launch(AnalyzeHeadless.java:199)
	at ghidra.GhidraLauncher.launch(GhidraLauncher.java:81)
	at ghidra.Ghidra.main(Ghidra.java:54)
 
INFO  DIE info:
DIEAgregrate of: DIE [0x3eeb], 
<1><3eeb>: DW_TAG_subprogram [abbrev 48, tag 46, index 1371, children 11]
		DW_AT_low_pc : DW_FORM_addr, addr v4 0x6d24
		DW_AT_high_pc : DW_FORM_data4 = 160 [000000a0]
		DW_AT_frame_base : DW_FORM_exprloc = [1]6e
		DW_AT_???? 8471 (0x2117) : DW_FORM_flag_present = true
		DW_AT_name : DW_FORM_strp = "sysmonapp_hmx_lock" (offset 0x1bd4)
		DW_AT_decl_file : DW_FORM_data1 = 1 [01]
		DW_AT_decl_line : DW_FORM_data1 = 116 [74]
		DW_AT_prototyped : DW_FORM_flag_present = true
		DW_AT_type : DW_FORM_ref4 = 11724 [0000000000002dcc]
 (DWARFFunctionImporter)  
ERROR Error when processing DWARF information for DIE 3fc0 (DWARFFunctionImporter) java.lang.NullPointerException: Cannot invoke "ghidra.app.util.bin.format.dwarf.DWARFRegisterMappings.getStackFrameRegisterOffset()" because the return value of "ghidra.app.util.bin.format.dwarf.DWARFProgram.getRegisterMappings()" is null
	at ghidra.app.util.bin.format.dwarf.DWARFFunction.read(DWARFFunction.java:108)
	at ghidra.app.util.bin.format.dwarf.DWARFFunctionImporter.processSubprogram(DWARFFunctionImporter.java:161)
	at ghidra.app.util.bin.format.dwarf.DWARFFunctionImporter.importFunctions(DWARFFunctionImporter.java:111)
	at ghidra.app.util.bin.format.dwarf.DWARFImporter.performImport(DWARFImporter.java:409)
	at ghidra.app.plugin.core.analysis.DWARFAnalyzer.added(DWARFAnalyzer.java:113)
	at ghidra.app.plugin.core.analysis.AnalysisScheduler.runAnalyzer(AnalysisScheduler.java:186)
	at ghidra.app.plugin.core.analysis.AnalysisTask.applyTo(AnalysisTask.java:37)
	at ghidra.app.plugin.core.analysis.AnalysisTask.applyTo(AnalysisTask.java:24)
	at ghidra.app.plugin.core.analysis.AutoAnalysisManager$AnalysisTaskWrapper.run(AutoAnalysisManager.java:660)
	at ghidra.app.plugin.core.analysis.AutoAnalysisManager.startAnalysis(AutoAnalysisManager.java:760)
	at ghidra.app.plugin.core.analysis.AutoAnalysisManager.startAnalysis(AutoAnalysisManager.java:639)
	at ghidra.app.plugin.core.analysis.AutoAnalysisManager.startAnalysis(AutoAnalysisManager.java:604)
	at ghidra.app.util.headless.HeadlessAnalyzer.analyzeProgram(HeadlessAnalyzer.java:1053)
	at ghidra.app.util.headless.HeadlessAnalyzer.processFileWithImport(HeadlessAnalyzer.java:1584)
	at ghidra.app.util.headless.HeadlessAnalyzer.processWithLoader(HeadlessAnalyzer.java:1744)
	at ghidra.app.util.headless.HeadlessAnalyzer.processWithImport(HeadlessAnalyzer.java:1685)
	at ghidra.app.util.headless.HeadlessAnalyzer.processWithImport(HeadlessAnalyzer.java:1769)
	at ghidra.app.util.headless.HeadlessAnalyzer.processLocal(HeadlessAnalyzer.java:462)
	at ghidra.app.util.headless.AnalyzeHeadless.launch(AnalyzeHeadless.java:199)
	at ghidra.GhidraLauncher.launch(GhidraLauncher.java:81)
	at ghidra.Ghidra.main(Ghidra.java:54)
 
INFO  DIE info:
DIEAgregrate of: DIE [0x3fc0], 
<1><3fc0>: DW_TAG_subprogram [abbrev 27, tag 46, index 1389, children 57]
		DW_AT_low_pc : DW_FORM_addr, addr v4 0x5ce0
		DW_AT_high_pc : DW_FORM_data4 = 1132 [0000046c]
		DW_AT_frame_base : DW_FORM_exprloc = [1]6e
		DW_AT_???? 8471 (0x2117) : DW_FORM_flag_present = true
		DW_AT_name : DW_FORM_strp = "benchmark_convdw_hmx_hvx" (offset 0x1b59)
		DW_AT_decl_file : DW_FORM_data1 = 1 [01]
		DW_AT_decl_line : DW_FORM_data2 = 463 [01cf]
		DW_AT_prototyped : DW_FORM_flag_present = true
		DW_AT_type : DW_FORM_ref4 = 19770 [0000000000004d3a]
		DW_AT_external : DW_FORM_flag_present = true
 (DWARFFunctionImporter)  
ERROR Error when processing DWARF information for DIE 4353 (DWARFFunctionImporter) java.lang.NullPointerException: Cannot invoke "ghidra.app.util.bin.format.dwarf.DWARFRegisterMappings.getStackFrameRegisterOffset()" because the return value of "ghidra.app.util.bin.format.dwarf.DWARFProgram.getRegisterMappings()" is null
	at ghidra.app.util.bin.format.dwarf.DWARFFunction.read(DWARFFunction.java:108)
	at ghidra.app.util.bin.format.dwarf.DWARFFunctionImporter.processSubprogram(DWARFFunctionImporter.java:161)
	at ghidra.app.util.bin.format.dwarf.DWARFFunctionImporter.importFunctions(DWARFFunctionImporter.java:111)
	at ghidra.app.util.bin.format.dwarf.DWARFImporter.performImport(DWARFImporter.java:409)
	at ghidra.app.plugin.core.analysis.DWARFAnalyzer.added(DWARFAnalyzer.java:113)
	at ghidra.app.plugin.core.analysis.AnalysisScheduler.runAnalyzer(AnalysisScheduler.java:186)
	at ghidra.app.plugin.core.analysis.AnalysisTask.applyTo(AnalysisTask.java:37)
	at ghidra.app.plugin.core.analysis.AnalysisTask.applyTo(AnalysisTask.java:24)
	at ghidra.app.plugin.core.analysis.AutoAnalysisManager$AnalysisTaskWrapper.run(AutoAnalysisManager.java:660)
	at ghidra.app.plugin.core.analysis.AutoAnalysisManager.startAnalysis(AutoAnalysisManager.java:760)
	at ghidra.app.plugin.core.analysis.AutoAnalysisManager.startAnalysis(AutoAnalysisManager.java:639)
	at ghidra.app.plugin.core.analysis.AutoAnalysisManager.startAnalysis(AutoAnalysisManager.java:604)
	at ghidra.app.util.headless.HeadlessAnalyzer.analyzeProgram(HeadlessAnalyzer.java:1053)
	at ghidra.app.util.headless.HeadlessAnalyzer.processFileWithImport(HeadlessAnalyzer.java:1584)
	at ghidra.app.util.headless.HeadlessAnalyzer.processWithLoader(HeadlessAnalyzer.java:1744)
	at ghidra.app.util.headless.HeadlessAnalyzer.processWithImport(HeadlessAnalyzer.java:1685)
	at ghidra.app.util.headless.HeadlessAnalyzer.processWithImport(HeadlessAnalyzer.java:1769)
	at ghidra.app.util.headless.HeadlessAnalyzer.processLocal(HeadlessAnalyzer.java:462)
	at ghidra.app.util.headless.AnalyzeHeadless.launch(AnalyzeHeadless.java:199)
	at ghidra.GhidraLauncher.launch(GhidraLauncher.java:81)
	at ghidra.Ghidra.main(Ghidra.java:54)
 
INFO  DIE info:
DIEAgregrate of: DIE [0x4353], 
<1><4353>: DW_TAG_subprogram [abbrev 45, tag 46, index 1463, children 11]
		DW_AT_low_pc : DW_FORM_addr, addr v4 0x614c
		DW_AT_high_pc : DW_FORM_data4 = 268 [0000010c]
		DW_AT_frame_base : DW_FORM_exprloc = [1]6e
		DW_AT_???? 8471 (0x2117) : DW_FORM_flag_present = true
		DW_AT_name : DW_FORM_strp = "convdw_hvx_callback" (offset 0x1b72)
		DW_AT_decl_file : DW_FORM_data1 = 1 [01]
		DW_AT_decl_line : DW_FORM_data1 = -98 or 158 [9e]
		DW_AT_prototyped : DW_FORM_flag_present = true
 (DWARFFunctionImporter)  
ERROR Error when processing DWARF information for DIE 4436 (DWARFFunctionImporter) java.lang.NullPointerException: Cannot invoke "ghidra.app.util.bin.format.dwarf.DWARFRegisterMappings.getStackFrameRegisterOffset()" because the return value of "ghidra.app.util.bin.format.dwarf.DWARFProgram.getRegisterMappings()" is null
	at ghidra.app.util.bin.format.dwarf.DWARFFunction.read(DWARFFunction.java:108)
	at ghidra.app.util.bin.format.dwarf.DWARFFunctionImporter.processSubprogram(DWARFFunctionImporter.java:161)
	at ghidra.app.util.bin.format.dwarf.DWARFFunctionImporter.importFunctions(DWARFFunctionImporter.java:111)
	at ghidra.app.util.bin.format.dwarf.DWARFImporter.performImport(DWARFImporter.java:409)
	at ghidra.app.plugin.core.analysis.DWARFAnalyzer.added(DWARFAnalyzer.java:113)
	at ghidra.app.plugin.core.analysis.AnalysisScheduler.runAnalyzer(AnalysisScheduler.java:186)
	at ghidra.app.plugin.core.analysis.AnalysisTask.applyTo(AnalysisTask.java:37)
	at ghidra.app.plugin.core.analysis.AnalysisTask.applyTo(AnalysisTask.java:24)
	at ghidra.app.plugin.core.analysis.AutoAnalysisManager$AnalysisTaskWrapper.run(AutoAnalysisManager.java:660)
	at ghidra.app.plugin.core.analysis.AutoAnalysisManager.startAnalysis(AutoAnalysisManager.java:760)
	at ghidra.app.plugin.core.analysis.AutoAnalysisManager.startAnalysis(AutoAnalysisManager.java:639)
	at ghidra.app.plugin.core.analysis.AutoAnalysisManager.startAnalysis(AutoAnalysisManager.java:604)
	at ghidra.app.util.headless.HeadlessAnalyzer.analyzeProgram(HeadlessAnalyzer.java:1053)
	at ghidra.app.util.headless.HeadlessAnalyzer.processFileWithImport(HeadlessAnalyzer.java:1584)
	at ghidra.app.util.headless.HeadlessAnalyzer.processWithLoader(HeadlessAnalyzer.java:1744)
	at ghidra.app.util.headless.HeadlessAnalyzer.processWithImport(HeadlessAnalyzer.java:1685)
	at ghidra.app.util.headless.HeadlessAnalyzer.processWithImport(HeadlessAnalyzer.java:1769)
	at ghidra.app.util.headless.HeadlessAnalyzer.processLocal(HeadlessAnalyzer.java:462)
	at ghidra.app.util.headless.AnalyzeHeadless.launch(AnalyzeHeadless.java:199)
	at ghidra.GhidraLauncher.launch(GhidraLauncher.java:81)
	at ghidra.Ghidra.main(Ghidra.java:54)
 
INFO  DIE info:
DIEAgregrate of: DIE [0x4436], 
<1><4436>: DW_TAG_subprogram [abbrev 27, tag 46, index 1486, children 57]
		DW_AT_low_pc : DW_FORM_addr, addr v4 0x6258
		DW_AT_high_pc : DW_FORM_data4 = 1124 [00000464]
		DW_AT_frame_base : DW_FORM_exprloc = [1]6e
		DW_AT_???? 8471 (0x2117) : DW_FORM_flag_present = true
		DW_AT_name : DW_FORM_strp = "benchmark_convdw_hmx_hvx_int" (offset 0x1b86)
		DW_AT_decl_file : DW_FORM_data1 = 1 [01]
		DW_AT_decl_line : DW_FORM_data2 = 568 [0238]
		DW_AT_prototyped : DW_FORM_flag_present = true
		DW_AT_type : DW_FORM_ref4 = 19770 [0000000000004d3a]
		DW_AT_external : DW_FORM_flag_present = true
 (DWARFFunctionImporter)  
ERROR Error when processing DWARF information for DIE 47c9 (DWARFFunctionImporter) java.lang.NullPointerException: Cannot invoke "ghidra.app.util.bin.format.dwarf.DWARFRegisterMappings.getStackFrameRegisterOffset()" because the return value of "ghidra.app.util.bin.format.dwarf.DWARFProgram.getRegisterMappings()" is null
	at ghidra.app.util.bin.format.dwarf.DWARFFunction.read(DWARFFunction.java:108)
	at ghidra.app.util.bin.format.dwarf.DWARFFunctionImporter.processSubprogram(DWARFFunctionImporter.java:161)
	at ghidra.app.util.bin.format.dwarf.DWARFFunctionImporter.importFunctions(DWARFFunctionImporter.java:111)
	at ghidra.app.util.bin.format.dwarf.DWARFImporter.performImport(DWARFImporter.java:409)
	at ghidra.app.plugin.core.analysis.DWARFAnalyzer.added(DWARFAnalyzer.java:113)
	at ghidra.app.plugin.core.analysis.AnalysisScheduler.runAnalyzer(AnalysisScheduler.java:186)
	at ghidra.app.plugin.core.analysis.AnalysisTask.applyTo(AnalysisTask.java:37)
	at ghidra.app.plugin.core.analysis.AnalysisTask.applyTo(AnalysisTask.java:24)
	at ghidra.app.plugin.core.analysis.AutoAnalysisManager$AnalysisTaskWrapper.run(AutoAnalysisManager.java:660)
	at ghidra.app.plugin.core.analysis.AutoAnalysisManager.startAnalysis(AutoAnalysisManager.java:760)
	at ghidra.app.plugin.core.analysis.AutoAnalysisManager.startAnalysis(AutoAnalysisManager.java:639)
	at ghidra.app.plugin.core.analysis.AutoAnalysisManager.startAnalysis(AutoAnalysisManager.java:604)
	at ghidra.app.util.headless.HeadlessAnalyzer.analyzeProgram(HeadlessAnalyzer.java:1053)
	at ghidra.app.util.headless.HeadlessAnalyzer.processFileWithImport(HeadlessAnalyzer.java:1584)
	at ghidra.app.util.headless.HeadlessAnalyzer.processWithLoader(HeadlessAnalyzer.java:1744)
	at ghidra.app.util.headless.HeadlessAnalyzer.processWithImport(HeadlessAnalyzer.java:1685)
	at ghidra.app.util.headless.HeadlessAnalyzer.processWithImport(HeadlessAnalyzer.java:1769)
	at ghidra.app.util.headless.HeadlessAnalyzer.processLocal(HeadlessAnalyzer.java:462)
	at ghidra.app.util.headless.AnalyzeHeadless.launch(AnalyzeHeadless.java:199)
	at ghidra.GhidraLauncher.launch(GhidraLauncher.java:81)
	at ghidra.Ghidra.main(Ghidra.java:54)
 
INFO  DIE info:
DIEAgregrate of: DIE [0x47c9], 
<1><47c9>: DW_TAG_subprogram [abbrev 60, tag 46, index 1560, children 30]
		DW_AT_low_pc : DW_FORM_addr, addr v4 0x66bc
		DW_AT_high_pc : DW_FORM_data4 = 632 [00000278]
		DW_AT_frame_base : DW_FORM_exprloc = [1]6e
		DW_AT_???? 8471 (0x2117) : DW_FORM_flag_present = true
		DW_AT_name : DW_FORM_strp = "convdw_hmx_int_callback" (offset 0x1ba3)
		DW_AT_decl_file : DW_FORM_data1 = 1 [01]
		DW_AT_decl_line : DW_FORM_data2 = 287 [011f]
		DW_AT_prototyped : DW_FORM_flag_present = true
		DW_AT_type : DW_FORM_ref4 = 11724 [0000000000002dcc]
 (DWARFFunctionImporter)  
ERROR Error when processing DWARF information for DIE 4981 (DWARFFunctionImporter) java.lang.NullPointerException: Cannot invoke "ghidra.app.util.bin.format.dwarf.DWARFRegisterMappings.getStackFrameRegisterOffset()" because the return value of "ghidra.app.util.bin.format.dwarf.DWARFProgram.getRegisterMappings()" is null
	at ghidra.app.util.bin.format.dwarf.DWARFFunction.read(DWARFFunction.java:108)
	at ghidra.app.util.bin.format.dwarf.DWARFFunctionImporter.processSubprogram(DWARFFunctionImporter.java:161)
	at ghidra.app.util.bin.format.dwarf.DWARFFunctionImporter.importFunctions(DWARFFunctionImporter.java:111)
	at ghidra.app.util.bin.format.dwarf.DWARFImporter.performImport(DWARFImporter.java:409)
	at ghidra.app.plugin.core.analysis.DWARFAnalyzer.added(DWARFAnalyzer.java:113)
	at ghidra.app.plugin.core.analysis.AnalysisScheduler.runAnalyzer(AnalysisScheduler.java:186)
	at ghidra.app.plugin.core.analysis.AnalysisTask.applyTo(AnalysisTask.java:37)
	at ghidra.app.plugin.core.analysis.AnalysisTask.applyTo(AnalysisTask.java:24)
	at ghidra.app.plugin.core.analysis.AutoAnalysisManager$AnalysisTaskWrapper.run(AutoAnalysisManager.java:660)
	at ghidra.app.plugin.core.analysis.AutoAnalysisManager.startAnalysis(AutoAnalysisManager.java:760)
	at ghidra.app.plugin.core.analysis.AutoAnalysisManager.startAnalysis(AutoAnalysisManager.java:639)
	at ghidra.app.plugin.core.analysis.AutoAnalysisManager.startAnalysis(AutoAnalysisManager.java:604)
	at ghidra.app.util.headless.HeadlessAnalyzer.analyzeProgram(HeadlessAnalyzer.java:1053)
	at ghidra.app.util.headless.HeadlessAnalyzer.processFileWithImport(HeadlessAnalyzer.java:1584)
	at ghidra.app.util.headless.HeadlessAnalyzer.processWithLoader(HeadlessAnalyzer.java:1744)
	at ghidra.app.util.headless.HeadlessAnalyzer.processWithImport(HeadlessAnalyzer.java:1685)
	at ghidra.app.util.headless.HeadlessAnalyzer.processWithImport(HeadlessAnalyzer.java:1769)
	at ghidra.app.util.headless.HeadlessAnalyzer.processLocal(HeadlessAnalyzer.java:462)
	at ghidra.app.util.headless.AnalyzeHeadless.launch(AnalyzeHeadless.java:199)
	at ghidra.GhidraLauncher.launch(GhidraLauncher.java:81)
	at ghidra.Ghidra.main(Ghidra.java:54)
 
INFO  DIE info:
DIEAgregrate of: DIE [0x4981], 
<1><4981>: DW_TAG_subprogram [abbrev 27, tag 46, index 1594, children 52]
		DW_AT_low_pc : DW_FORM_addr, addr v4 0x6934
		DW_AT_high_pc : DW_FORM_data4 = 1008 [000003f0]
		DW_AT_frame_base : DW_FORM_exprloc = [1]6e
		DW_AT_???? 8471 (0x2117) : DW_FORM_flag_present = true
		DW_AT_name : DW_FORM_strp = "benchmark_convdw_hmx_int" (offset 0x1bbb)
		DW_AT_decl_file : DW_FORM_data1 = 1 [01]
		DW_AT_decl_line : DW_FORM_data2 = 673 [02a1]
		DW_AT_prototyped : DW_FORM_flag_present = true
		DW_AT_type : DW_FORM_ref4 = 19770 [0000000000004d3a]
		DW_AT_external : DW_FORM_flag_present = true
 (DWARFFunctionImporter)  
ERROR Error when processing DWARF information for DIE 502f (DWARFFunctionImporter) java.lang.NullPointerException: Cannot invoke "ghidra.app.util.bin.format.dwarf.DWARFRegisterMappings.getStackFrameRegisterOffset()" because the return value of "ghidra.app.util.bin.format.dwarf.DWARFProgram.getRegisterMappings()" is null
	at ghidra.app.util.bin.format.dwarf.DWARFFunction.read(DWARFFunction.java:108)
	at ghidra.app.util.bin.format.dwarf.DWARFFunctionImporter.processSubprogram(DWARFFunctionImporter.java:161)
	at ghidra.app.util.bin.format.dwarf.DWARFFunctionImporter.importFunctions(DWARFFunctionImporter.java:111)
	at ghidra.app.util.bin.format.dwarf.DWARFImporter.performImport(DWARFImporter.java:409)
	at ghidra.app.plugin.core.analysis.DWARFAnalyzer.added(DWARFAnalyzer.java:113)
	at ghidra.app.plugin.core.analysis.AnalysisScheduler.runAnalyzer(AnalysisScheduler.java:186)
	at ghidra.app.plugin.core.analysis.AnalysisTask.applyTo(AnalysisTask.java:37)
	at ghidra.app.plugin.core.analysis.AnalysisTask.applyTo(AnalysisTask.java:24)
	at ghidra.app.plugin.core.analysis.AutoAnalysisManager$AnalysisTaskWrapper.run(AutoAnalysisManager.java:660)
	at ghidra.app.plugin.core.analysis.AutoAnalysisManager.startAnalysis(AutoAnalysisManager.java:760)
	at ghidra.app.plugin.core.analysis.AutoAnalysisManager.startAnalysis(AutoAnalysisManager.java:639)
	at ghidra.app.plugin.core.analysis.AutoAnalysisManager.startAnalysis(AutoAnalysisManager.java:604)
	at ghidra.app.util.headless.HeadlessAnalyzer.analyzeProgram(HeadlessAnalyzer.java:1053)
	at ghidra.app.util.headless.HeadlessAnalyzer.processFileWithImport(HeadlessAnalyzer.java:1584)
	at ghidra.app.util.headless.HeadlessAnalyzer.processWithLoader(HeadlessAnalyzer.java:1744)
	at ghidra.app.util.headless.HeadlessAnalyzer.processWithImport(HeadlessAnalyzer.java:1685)
	at ghidra.app.util.headless.HeadlessAnalyzer.processWithImport(HeadlessAnalyzer.java:1769)
	at ghidra.app.util.headless.HeadlessAnalyzer.processLocal(HeadlessAnalyzer.java:462)
	at ghidra.app.util.headless.AnalyzeHeadless.launch(AnalyzeHeadless.java:199)
	at ghidra.GhidraLauncher.launch(GhidraLauncher.java:81)
	at ghidra.Ghidra.main(Ghidra.java:54)
 
INFO  DIE info:
DIEAgregrate of: DIE [0x502f], 
<1><502f>: DW_TAG_subprogram [abbrev 6, tag 46, index 1712, children 24]
		DW_AT_low_pc : DW_FORM_addr, addr v4 0x7010
		DW_AT_high_pc : DW_FORM_data4 = 468 [000001d4]
		DW_AT_frame_base : DW_FORM_exprloc = [1]6e
		DW_AT_???? 8471 (0x2117) : DW_FORM_flag_present = true
		DW_AT_name : DW_FORM_strp = "benchmark_crash10" (offset 0x1dc2)
		DW_AT_decl_file : DW_FORM_data1 = 1 [01]
		DW_AT_decl_line : DW_FORM_data1 = 57 [39]
		DW_AT_prototyped : DW_FORM_flag_present = true
		DW_AT_type : DW_FORM_ref4 = 21244 [00000000000052fc]
		DW_AT_external : DW_FORM_flag_present = true
 (DWARFFunctionImporter)  
ERROR Error when processing DWARF information for DIE 5243 (DWARFFunctionImporter) java.lang.NullPointerException: Cannot invoke "ghidra.app.util.bin.format.dwarf.DWARFRegisterMappings.getStackFrameRegisterOffset()" because the return value of "ghidra.app.util.bin.format.dwarf.DWARFProgram.getRegisterMappings()" is null
	at ghidra.app.util.bin.format.dwarf.DWARFFunction.read(DWARFFunction.java:108)
	at ghidra.app.util.bin.format.dwarf.DWARFFunctionImporter.processSubprogram(DWARFFunctionImporter.java:161)
	at ghidra.app.util.bin.format.dwarf.DWARFFunctionImporter.importFunctions(DWARFFunctionImporter.java:111)
	at ghidra.app.util.bin.format.dwarf.DWARFImporter.performImport(DWARFImporter.java:409)
	at ghidra.app.plugin.core.analysis.DWARFAnalyzer.added(DWARFAnalyzer.java:113)
	at ghidra.app.plugin.core.analysis.AnalysisScheduler.runAnalyzer(AnalysisScheduler.java:186)
	at ghidra.app.plugin.core.analysis.AnalysisTask.applyTo(AnalysisTask.java:37)
	at ghidra.app.plugin.core.analysis.AnalysisTask.applyTo(AnalysisTask.java:24)
	at ghidra.app.plugin.core.analysis.AutoAnalysisManager$AnalysisTaskWrapper.run(AutoAnalysisManager.java:660)
	at ghidra.app.plugin.core.analysis.AutoAnalysisManager.startAnalysis(AutoAnalysisManager.java:760)
	at ghidra.app.plugin.core.analysis.AutoAnalysisManager.startAnalysis(AutoAnalysisManager.java:639)
	at ghidra.app.plugin.core.analysis.AutoAnalysisManager.startAnalysis(AutoAnalysisManager.java:604)
	at ghidra.app.util.headless.HeadlessAnalyzer.analyzeProgram(HeadlessAnalyzer.java:1053)
	at ghidra.app.util.headless.HeadlessAnalyzer.processFileWithImport(HeadlessAnalyzer.java:1584)
	at ghidra.app.util.headless.HeadlessAnalyzer.processWithLoader(HeadlessAnalyzer.java:1744)
	at ghidra.app.util.headless.HeadlessAnalyzer.processWithImport(HeadlessAnalyzer.java:1685)
	at ghidra.app.util.headless.HeadlessAnalyzer.processWithImport(HeadlessAnalyzer.java:1769)
	at ghidra.app.util.headless.HeadlessAnalyzer.processLocal(HeadlessAnalyzer.java:462)
	at ghidra.app.util.headless.AnalyzeHeadless.launch(AnalyzeHeadless.java:199)
	at ghidra.GhidraLauncher.launch(GhidraLauncher.java:81)
	at ghidra.Ghidra.main(Ghidra.java:54)
 
INFO  DIE info:
DIEAgregrate of: DIE [0x5243], 
<1><5243>: DW_TAG_subprogram [abbrev 20, tag 46, index 1753, children 8]
		DW_AT_low_pc : DW_FORM_addr, addr v4 0x71e4
		DW_AT_high_pc : DW_FORM_data4 = 68 [00000044]
		DW_AT_frame_base : DW_FORM_exprloc = [1]6e
		DW_AT_???? 8471 (0x2117) : DW_FORM_flag_present = true
		DW_AT_name : DW_FORM_strp = "_HAP_debug_v2" (offset 0x13d3)
		DW_AT_decl_file : DW_FORM_data1 = 6 [06]
		DW_AT_decl_line : DW_FORM_data1 = 60 [3c]
		DW_AT_prototyped : DW_FORM_flag_present = true
 (DWARFFunctionImporter)  
ERROR Error when processing DWARF information for DIE 561f (DWARFFunctionImporter) java.lang.NullPointerException: Cannot invoke "ghidra.app.util.bin.format.dwarf.DWARFRegisterMappings.getStackFrameRegisterOffset()" because the return value of "ghidra.app.util.bin.format.dwarf.DWARFProgram.getRegisterMappings()" is null
	at ghidra.app.util.bin.format.dwarf.DWARFFunction.read(DWARFFunction.java:108)
	at ghidra.app.util.bin.format.dwarf.DWARFFunctionImporter.processSubprogram(DWARFFunctionImporter.java:161)
	at ghidra.app.util.bin.format.dwarf.DWARFFunctionImporter.importFunctions(DWARFFunctionImporter.java:111)
	at ghidra.app.util.bin.format.dwarf.DWARFImporter.performImport(DWARFImporter.java:409)
	at ghidra.app.plugin.core.analysis.DWARFAnalyzer.added(DWARFAnalyzer.java:113)
	at ghidra.app.plugin.core.analysis.AnalysisScheduler.runAnalyzer(AnalysisScheduler.java:186)
	at ghidra.app.plugin.core.analysis.AnalysisTask.applyTo(AnalysisTask.java:37)
	at ghidra.app.plugin.core.analysis.AnalysisTask.applyTo(AnalysisTask.java:24)
	at ghidra.app.plugin.core.analysis.AutoAnalysisManager$AnalysisTaskWrapper.run(AutoAnalysisManager.java:660)
	at ghidra.app.plugin.core.analysis.AutoAnalysisManager.startAnalysis(AutoAnalysisManager.java:760)
	at ghidra.app.plugin.core.analysis.AutoAnalysisManager.startAnalysis(AutoAnalysisManager.java:639)
	at ghidra.app.plugin.core.analysis.AutoAnalysisManager.startAnalysis(AutoAnalysisManager.java:604)
	at ghidra.app.util.headless.HeadlessAnalyzer.analyzeProgram(HeadlessAnalyzer.java:1053)
	at ghidra.app.util.headless.HeadlessAnalyzer.processFileWithImport(HeadlessAnalyzer.java:1584)
	at ghidra.app.util.headless.HeadlessAnalyzer.processWithLoader(HeadlessAnalyzer.java:1744)
	at ghidra.app.util.headless.HeadlessAnalyzer.processWithImport(HeadlessAnalyzer.java:1685)
	at ghidra.app.util.headless.HeadlessAnalyzer.processWithImport(HeadlessAnalyzer.java:1769)
	at ghidra.app.util.headless.HeadlessAnalyzer.processLocal(HeadlessAnalyzer.java:462)
	at ghidra.app.util.headless.AnalyzeHeadless.launch(AnalyzeHeadless.java:199)
	at ghidra.GhidraLauncher.launch(GhidraLauncher.java:81)
	at ghidra.Ghidra.main(Ghidra.java:54)
 
INFO  DIE info:
DIEAgregrate of: DIE [0x561f], 
<1><561f>: DW_TAG_subprogram [abbrev 12, tag 46, index 1882, children 21]
		DW_AT_low_pc : DW_FORM_addr, addr v4 0x7230
		DW_AT_high_pc : DW_FORM_data4 = 512 [00000200]
		DW_AT_frame_base : DW_FORM_exprloc = [1]6e
		DW_AT_???? 8471 (0x2117) : DW_FORM_flag_present = true
		DW_AT_name : DW_FORM_strp = "dhrystone" (offset 0x1e80)
		DW_AT_decl_file : DW_FORM_data1 = 1 [01]
		DW_AT_decl_line : DW_FORM_data1 = 58 [3a]
		DW_AT_prototyped : DW_FORM_flag_present = true
		DW_AT_type : DW_FORM_ref4 = 25215 [000000000000627f]
		DW_AT_external : DW_FORM_flag_present = true
 (DWARFFunctionImporter)  
ERROR Error when processing DWARF information for DIE 5766 (DWARFFunctionImporter) java.lang.NullPointerException: Cannot invoke "ghidra.app.util.bin.format.dwarf.DWARFRegisterMappings.getStackFrameRegisterOffset()" because the return value of "ghidra.app.util.bin.format.dwarf.DWARFProgram.getRegisterMappings()" is null
	at ghidra.app.util.bin.format.dwarf.DWARFFunction.read(DWARFFunction.java:108)
	at ghidra.app.util.bin.format.dwarf.DWARFFunctionImporter.processSubprogram(DWARFFunctionImporter.java:161)
	at ghidra.app.util.bin.format.dwarf.DWARFFunctionImporter.importFunctions(DWARFFunctionImporter.java:111)
	at ghidra.app.util.bin.format.dwarf.DWARFImporter.performImport(DWARFImporter.java:409)
	at ghidra.app.plugin.core.analysis.DWARFAnalyzer.added(DWARFAnalyzer.java:113)
	at ghidra.app.plugin.core.analysis.AnalysisScheduler.runAnalyzer(AnalysisScheduler.java:186)
	at ghidra.app.plugin.core.analysis.AnalysisTask.applyTo(AnalysisTask.java:37)
	at ghidra.app.plugin.core.analysis.AnalysisTask.applyTo(AnalysisTask.java:24)
	at ghidra.app.plugin.core.analysis.AutoAnalysisManager$AnalysisTaskWrapper.run(AutoAnalysisManager.java:660)
	at ghidra.app.plugin.core.analysis.AutoAnalysisManager.startAnalysis(AutoAnalysisManager.java:760)
	at ghidra.app.plugin.core.analysis.AutoAnalysisManager.startAnalysis(AutoAnalysisManager.java:639)
	at ghidra.app.plugin.core.analysis.AutoAnalysisManager.startAnalysis(AutoAnalysisManager.java:604)
	at ghidra.app.util.headless.HeadlessAnalyzer.analyzeProgram(HeadlessAnalyzer.java:1053)
	at ghidra.app.util.headless.HeadlessAnalyzer.processFileWithImport(HeadlessAnalyzer.java:1584)
	at ghidra.app.util.headless.HeadlessAnalyzer.processWithLoader(HeadlessAnalyzer.java:1744)
	at ghidra.app.util.headless.HeadlessAnalyzer.processWithImport(HeadlessAnalyzer.java:1685)
	at ghidra.app.util.headless.HeadlessAnalyzer.processWithImport(HeadlessAnalyzer.java:1769)
	at ghidra.app.util.headless.HeadlessAnalyzer.processLocal(HeadlessAnalyzer.java:462)
	at ghidra.app.util.headless.AnalyzeHeadless.launch(AnalyzeHeadless.java:199)
	at ghidra.GhidraLauncher.launch(GhidraLauncher.java:81)
	at ghidra.Ghidra.main(Ghidra.java:54)
 
INFO  DIE info:
DIEAgregrate of: DIE [0x5766], 
<1><5766>: DW_TAG_subprogram [abbrev 19, tag 46, index 1907, children 8]
		DW_AT_low_pc : DW_FORM_addr, addr v4 0x7430
		DW_AT_high_pc : DW_FORM_data4 = 68 [00000044]
		DW_AT_frame_base : DW_FORM_exprloc = [1]6e
		DW_AT_???? 8471 (0x2117) : DW_FORM_flag_present = true
		DW_AT_name : DW_FORM_strp = "_HAP_debug_v2" (offset 0x13d3)
		DW_AT_decl_file : DW_FORM_data1 = 8 [08]
		DW_AT_decl_line : DW_FORM_data1 = 60 [3c]
		DW_AT_prototyped : DW_FORM_flag_present = true
 (DWARFFunctionImporter)  
ERROR Error when processing DWARF information for DIE 584a (DWARFFunctionImporter) java.lang.NullPointerException: Cannot invoke "ghidra.app.util.bin.format.dwarf.DWARFRegisterMappings.getStackFrameRegisterOffset()" because the return value of "ghidra.app.util.bin.format.dwarf.DWARFProgram.getRegisterMappings()" is null
	at ghidra.app.util.bin.format.dwarf.DWARFFunction.read(DWARFFunction.java:108)
	at ghidra.app.util.bin.format.dwarf.DWARFFunctionImporter.processSubprogram(DWARFFunctionImporter.java:161)
	at ghidra.app.util.bin.format.dwarf.DWARFFunctionImporter.importFunctions(DWARFFunctionImporter.java:111)
	at ghidra.app.util.bin.format.dwarf.DWARFImporter.performImport(DWARFImporter.java:409)
	at ghidra.app.plugin.core.analysis.DWARFAnalyzer.added(DWARFAnalyzer.java:113)
	at ghidra.app.plugin.core.analysis.AnalysisScheduler.runAnalyzer(AnalysisScheduler.java:186)
	at ghidra.app.plugin.core.analysis.AnalysisTask.applyTo(AnalysisTask.java:37)
	at ghidra.app.plugin.core.analysis.AnalysisTask.applyTo(AnalysisTask.java:24)
	at ghidra.app.plugin.core.analysis.AutoAnalysisManager$AnalysisTaskWrapper.run(AutoAnalysisManager.java:660)
	at ghidra.app.plugin.core.analysis.AutoAnalysisManager.startAnalysis(AutoAnalysisManager.java:760)
	at ghidra.app.plugin.core.analysis.AutoAnalysisManager.startAnalysis(AutoAnalysisManager.java:639)
	at ghidra.app.plugin.core.analysis.AutoAnalysisManager.startAnalysis(AutoAnalysisManager.java:604)
	at ghidra.app.util.headless.HeadlessAnalyzer.analyzeProgram(HeadlessAnalyzer.java:1053)
	at ghidra.app.util.headless.HeadlessAnalyzer.processFileWithImport(HeadlessAnalyzer.java:1584)
	at ghidra.app.util.headless.HeadlessAnalyzer.processWithLoader(HeadlessAnalyzer.java:1744)
	at ghidra.app.util.headless.HeadlessAnalyzer.processWithImport(HeadlessAnalyzer.java:1685)
	at ghidra.app.util.headless.HeadlessAnalyzer.processWithImport(HeadlessAnalyzer.java:1769)
	at ghidra.app.util.headless.HeadlessAnalyzer.processLocal(HeadlessAnalyzer.java:462)
	at ghidra.app.util.headless.AnalyzeHeadless.launch(AnalyzeHeadless.java:199)
	at ghidra.GhidraLauncher.launch(GhidraLauncher.java:81)
	at ghidra.Ghidra.main(Ghidra.java:54)
 
INFO  DIE info:
DIEAgregrate of: DIE [0x584a], 
<1><584a>: DW_TAG_subprogram [abbrev 12, tag 46, index 1936, children 6]
		DW_AT_low_pc : DW_FORM_addr, addr v4 0x7474
		DW_AT_high_pc : DW_FORM_data4 = 16 [00000010]
		DW_AT_frame_base : DW_FORM_exprloc = [1]6d
		DW_AT_???? 8471 (0x2117) : DW_FORM_flag_present = true
		DW_AT_name : DW_FORM_strp = "benchmark_dhrystone" (offset 0x1e8a)
		DW_AT_decl_file : DW_FORM_data1 = 1 [01]
		DW_AT_decl_line : DW_FORM_data1 = 108 [6c]
		DW_AT_prototyped : DW_FORM_flag_present = true
		DW_AT_type : DW_FORM_ref4 = 25215 [000000000000627f]
		DW_AT_external : DW_FORM_flag_present = true
 (DWARFFunctionImporter)  
ERROR Error when processing DWARF information for DIE 58b9 (DWARFFunctionImporter) java.lang.NullPointerException: Cannot invoke "ghidra.app.util.bin.format.dwarf.DWARFRegisterMappings.getStackFrameRegisterOffset()" because the return value of "ghidra.app.util.bin.format.dwarf.DWARFProgram.getRegisterMappings()" is null
	at ghidra.app.util.bin.format.dwarf.DWARFFunction.read(DWARFFunction.java:108)
	at ghidra.app.util.bin.format.dwarf.DWARFFunctionImporter.processSubprogram(DWARFFunctionImporter.java:161)
	at ghidra.app.util.bin.format.dwarf.DWARFFunctionImporter.importFunctions(DWARFFunctionImporter.java:111)
	at ghidra.app.util.bin.format.dwarf.DWARFImporter.performImport(DWARFImporter.java:409)
	at ghidra.app.plugin.core.analysis.DWARFAnalyzer.added(DWARFAnalyzer.java:113)
	at ghidra.app.plugin.core.analysis.AnalysisScheduler.runAnalyzer(AnalysisScheduler.java:186)
	at ghidra.app.plugin.core.analysis.AnalysisTask.applyTo(AnalysisTask.java:37)
	at ghidra.app.plugin.core.analysis.AnalysisTask.applyTo(AnalysisTask.java:24)
	at ghidra.app.plugin.core.analysis.AutoAnalysisManager$AnalysisTaskWrapper.run(AutoAnalysisManager.java:660)
	at ghidra.app.plugin.core.analysis.AutoAnalysisManager.startAnalysis(AutoAnalysisManager.java:760)
	at ghidra.app.plugin.core.analysis.AutoAnalysisManager.startAnalysis(AutoAnalysisManager.java:639)
	at ghidra.app.plugin.core.analysis.AutoAnalysisManager.startAnalysis(AutoAnalysisManager.java:604)
	at ghidra.app.util.headless.HeadlessAnalyzer.analyzeProgram(HeadlessAnalyzer.java:1053)
	at ghidra.app.util.headless.HeadlessAnalyzer.processFileWithImport(HeadlessAnalyzer.java:1584)
	at ghidra.app.util.headless.HeadlessAnalyzer.processWithLoader(HeadlessAnalyzer.java:1744)
	at ghidra.app.util.headless.HeadlessAnalyzer.processWithImport(HeadlessAnalyzer.java:1685)
	at ghidra.app.util.headless.HeadlessAnalyzer.processWithImport(HeadlessAnalyzer.java:1769)
	at ghidra.app.util.headless.HeadlessAnalyzer.processLocal(HeadlessAnalyzer.java:462)
	at ghidra.app.util.headless.AnalyzeHeadless.launch(AnalyzeHeadless.java:199)
	at ghidra.GhidraLauncher.launch(GhidraLauncher.java:81)
	at ghidra.Ghidra.main(Ghidra.java:54)
 
INFO  DIE info:
DIEAgregrate of: DIE [0x58b9], 
<1><58b9>: DW_TAG_subprogram [abbrev 12, tag 46, index 1943, children 5]
		DW_AT_low_pc : DW_FORM_addr, addr v4 0x7484
		DW_AT_high_pc : DW_FORM_data4 = 4 [00000004]
		DW_AT_frame_base : DW_FORM_exprloc = [1]6d
		DW_AT_???? 8471 (0x2117) : DW_FORM_flag_present = true
		DW_AT_name : DW_FORM_strp = "sysmon_dhrystone" (offset 0x1e9e)
		DW_AT_decl_file : DW_FORM_data1 = 1 [01]
		DW_AT_decl_line : DW_FORM_data1 = 120 [78]
		DW_AT_prototyped : DW_FORM_flag_present = true
		DW_AT_type : DW_FORM_ref4 = 25215 [000000000000627f]
		DW_AT_external : DW_FORM_flag_present = true
 (DWARFFunctionImporter)  
ERROR Error when processing DWARF information for DIE 5910 (DWARFFunctionImporter) java.lang.NullPointerException: Cannot invoke "ghidra.app.util.bin.format.dwarf.DWARFRegisterMappings.getStackFrameRegisterOffset()" because the return value of "ghidra.app.util.bin.format.dwarf.DWARFProgram.getRegisterMappings()" is null
	at ghidra.app.util.bin.format.dwarf.DWARFFunction.read(DWARFFunction.java:108)
	at ghidra.app.util.bin.format.dwarf.DWARFFunctionImporter.processSubprogram(DWARFFunctionImporter.java:161)
	at ghidra.app.util.bin.format.dwarf.DWARFFunctionImporter.importFunctions(DWARFFunctionImporter.java:111)
	at ghidra.app.util.bin.format.dwarf.DWARFImporter.performImport(DWARFImporter.java:409)
	at ghidra.app.plugin.core.analysis.DWARFAnalyzer.added(DWARFAnalyzer.java:113)
	at ghidra.app.plugin.core.analysis.AnalysisScheduler.runAnalyzer(AnalysisScheduler.java:186)
	at ghidra.app.plugin.core.analysis.AnalysisTask.applyTo(AnalysisTask.java:37)
	at ghidra.app.plugin.core.analysis.AnalysisTask.applyTo(AnalysisTask.java:24)
	at ghidra.app.plugin.core.analysis.AutoAnalysisManager$AnalysisTaskWrapper.run(AutoAnalysisManager.java:660)
	at ghidra.app.plugin.core.analysis.AutoAnalysisManager.startAnalysis(AutoAnalysisManager.java:760)
	at ghidra.app.plugin.core.analysis.AutoAnalysisManager.startAnalysis(AutoAnalysisManager.java:639)
	at ghidra.app.plugin.core.analysis.AutoAnalysisManager.startAnalysis(AutoAnalysisManager.java:604)
	at ghidra.app.util.headless.HeadlessAnalyzer.analyzeProgram(HeadlessAnalyzer.java:1053)
	at ghidra.app.util.headless.HeadlessAnalyzer.processFileWithImport(HeadlessAnalyzer.java:1584)
	at ghidra.app.util.headless.HeadlessAnalyzer.processWithLoader(HeadlessAnalyzer.java:1744)
	at ghidra.app.util.headless.HeadlessAnalyzer.processWithImport(HeadlessAnalyzer.java:1685)
	at ghidra.app.util.headless.HeadlessAnalyzer.processWithImport(HeadlessAnalyzer.java:1769)
	at ghidra.app.util.headless.HeadlessAnalyzer.processLocal(HeadlessAnalyzer.java:462)
	at ghidra.app.util.headless.AnalyzeHeadless.launch(AnalyzeHeadless.java:199)
	at ghidra.GhidraLauncher.launch(GhidraLauncher.java:81)
	at ghidra.Ghidra.main(Ghidra.java:54)
 
INFO  DIE info:
DIEAgregrate of: DIE [0x5910], 
<1><5910>: DW_TAG_subprogram [abbrev 12, tag 46, index 1949, children 7]
		DW_AT_low_pc : DW_FORM_addr, addr v4 0x7488
		DW_AT_high_pc : DW_FORM_data4 = 140 [0000008c]
		DW_AT_frame_base : DW_FORM_exprloc = [1]6e
		DW_AT_???? 8471 (0x2117) : DW_FORM_flag_present = true
		DW_AT_name : DW_FORM_strp = "sysmon_setClocks" (offset 0x1eaf)
		DW_AT_decl_file : DW_FORM_data1 = 1 [01]
		DW_AT_decl_line : DW_FORM_data1 = -124 or 132 [84]
		DW_AT_prototyped : DW_FORM_flag_present = true
		DW_AT_type : DW_FORM_ref4 = 21428 [00000000000053b4]
		DW_AT_external : DW_FORM_flag_present = true
 (DWARFFunctionImporter)  
ERROR Error when processing DWARF information for DIE 6570 (DWARFFunctionImporter) java.lang.NullPointerException: Cannot invoke "ghidra.app.util.bin.format.dwarf.DWARFRegisterMappings.getStackFrameRegisterOffset()" because the return value of "ghidra.app.util.bin.format.dwarf.DWARFProgram.getRegisterMappings()" is null
	at ghidra.app.util.bin.format.dwarf.DWARFFunction.read(DWARFFunction.java:108)
	at ghidra.app.util.bin.format.dwarf.DWARFFunctionImporter.processSubprogram(DWARFFunctionImporter.java:161)
	at ghidra.app.util.bin.format.dwarf.DWARFFunctionImporter.importFunctions(DWARFFunctionImporter.java:111)
	at ghidra.app.util.bin.format.dwarf.DWARFImporter.performImport(DWARFImporter.java:409)
	at ghidra.app.plugin.core.analysis.DWARFAnalyzer.added(DWARFAnalyzer.java:113)
	at ghidra.app.plugin.core.analysis.AnalysisScheduler.runAnalyzer(AnalysisScheduler.java:186)
	at ghidra.app.plugin.core.analysis.AnalysisTask.applyTo(AnalysisTask.java:37)
	at ghidra.app.plugin.core.analysis.AnalysisTask.applyTo(AnalysisTask.java:24)
	at ghidra.app.plugin.core.analysis.AutoAnalysisManager$AnalysisTaskWrapper.run(AutoAnalysisManager.java:660)
	at ghidra.app.plugin.core.analysis.AutoAnalysisManager.startAnalysis(AutoAnalysisManager.java:760)
	at ghidra.app.plugin.core.analysis.AutoAnalysisManager.startAnalysis(AutoAnalysisManager.java:639)
	at ghidra.app.plugin.core.analysis.AutoAnalysisManager.startAnalysis(AutoAnalysisManager.java:604)
	at ghidra.app.util.headless.HeadlessAnalyzer.analyzeProgram(HeadlessAnalyzer.java:1053)
	at ghidra.app.util.headless.HeadlessAnalyzer.processFileWithImport(HeadlessAnalyzer.java:1584)
	at ghidra.app.util.headless.HeadlessAnalyzer.processWithLoader(HeadlessAnalyzer.java:1744)
	at ghidra.app.util.headless.HeadlessAnalyzer.processWithImport(HeadlessAnalyzer.java:1685)
	at ghidra.app.util.headless.HeadlessAnalyzer.processWithImport(HeadlessAnalyzer.java:1769)
	at ghidra.app.util.headless.HeadlessAnalyzer.processLocal(HeadlessAnalyzer.java:462)
	at ghidra.app.util.headless.AnalyzeHeadless.launch(AnalyzeHeadless.java:199)
	at ghidra.GhidraLauncher.launch(GhidraLauncher.java:81)
	at ghidra.Ghidra.main(Ghidra.java:54)
 
INFO  DIE info:
DIEAgregrate of: DIE [0x6570], 
<1><6570>: DW_TAG_subprogram [abbrev 16, tag 46, index 2224, children 19]
		DW_AT_low_pc : DW_FORM_addr, addr v4 0x7520
		DW_AT_high_pc : DW_FORM_data4 = 540 [0000021c]
		DW_AT_frame_base : DW_FORM_exprloc = [1]6e
		DW_AT_???? 8471 (0x2117) : DW_FORM_flag_present = true
		DW_AT_name : DW_FORM_strp = "T0_main" (offset 0x2120)
		DW_AT_decl_file : DW_FORM_data1 = 2 [02]
		DW_AT_decl_line : DW_FORM_data1 = 112 [70]
		DW_AT_prototyped : DW_FORM_flag_present = true
		DW_AT_external : DW_FORM_flag_present = true
 (DWARFFunctionImporter)  
ERROR Error when processing DWARF information for DIE 66d5 (DWARFFunctionImporter) java.lang.NullPointerException: Cannot invoke "ghidra.app.util.bin.format.dwarf.DWARFRegisterMappings.getStackFrameRegisterOffset()" because the return value of "ghidra.app.util.bin.format.dwarf.DWARFProgram.getRegisterMappings()" is null
	at ghidra.app.util.bin.format.dwarf.DWARFFunction.read(DWARFFunction.java:108)
	at ghidra.app.util.bin.format.dwarf.DWARFFunctionImporter.processSubprogram(DWARFFunctionImporter.java:161)
	at ghidra.app.util.bin.format.dwarf.DWARFFunctionImporter.importFunctions(DWARFFunctionImporter.java:111)
	at ghidra.app.util.bin.format.dwarf.DWARFImporter.performImport(DWARFImporter.java:409)
	at ghidra.app.plugin.core.analysis.DWARFAnalyzer.added(DWARFAnalyzer.java:113)
	at ghidra.app.plugin.core.analysis.AnalysisScheduler.runAnalyzer(AnalysisScheduler.java:186)
	at ghidra.app.plugin.core.analysis.AnalysisTask.applyTo(AnalysisTask.java:37)
	at ghidra.app.plugin.core.analysis.AnalysisTask.applyTo(AnalysisTask.java:24)
	at ghidra.app.plugin.core.analysis.AutoAnalysisManager$AnalysisTaskWrapper.run(AutoAnalysisManager.java:660)
	at ghidra.app.plugin.core.analysis.AutoAnalysisManager.startAnalysis(AutoAnalysisManager.java:760)
	at ghidra.app.plugin.core.analysis.AutoAnalysisManager.startAnalysis(AutoAnalysisManager.java:639)
	at ghidra.app.plugin.core.analysis.AutoAnalysisManager.startAnalysis(AutoAnalysisManager.java:604)
	at ghidra.app.util.headless.HeadlessAnalyzer.analyzeProgram(HeadlessAnalyzer.java:1053)
	at ghidra.app.util.headless.HeadlessAnalyzer.processFileWithImport(HeadlessAnalyzer.java:1584)
	at ghidra.app.util.headless.HeadlessAnalyzer.processWithLoader(HeadlessAnalyzer.java:1744)
	at ghidra.app.util.headless.HeadlessAnalyzer.processWithImport(HeadlessAnalyzer.java:1685)
	at ghidra.app.util.headless.HeadlessAnalyzer.processWithImport(HeadlessAnalyzer.java:1769)
	at ghidra.app.util.headless.HeadlessAnalyzer.processLocal(HeadlessAnalyzer.java:462)
	at ghidra.app.util.headless.AnalyzeHeadless.launch(AnalyzeHeadless.java:199)
	at ghidra.GhidraLauncher.launch(GhidraLauncher.java:81)
	at ghidra.Ghidra.main(Ghidra.java:54)
 
INFO  DIE info:
DIEAgregrate of: DIE [0x66d5], 
<1><66d5>: DW_TAG_subprogram [abbrev 26, tag 46, index 2260, children 5]
		DW_AT_low_pc : DW_FORM_addr, addr v4 0x779c
		DW_AT_high_pc : DW_FORM_data4 = 212 [000000d4]
		DW_AT_frame_base : DW_FORM_exprloc = [1]6e
		DW_AT_???? 8471 (0x2117) : DW_FORM_flag_present = true
		DW_AT_name : DW_FORM_strp = "T0_Proc_1" (offset 0x2128)
		DW_AT_decl_file : DW_FORM_data1 = 2 [02]
		DW_AT_decl_line : DW_FORM_data2 = 459 [01cb]
		DW_AT_prototyped : DW_FORM_flag_present = true
		DW_AT_external : DW_FORM_flag_present = true
 (DWARFFunctionImporter)  
ERROR Error when processing DWARF information for DIE 6755 (DWARFFunctionImporter) java.lang.NullPointerException: Cannot invoke "ghidra.app.util.bin.format.dwarf.DWARFRegisterMappings.getStackFrameRegisterOffset()" because the return value of "ghidra.app.util.bin.format.dwarf.DWARFProgram.getRegisterMappings()" is null
	at ghidra.app.util.bin.format.dwarf.DWARFFunction.read(DWARFFunction.java:108)
	at ghidra.app.util.bin.format.dwarf.DWARFFunctionImporter.processSubprogram(DWARFFunctionImporter.java:161)
	at ghidra.app.util.bin.format.dwarf.DWARFFunctionImporter.importFunctions(DWARFFunctionImporter.java:111)
	at ghidra.app.util.bin.format.dwarf.DWARFImporter.performImport(DWARFImporter.java:409)
	at ghidra.app.plugin.core.analysis.DWARFAnalyzer.added(DWARFAnalyzer.java:113)
	at ghidra.app.plugin.core.analysis.AnalysisScheduler.runAnalyzer(AnalysisScheduler.java:186)
	at ghidra.app.plugin.core.analysis.AnalysisTask.applyTo(AnalysisTask.java:37)
	at ghidra.app.plugin.core.analysis.AnalysisTask.applyTo(AnalysisTask.java:24)
	at ghidra.app.plugin.core.analysis.AutoAnalysisManager$AnalysisTaskWrapper.run(AutoAnalysisManager.java:660)
	at ghidra.app.plugin.core.analysis.AutoAnalysisManager.startAnalysis(AutoAnalysisManager.java:760)
	at ghidra.app.plugin.core.analysis.AutoAnalysisManager.startAnalysis(AutoAnalysisManager.java:639)
	at ghidra.app.plugin.core.analysis.AutoAnalysisManager.startAnalysis(AutoAnalysisManager.java:604)
	at ghidra.app.util.headless.HeadlessAnalyzer.analyzeProgram(HeadlessAnalyzer.java:1053)
	at ghidra.app.util.headless.HeadlessAnalyzer.processFileWithImport(HeadlessAnalyzer.java:1584)
	at ghidra.app.util.headless.HeadlessAnalyzer.processWithLoader(HeadlessAnalyzer.java:1744)
	at ghidra.app.util.headless.HeadlessAnalyzer.processWithImport(HeadlessAnalyzer.java:1685)
	at ghidra.app.util.headless.HeadlessAnalyzer.processWithImport(HeadlessAnalyzer.java:1769)
	at ghidra.app.util.headless.HeadlessAnalyzer.processLocal(HeadlessAnalyzer.java:462)
	at ghidra.app.util.headless.AnalyzeHeadless.launch(AnalyzeHeadless.java:199)
	at ghidra.GhidraLauncher.launch(GhidraLauncher.java:81)
	at ghidra.Ghidra.main(Ghidra.java:54)
 
INFO  DIE info:
DIEAgregrate of: DIE [0x6755], DIE [0x6551], 
<1><6755>: DW_TAG_subprogram [abbrev 30, tag 46, index 2272, children 0]
		DW_AT_low_pc : DW_FORM_addr, addr v4 0x7740
		DW_AT_high_pc : DW_FORM_data4 = 36 [00000024]
		DW_AT_frame_base : DW_FORM_exprloc = [1]6d
		DW_AT_???? 8471 (0x2117) : DW_FORM_flag_present = true
		DW_AT_abstract_origin : DW_FORM_ref4 = 25937 [0000000000006551]
<1><6551>: DW_TAG_subprogram [abbrev 13, tag 46, index 2221, children 0]
		DW_AT_name : DW_FORM_strp = "T0_Proc_5" (offset 0x20bb)
		DW_AT_decl_file : DW_FORM_data1 = 2 [02]
		DW_AT_decl_line : DW_FORM_data2 = 543 [021f]
		DW_AT_prototyped : DW_FORM_flag_present = true
		DW_AT_external : DW_FORM_flag_present = true
		DW_AT_inline : DW_FORM_data1 = 1 [01]
 (DWARFFunctionImporter)  
ERROR Error when processing DWARF information for DIE 6764 (DWARFFunctionImporter) java.lang.NullPointerException: Cannot invoke "ghidra.app.util.bin.format.dwarf.DWARFRegisterMappings.getStackFrameRegisterOffset()" because the return value of "ghidra.app.util.bin.format.dwarf.DWARFProgram.getRegisterMappings()" is null
	at ghidra.app.util.bin.format.dwarf.DWARFFunction.read(DWARFFunction.java:108)
	at ghidra.app.util.bin.format.dwarf.DWARFFunctionImporter.processSubprogram(DWARFFunctionImporter.java:161)
	at ghidra.app.util.bin.format.dwarf.DWARFFunctionImporter.importFunctions(DWARFFunctionImporter.java:111)
	at ghidra.app.util.bin.format.dwarf.DWARFImporter.performImport(DWARFImporter.java:409)
	at ghidra.app.plugin.core.analysis.DWARFAnalyzer.added(DWARFAnalyzer.java:113)
	at ghidra.app.plugin.core.analysis.AnalysisScheduler.runAnalyzer(AnalysisScheduler.java:186)
	at ghidra.app.plugin.core.analysis.AnalysisTask.applyTo(AnalysisTask.java:37)
	at ghidra.app.plugin.core.analysis.AnalysisTask.applyTo(AnalysisTask.java:24)
	at ghidra.app.plugin.core.analysis.AutoAnalysisManager$AnalysisTaskWrapper.run(AutoAnalysisManager.java:660)
	at ghidra.app.plugin.core.analysis.AutoAnalysisManager.startAnalysis(AutoAnalysisManager.java:760)
	at ghidra.app.plugin.core.analysis.AutoAnalysisManager.startAnalysis(AutoAnalysisManager.java:639)
	at ghidra.app.plugin.core.analysis.AutoAnalysisManager.startAnalysis(AutoAnalysisManager.java:604)
	at ghidra.app.util.headless.HeadlessAnalyzer.analyzeProgram(HeadlessAnalyzer.java:1053)
	at ghidra.app.util.headless.HeadlessAnalyzer.processFileWithImport(HeadlessAnalyzer.java:1584)
	at ghidra.app.util.headless.HeadlessAnalyzer.processWithLoader(HeadlessAnalyzer.java:1744)
	at ghidra.app.util.headless.HeadlessAnalyzer.processWithImport(HeadlessAnalyzer.java:1685)
	at ghidra.app.util.headless.HeadlessAnalyzer.processWithImport(HeadlessAnalyzer.java:1769)
	at ghidra.app.util.headless.HeadlessAnalyzer.processLocal(HeadlessAnalyzer.java:462)
	at ghidra.app.util.headless.AnalyzeHeadless.launch(AnalyzeHeadless.java:199)
	at ghidra.GhidraLauncher.launch(GhidraLauncher.java:81)
	at ghidra.Ghidra.main(Ghidra.java:54)
 
INFO  DIE info:
DIEAgregrate of: DIE [0x6764], DIE [0x655a], 
<1><6764>: DW_TAG_subprogram [abbrev 31, tag 46, index 2273, children 1]
		DW_AT_low_pc : DW_FORM_addr, addr v4 0x7768
		DW_AT_high_pc : DW_FORM_data4 = 52 [00000034]
		DW_AT_frame_base : DW_FORM_exprloc = [1]6d
		DW_AT_???? 8471 (0x2117) : DW_FORM_flag_present = true
		DW_AT_abstract_origin : DW_FORM_ref4 = 25946 [000000000000655a]
<1><655a>: DW_TAG_subprogram [abbrev 14, tag 46, index 2222, children 1]
		DW_AT_name : DW_FORM_strp = "T0_Proc_4" (offset 0x20c5)
		DW_AT_decl_file : DW_FORM_data1 = 2 [02]
		DW_AT_decl_line : DW_FORM_data2 = 531 [0213]
		DW_AT_prototyped : DW_FORM_flag_present = true
		DW_AT_external : DW_FORM_flag_present = true
		DW_AT_inline : DW_FORM_data1 = 1 [01]
 (DWARFFunctionImporter)  
ERROR Error when processing DWARF information for DIE 6798 (DWARFFunctionImporter) java.lang.NullPointerException: Cannot invoke "ghidra.app.util.bin.format.dwarf.DWARFRegisterMappings.getStackFrameRegisterOffset()" because the return value of "ghidra.app.util.bin.format.dwarf.DWARFProgram.getRegisterMappings()" is null
	at ghidra.app.util.bin.format.dwarf.DWARFFunction.read(DWARFFunction.java:108)
	at ghidra.app.util.bin.format.dwarf.DWARFFunctionImporter.processSubprogram(DWARFFunctionImporter.java:161)
	at ghidra.app.util.bin.format.dwarf.DWARFFunctionImporter.importFunctions(DWARFFunctionImporter.java:111)
	at ghidra.app.util.bin.format.dwarf.DWARFImporter.performImport(DWARFImporter.java:409)
	at ghidra.app.plugin.core.analysis.DWARFAnalyzer.added(DWARFAnalyzer.java:113)
	at ghidra.app.plugin.core.analysis.AnalysisScheduler.runAnalyzer(AnalysisScheduler.java:186)
	at ghidra.app.plugin.core.analysis.AnalysisTask.applyTo(AnalysisTask.java:37)
	at ghidra.app.plugin.core.analysis.AnalysisTask.applyTo(AnalysisTask.java:24)
	at ghidra.app.plugin.core.analysis.AutoAnalysisManager$AnalysisTaskWrapper.run(AutoAnalysisManager.java:660)
	at ghidra.app.plugin.core.analysis.AutoAnalysisManager.startAnalysis(AutoAnalysisManager.java:760)
	at ghidra.app.plugin.core.analysis.AutoAnalysisManager.startAnalysis(AutoAnalysisManager.java:639)
	at ghidra.app.plugin.core.analysis.AutoAnalysisManager.startAnalysis(AutoAnalysisManager.java:604)
	at ghidra.app.util.headless.HeadlessAnalyzer.analyzeProgram(HeadlessAnalyzer.java:1053)
	at ghidra.app.util.headless.HeadlessAnalyzer.processFileWithImport(HeadlessAnalyzer.java:1584)
	at ghidra.app.util.headless.HeadlessAnalyzer.processWithLoader(HeadlessAnalyzer.java:1744)
	at ghidra.app.util.headless.HeadlessAnalyzer.processWithImport(HeadlessAnalyzer.java:1685)
	at ghidra.app.util.headless.HeadlessAnalyzer.processWithImport(HeadlessAnalyzer.java:1769)
	at ghidra.app.util.headless.HeadlessAnalyzer.processLocal(HeadlessAnalyzer.java:462)
	at ghidra.app.util.headless.AnalyzeHeadless.launch(AnalyzeHeadless.java:199)
	at ghidra.GhidraLauncher.launch(GhidraLauncher.java:81)
	at ghidra.Ghidra.main(Ghidra.java:54)
 
INFO  DIE info:
DIEAgregrate of: DIE [0x6798], 
<1><6798>: DW_TAG_subprogram [abbrev 26, tag 46, index 2278, children 3]
		DW_AT_low_pc : DW_FORM_addr, addr v4 0x7870
		DW_AT_high_pc : DW_FORM_data4 = 60 [0000003c]
		DW_AT_frame_base : DW_FORM_exprloc = [1]6d
		DW_AT_???? 8471 (0x2117) : DW_FORM_flag_present = true
		DW_AT_name : DW_FORM_strp = "T0_Proc_2" (offset 0x2132)
		DW_AT_decl_file : DW_FORM_data1 = 2 [02]
		DW_AT_decl_line : DW_FORM_data2 = 493 [01ed]
		DW_AT_prototyped : DW_FORM_flag_present = true
		DW_AT_external : DW_FORM_flag_present = true
 (DWARFFunctionImporter)  
ERROR Error when processing DWARF information for DIE 67d5 (DWARFFunctionImporter) java.lang.NullPointerException: Cannot invoke "ghidra.app.util.bin.format.dwarf.DWARFRegisterMappings.getStackFrameRegisterOffset()" because the return value of "ghidra.app.util.bin.format.dwarf.DWARFProgram.getRegisterMappings()" is null
	at ghidra.app.util.bin.format.dwarf.DWARFFunction.read(DWARFFunction.java:108)
	at ghidra.app.util.bin.format.dwarf.DWARFFunctionImporter.processSubprogram(DWARFFunctionImporter.java:161)
	at ghidra.app.util.bin.format.dwarf.DWARFFunctionImporter.importFunctions(DWARFFunctionImporter.java:111)
	at ghidra.app.util.bin.format.dwarf.DWARFImporter.performImport(DWARFImporter.java:409)
	at ghidra.app.plugin.core.analysis.DWARFAnalyzer.added(DWARFAnalyzer.java:113)
	at ghidra.app.plugin.core.analysis.AnalysisScheduler.runAnalyzer(AnalysisScheduler.java:186)
	at ghidra.app.plugin.core.analysis.AnalysisTask.applyTo(AnalysisTask.java:37)
	at ghidra.app.plugin.core.analysis.AnalysisTask.applyTo(AnalysisTask.java:24)
	at ghidra.app.plugin.core.analysis.AutoAnalysisManager$AnalysisTaskWrapper.run(AutoAnalysisManager.java:660)
	at ghidra.app.plugin.core.analysis.AutoAnalysisManager.startAnalysis(AutoAnalysisManager.java:760)
	at ghidra.app.plugin.core.analysis.AutoAnalysisManager.startAnalysis(AutoAnalysisManager.java:639)
	at ghidra.app.plugin.core.analysis.AutoAnalysisManager.startAnalysis(AutoAnalysisManager.java:604)
	at ghidra.app.util.headless.HeadlessAnalyzer.analyzeProgram(HeadlessAnalyzer.java:1053)
	at ghidra.app.util.headless.HeadlessAnalyzer.processFileWithImport(HeadlessAnalyzer.java:1584)
	at ghidra.app.util.headless.HeadlessAnalyzer.processWithLoader(HeadlessAnalyzer.java:1744)
	at ghidra.app.util.headless.HeadlessAnalyzer.processWithImport(HeadlessAnalyzer.java:1685)
	at ghidra.app.util.headless.HeadlessAnalyzer.processWithImport(HeadlessAnalyzer.java:1769)
	at ghidra.app.util.headless.HeadlessAnalyzer.processLocal(HeadlessAnalyzer.java:462)
	at ghidra.app.util.headless.AnalyzeHeadless.launch(AnalyzeHeadless.java:199)
	at ghidra.GhidraLauncher.launch(GhidraLauncher.java:81)
	at ghidra.Ghidra.main(Ghidra.java:54)
 
INFO  DIE info:
DIEAgregrate of: DIE [0x67d5], DIE [0x677d], 
<1><67d5>: DW_TAG_subprogram [abbrev 31, tag 46, index 2282, children 1]
		DW_AT_low_pc : DW_FORM_addr, addr v4 0x78ac
		DW_AT_high_pc : DW_FORM_data4 = 76 [0000004c]
		DW_AT_frame_base : DW_FORM_exprloc = [1]6d
		DW_AT_???? 8471 (0x2117) : DW_FORM_flag_present = true
		DW_AT_abstract_origin : DW_FORM_ref4 = 26493 [000000000000677d]
<1><677d>: DW_TAG_subprogram [abbrev 14, tag 46, index 2275, children 1]
		DW_AT_name : DW_FORM_strp = "T0_Proc_3" (offset 0x210a)
		DW_AT_decl_file : DW_FORM_data1 = 2 [02]
		DW_AT_decl_line : DW_FORM_data2 = 516 [0204]
		DW_AT_prototyped : DW_FORM_flag_present = true
		DW_AT_external : DW_FORM_flag_present = true
		DW_AT_inline : DW_FORM_data1 = 1 [01]
 (DWARFFunctionImporter)  
ERROR Error when processing DWARF information for DIE 6880 (DWARFFunctionImporter) java.lang.NullPointerException: Cannot invoke "ghidra.app.util.bin.format.dwarf.DWARFRegisterMappings.getStackFrameRegisterOffset()" because the return value of "ghidra.app.util.bin.format.dwarf.DWARFProgram.getRegisterMappings()" is null
	at ghidra.app.util.bin.format.dwarf.DWARFFunction.read(DWARFFunction.java:108)
	at ghidra.app.util.bin.format.dwarf.DWARFFunctionImporter.processSubprogram(DWARFFunctionImporter.java:161)
	at ghidra.app.util.bin.format.dwarf.DWARFFunctionImporter.importFunctions(DWARFFunctionImporter.java:111)
	at ghidra.app.util.bin.format.dwarf.DWARFImporter.performImport(DWARFImporter.java:409)
	at ghidra.app.plugin.core.analysis.DWARFAnalyzer.added(DWARFAnalyzer.java:113)
	at ghidra.app.plugin.core.analysis.AnalysisScheduler.runAnalyzer(AnalysisScheduler.java:186)
	at ghidra.app.plugin.core.analysis.AnalysisTask.applyTo(AnalysisTask.java:37)
	at ghidra.app.plugin.core.analysis.AnalysisTask.applyTo(AnalysisTask.java:24)
	at ghidra.app.plugin.core.analysis.AutoAnalysisManager$AnalysisTaskWrapper.run(AutoAnalysisManager.java:660)
	at ghidra.app.plugin.core.analysis.AutoAnalysisManager.startAnalysis(AutoAnalysisManager.java:760)
	at ghidra.app.plugin.core.analysis.AutoAnalysisManager.startAnalysis(AutoAnalysisManager.java:639)
	at ghidra.app.plugin.core.analysis.AutoAnalysisManager.startAnalysis(AutoAnalysisManager.java:604)
	at ghidra.app.util.headless.HeadlessAnalyzer.analyzeProgram(HeadlessAnalyzer.java:1053)
	at ghidra.app.util.headless.HeadlessAnalyzer.processFileWithImport(HeadlessAnalyzer.java:1584)
	at ghidra.app.util.headless.HeadlessAnalyzer.processWithLoader(HeadlessAnalyzer.java:1744)
	at ghidra.app.util.headless.HeadlessAnalyzer.processWithImport(HeadlessAnalyzer.java:1685)
	at ghidra.app.util.headless.HeadlessAnalyzer.processWithImport(HeadlessAnalyzer.java:1769)
	at ghidra.app.util.headless.HeadlessAnalyzer.processLocal(HeadlessAnalyzer.java:462)
	at ghidra.app.util.headless.AnalyzeHeadless.launch(AnalyzeHeadless.java:199)
	at ghidra.GhidraLauncher.launch(GhidraLauncher.java:81)
	at ghidra.Ghidra.main(Ghidra.java:54)
 
INFO  DIE info:
DIEAgregrate of: DIE [0x6880], 
<1><6880>: DW_TAG_subprogram [abbrev 7, tag 46, index 2296, children 3]
		DW_AT_low_pc : DW_FORM_addr, addr v4 0x7900
		DW_AT_high_pc : DW_FORM_data4 = 92 [0000005c]
		DW_AT_frame_base : DW_FORM_exprloc = [1]6d
		DW_AT_???? 8471 (0x2117) : DW_FORM_flag_present = true
		DW_AT_name : DW_FORM_strp = "T0_Proc_6" (offset 0x2100)
		DW_AT_decl_file : DW_FORM_data1 = 1 [01]
		DW_AT_decl_line : DW_FORM_data1 = 43 [2b]
		DW_AT_prototyped : DW_FORM_flag_present = true
		DW_AT_external : DW_FORM_flag_present = true
 (DWARFFunctionImporter)  
ERROR Error when processing DWARF information for DIE 68cb (DWARFFunctionImporter) java.lang.NullPointerException: Cannot invoke "ghidra.app.util.bin.format.dwarf.DWARFRegisterMappings.getStackFrameRegisterOffset()" because the return value of "ghidra.app.util.bin.format.dwarf.DWARFProgram.getRegisterMappings()" is null
	at ghidra.app.util.bin.format.dwarf.DWARFFunction.read(DWARFFunction.java:108)
	at ghidra.app.util.bin.format.dwarf.DWARFFunctionImporter.processSubprogram(DWARFFunctionImporter.java:161)
	at ghidra.app.util.bin.format.dwarf.DWARFFunctionImporter.importFunctions(DWARFFunctionImporter.java:111)
	at ghidra.app.util.bin.format.dwarf.DWARFImporter.performImport(DWARFImporter.java:409)
	at ghidra.app.plugin.core.analysis.DWARFAnalyzer.added(DWARFAnalyzer.java:113)
	at ghidra.app.plugin.core.analysis.AnalysisScheduler.runAnalyzer(AnalysisScheduler.java:186)
	at ghidra.app.plugin.core.analysis.AnalysisTask.applyTo(AnalysisTask.java:37)
	at ghidra.app.plugin.core.analysis.AnalysisTask.applyTo(AnalysisTask.java:24)
	at ghidra.app.plugin.core.analysis.AutoAnalysisManager$AnalysisTaskWrapper.run(AutoAnalysisManager.java:660)
	at ghidra.app.plugin.core.analysis.AutoAnalysisManager.startAnalysis(AutoAnalysisManager.java:760)
	at ghidra.app.plugin.core.analysis.AutoAnalysisManager.startAnalysis(AutoAnalysisManager.java:639)
	at ghidra.app.plugin.core.analysis.AutoAnalysisManager.startAnalysis(AutoAnalysisManager.java:604)
	at ghidra.app.util.headless.HeadlessAnalyzer.analyzeProgram(HeadlessAnalyzer.java:1053)
	at ghidra.app.util.headless.HeadlessAnalyzer.processFileWithImport(HeadlessAnalyzer.java:1584)
	at ghidra.app.util.headless.HeadlessAnalyzer.processWithLoader(HeadlessAnalyzer.java:1744)
	at ghidra.app.util.headless.HeadlessAnalyzer.processWithImport(HeadlessAnalyzer.java:1685)
	at ghidra.app.util.headless.HeadlessAnalyzer.processWithImport(HeadlessAnalyzer.java:1769)
	at ghidra.app.util.headless.HeadlessAnalyzer.processLocal(HeadlessAnalyzer.java:462)
	at ghidra.app.util.headless.AnalyzeHeadless.launch(AnalyzeHeadless.java:199)
	at ghidra.GhidraLauncher.launch(GhidraLauncher.java:81)
	at ghidra.Ghidra.main(Ghidra.java:54)
 
INFO  DIE info:
DIEAgregrate of: DIE [0x68cb], DIE [0x683e], 
<1><68cb>: DW_TAG_subprogram [abbrev 12, tag 46, index 2302, children 2]
		DW_AT_low_pc : DW_FORM_addr, addr v4 0x795c
		DW_AT_high_pc : DW_FORM_data4 = 8 [00000008]
		DW_AT_frame_base : DW_FORM_exprloc = [1]6d
		DW_AT_???? 8471 (0x2117) : DW_FORM_flag_present = true
		DW_AT_abstract_origin : DW_FORM_ref4 = 26686 [000000000000683e]
<1><683e>: DW_TAG_subprogram [abbrev 2, tag 46, index 2290, children 2]
		DW_AT_name : DW_FORM_strp = "T0_Func_3" (offset 0x2279)
		DW_AT_decl_file : DW_FORM_data1 = 1 [01]
		DW_AT_decl_line : DW_FORM_data1 = -69 or 187 [bb]
		DW_AT_prototyped : DW_FORM_flag_present = true
		DW_AT_type : DW_FORM_ref4 = 26721 [0000000000006861]
		DW_AT_external : DW_FORM_flag_present = true
		DW_AT_inline : DW_FORM_data1 = 1 [01]
 (DWARFFunctionImporter)  
ERROR Error when processing DWARF information for DIE 68e9 (DWARFFunctionImporter) java.lang.NullPointerException: Cannot invoke "ghidra.app.util.bin.format.dwarf.DWARFRegisterMappings.getStackFrameRegisterOffset()" because the return value of "ghidra.app.util.bin.format.dwarf.DWARFProgram.getRegisterMappings()" is null
	at ghidra.app.util.bin.format.dwarf.DWARFFunction.read(DWARFFunction.java:108)
	at ghidra.app.util.bin.format.dwarf.DWARFFunctionImporter.processSubprogram(DWARFFunctionImporter.java:161)
	at ghidra.app.util.bin.format.dwarf.DWARFFunctionImporter.importFunctions(DWARFFunctionImporter.java:111)
	at ghidra.app.util.bin.format.dwarf.DWARFImporter.performImport(DWARFImporter.java:409)
	at ghidra.app.plugin.core.analysis.DWARFAnalyzer.added(DWARFAnalyzer.java:113)
	at ghidra.app.plugin.core.analysis.AnalysisScheduler.runAnalyzer(AnalysisScheduler.java:186)
	at ghidra.app.plugin.core.analysis.AnalysisTask.applyTo(AnalysisTask.java:37)
	at ghidra.app.plugin.core.analysis.AnalysisTask.applyTo(AnalysisTask.java:24)
	at ghidra.app.plugin.core.analysis.AutoAnalysisManager$AnalysisTaskWrapper.run(AutoAnalysisManager.java:660)
	at ghidra.app.plugin.core.analysis.AutoAnalysisManager.startAnalysis(AutoAnalysisManager.java:760)
	at ghidra.app.plugin.core.analysis.AutoAnalysisManager.startAnalysis(AutoAnalysisManager.java:639)
	at ghidra.app.plugin.core.analysis.AutoAnalysisManager.startAnalysis(AutoAnalysisManager.java:604)
	at ghidra.app.util.headless.HeadlessAnalyzer.analyzeProgram(HeadlessAnalyzer.java:1053)
	at ghidra.app.util.headless.HeadlessAnalyzer.processFileWithImport(HeadlessAnalyzer.java:1584)
	at ghidra.app.util.headless.HeadlessAnalyzer.processWithLoader(HeadlessAnalyzer.java:1744)
	at ghidra.app.util.headless.HeadlessAnalyzer.processWithImport(HeadlessAnalyzer.java:1685)
	at ghidra.app.util.headless.HeadlessAnalyzer.processWithImport(HeadlessAnalyzer.java:1769)
	at ghidra.app.util.headless.HeadlessAnalyzer.processLocal(HeadlessAnalyzer.java:462)
	at ghidra.app.util.headless.AnalyzeHeadless.launch(AnalyzeHeadless.java:199)
	at ghidra.GhidraLauncher.launch(GhidraLauncher.java:81)
	at ghidra.Ghidra.main(Ghidra.java:54)
 
INFO  DIE info:
DIEAgregrate of: DIE [0x68e9], 
<1><68e9>: DW_TAG_subprogram [abbrev 7, tag 46, index 2305, children 4]
		DW_AT_low_pc : DW_FORM_addr, addr v4 0x7964
		DW_AT_high_pc : DW_FORM_data4 = 12 [0000000c]
		DW_AT_frame_base : DW_FORM_exprloc = [1]6d
		DW_AT_???? 8471 (0x2117) : DW_FORM_flag_present = true
		DW_AT_name : DW_FORM_strp = "T0_Proc_7" (offset 0x20e2)
		DW_AT_decl_file : DW_FORM_data1 = 1 [01]
		DW_AT_decl_line : DW_FORM_data1 = 77 [4d]
		DW_AT_prototyped : DW_FORM_flag_present = true
		DW_AT_external : DW_FORM_flag_present = true
 (DWARFFunctionImporter)  
ERROR Error when processing DWARF information for DIE 692d (DWARFFunctionImporter) java.lang.NullPointerException: Cannot invoke "ghidra.app.util.bin.format.dwarf.DWARFRegisterMappings.getStackFrameRegisterOffset()" because the return value of "ghidra.app.util.bin.format.dwarf.DWARFProgram.getRegisterMappings()" is null
	at ghidra.app.util.bin.format.dwarf.DWARFFunction.read(DWARFFunction.java:108)
	at ghidra.app.util.bin.format.dwarf.DWARFFunctionImporter.processSubprogram(DWARFFunctionImporter.java:161)
	at ghidra.app.util.bin.format.dwarf.DWARFFunctionImporter.importFunctions(DWARFFunctionImporter.java:111)
	at ghidra.app.util.bin.format.dwarf.DWARFImporter.performImport(DWARFImporter.java:409)
	at ghidra.app.plugin.core.analysis.DWARFAnalyzer.added(DWARFAnalyzer.java:113)
	at ghidra.app.plugin.core.analysis.AnalysisScheduler.runAnalyzer(AnalysisScheduler.java:186)
	at ghidra.app.plugin.core.analysis.AnalysisTask.applyTo(AnalysisTask.java:37)
	at ghidra.app.plugin.core.analysis.AnalysisTask.applyTo(AnalysisTask.java:24)
	at ghidra.app.plugin.core.analysis.AutoAnalysisManager$AnalysisTaskWrapper.run(AutoAnalysisManager.java:660)
	at ghidra.app.plugin.core.analysis.AutoAnalysisManager.startAnalysis(AutoAnalysisManager.java:760)
	at ghidra.app.plugin.core.analysis.AutoAnalysisManager.startAnalysis(AutoAnalysisManager.java:639)
	at ghidra.app.plugin.core.analysis.AutoAnalysisManager.startAnalysis(AutoAnalysisManager.java:604)
	at ghidra.app.util.headless.HeadlessAnalyzer.analyzeProgram(HeadlessAnalyzer.java:1053)
	at ghidra.app.util.headless.HeadlessAnalyzer.processFileWithImport(HeadlessAnalyzer.java:1584)
	at ghidra.app.util.headless.HeadlessAnalyzer.processWithLoader(HeadlessAnalyzer.java:1744)
	at ghidra.app.util.headless.HeadlessAnalyzer.processWithImport(HeadlessAnalyzer.java:1685)
	at ghidra.app.util.headless.HeadlessAnalyzer.processWithImport(HeadlessAnalyzer.java:1769)
	at ghidra.app.util.headless.HeadlessAnalyzer.processLocal(HeadlessAnalyzer.java:462)
	at ghidra.app.util.headless.AnalyzeHeadless.launch(AnalyzeHeadless.java:199)
	at ghidra.GhidraLauncher.launch(GhidraLauncher.java:81)
	at ghidra.Ghidra.main(Ghidra.java:54)
 
INFO  DIE info:
DIEAgregrate of: DIE [0x692d], 
<1><692d>: DW_TAG_subprogram [abbrev 7, tag 46, index 2310, children 6]
		DW_AT_low_pc : DW_FORM_addr, addr v4 0x7970
		DW_AT_high_pc : DW_FORM_data4 = 88 [00000058]
		DW_AT_frame_base : DW_FORM_exprloc = [1]6d
		DW_AT_???? 8471 (0x2117) : DW_FORM_flag_present = true
		DW_AT_name : DW_FORM_strp = "T0_Proc_8" (offset 0x20ec)
		DW_AT_decl_file : DW_FORM_data1 = 1 [01]
		DW_AT_decl_line : DW_FORM_data1 = 97 [61]
		DW_AT_prototyped : DW_FORM_flag_present = true
		DW_AT_external : DW_FORM_flag_present = true
 (DWARFFunctionImporter)  
ERROR Error when processing DWARF information for DIE 6997 (DWARFFunctionImporter) java.lang.NullPointerException: Cannot invoke "ghidra.app.util.bin.format.dwarf.DWARFRegisterMappings.getStackFrameRegisterOffset()" because the return value of "ghidra.app.util.bin.format.dwarf.DWARFProgram.getRegisterMappings()" is null
	at ghidra.app.util.bin.format.dwarf.DWARFFunction.read(DWARFFunction.java:108)
	at ghidra.app.util.bin.format.dwarf.DWARFFunctionImporter.processSubprogram(DWARFFunctionImporter.java:161)
	at ghidra.app.util.bin.format.dwarf.DWARFFunctionImporter.importFunctions(DWARFFunctionImporter.java:111)
	at ghidra.app.util.bin.format.dwarf.DWARFImporter.performImport(DWARFImporter.java:409)
	at ghidra.app.plugin.core.analysis.DWARFAnalyzer.added(DWARFAnalyzer.java:113)
	at ghidra.app.plugin.core.analysis.AnalysisScheduler.runAnalyzer(AnalysisScheduler.java:186)
	at ghidra.app.plugin.core.analysis.AnalysisTask.applyTo(AnalysisTask.java:37)
	at ghidra.app.plugin.core.analysis.AnalysisTask.applyTo(AnalysisTask.java:24)
	at ghidra.app.plugin.core.analysis.AutoAnalysisManager$AnalysisTaskWrapper.run(AutoAnalysisManager.java:660)
	at ghidra.app.plugin.core.analysis.AutoAnalysisManager.startAnalysis(AutoAnalysisManager.java:760)
	at ghidra.app.plugin.core.analysis.AutoAnalysisManager.startAnalysis(AutoAnalysisManager.java:639)
	at ghidra.app.plugin.core.analysis.AutoAnalysisManager.startAnalysis(AutoAnalysisManager.java:604)
	at ghidra.app.util.headless.HeadlessAnalyzer.analyzeProgram(HeadlessAnalyzer.java:1053)
	at ghidra.app.util.headless.HeadlessAnalyzer.processFileWithImport(HeadlessAnalyzer.java:1584)
	at ghidra.app.util.headless.HeadlessAnalyzer.processWithLoader(HeadlessAnalyzer.java:1744)
	at ghidra.app.util.headless.HeadlessAnalyzer.processWithImport(HeadlessAnalyzer.java:1685)
	at ghidra.app.util.headless.HeadlessAnalyzer.processWithImport(HeadlessAnalyzer.java:1769)
	at ghidra.app.util.headless.HeadlessAnalyzer.processLocal(HeadlessAnalyzer.java:462)
	at ghidra.app.util.headless.AnalyzeHeadless.launch(AnalyzeHeadless.java:199)
	at ghidra.GhidraLauncher.launch(GhidraLauncher.java:81)
	at ghidra.Ghidra.main(Ghidra.java:54)
 
INFO  DIE info:
DIEAgregrate of: DIE [0x6997], DIE [0x69c9], 
<1><6997>: DW_TAG_subprogram [abbrev 12, tag 46, index 2317, children 4]
		DW_AT_low_pc : DW_FORM_addr, addr v4 0x79c8
		DW_AT_high_pc : DW_FORM_data4 = 36 [00000024]
		DW_AT_frame_base : DW_FORM_exprloc = [1]6d
		DW_AT_???? 8471 (0x2117) : DW_FORM_flag_present = true
		DW_AT_abstract_origin : DW_FORM_ref4 = 27081 [00000000000069c9]
<1><69c9>: DW_TAG_subprogram [abbrev 2, tag 46, index 2322, children 4]
		DW_AT_name : DW_FORM_strp = "T0_Func_1" (offset 0x20f6)
		DW_AT_decl_file : DW_FORM_data1 = 1 [01]
		DW_AT_decl_line : DW_FORM_data1 = 122 [7a]
		DW_AT_prototyped : DW_FORM_flag_present = true
		DW_AT_type : DW_FORM_ref4 = 26740 [0000000000006874]
		DW_AT_external : DW_FORM_flag_present = true
		DW_AT_inline : DW_FORM_data1 = 1 [01]
 (DWARFFunctionImporter)  
ERROR Error when processing DWARF information for DIE 6a15 (DWARFFunctionImporter) java.lang.NullPointerException: Cannot invoke "ghidra.app.util.bin.format.dwarf.DWARFRegisterMappings.getStackFrameRegisterOffset()" because the return value of "ghidra.app.util.bin.format.dwarf.DWARFProgram.getRegisterMappings()" is null
	at ghidra.app.util.bin.format.dwarf.DWARFFunction.read(DWARFFunction.java:108)
	at ghidra.app.util.bin.format.dwarf.DWARFFunctionImporter.processSubprogram(DWARFFunctionImporter.java:161)
	at ghidra.app.util.bin.format.dwarf.DWARFFunctionImporter.importFunctions(DWARFFunctionImporter.java:111)
	at ghidra.app.util.bin.format.dwarf.DWARFImporter.performImport(DWARFImporter.java:409)
	at ghidra.app.plugin.core.analysis.DWARFAnalyzer.added(DWARFAnalyzer.java:113)
	at ghidra.app.plugin.core.analysis.AnalysisScheduler.runAnalyzer(AnalysisScheduler.java:186)
	at ghidra.app.plugin.core.analysis.AnalysisTask.applyTo(AnalysisTask.java:37)
	at ghidra.app.plugin.core.analysis.AnalysisTask.applyTo(AnalysisTask.java:24)
	at ghidra.app.plugin.core.analysis.AutoAnalysisManager$AnalysisTaskWrapper.run(AutoAnalysisManager.java:660)
	at ghidra.app.plugin.core.analysis.AutoAnalysisManager.startAnalysis(AutoAnalysisManager.java:760)
	at ghidra.app.plugin.core.analysis.AutoAnalysisManager.startAnalysis(AutoAnalysisManager.java:639)
	at ghidra.app.plugin.core.analysis.AutoAnalysisManager.startAnalysis(AutoAnalysisManager.java:604)
	at ghidra.app.util.headless.HeadlessAnalyzer.analyzeProgram(HeadlessAnalyzer.java:1053)
	at ghidra.app.util.headless.HeadlessAnalyzer.processFileWithImport(HeadlessAnalyzer.java:1584)
	at ghidra.app.util.headless.HeadlessAnalyzer.processWithLoader(HeadlessAnalyzer.java:1744)
	at ghidra.app.util.headless.HeadlessAnalyzer.processWithImport(HeadlessAnalyzer.java:1685)
	at ghidra.app.util.headless.HeadlessAnalyzer.processWithImport(HeadlessAnalyzer.java:1769)
	at ghidra.app.util.headless.HeadlessAnalyzer.processLocal(HeadlessAnalyzer.java:462)
	at ghidra.app.util.headless.AnalyzeHeadless.launch(AnalyzeHeadless.java:199)
	at ghidra.GhidraLauncher.launch(GhidraLauncher.java:81)
	at ghidra.Ghidra.main(Ghidra.java:54)
 
INFO  DIE info:
DIEAgregrate of: DIE [0x6a15], 
<1><6a15>: DW_TAG_subprogram [abbrev 17, tag 46, index 2329, children 5]
		DW_AT_low_pc : DW_FORM_addr, addr v4 0x79ec
		DW_AT_high_pc : DW_FORM_data4 = 80 [00000050]
		DW_AT_frame_base : DW_FORM_exprloc = [1]6e
		DW_AT_???? 8471 (0x2117) : DW_FORM_flag_present = true
		DW_AT_name : DW_FORM_strp = "T0_Func_2" (offset 0x20d8)
		DW_AT_decl_file : DW_FORM_data1 = 1 [01]
		DW_AT_decl_line : DW_FORM_data1 = -111 or 145 [91]
		DW_AT_prototyped : DW_FORM_flag_present = true
		DW_AT_type : DW_FORM_ref4 = 26721 [0000000000006861]
		DW_AT_external : DW_FORM_flag_present = true
 (DWARFFunctionImporter)  
ERROR Error when processing DWARF information for DIE 6d93 (DWARFFunctionImporter) java.lang.NullPointerException: Cannot invoke "ghidra.app.util.bin.format.dwarf.DWARFRegisterMappings.getStackFrameRegisterOffset()" because the return value of "ghidra.app.util.bin.format.dwarf.DWARFProgram.getRegisterMappings()" is null
	at ghidra.app.util.bin.format.dwarf.DWARFFunction.read(DWARFFunction.java:108)
	at ghidra.app.util.bin.format.dwarf.DWARFFunctionImporter.processSubprogram(DWARFFunctionImporter.java:161)
	at ghidra.app.util.bin.format.dwarf.DWARFFunctionImporter.importFunctions(DWARFFunctionImporter.java:111)
	at ghidra.app.util.bin.format.dwarf.DWARFImporter.performImport(DWARFImporter.java:409)
	at ghidra.app.plugin.core.analysis.DWARFAnalyzer.added(DWARFAnalyzer.java:113)
	at ghidra.app.plugin.core.analysis.AnalysisScheduler.runAnalyzer(AnalysisScheduler.java:186)
	at ghidra.app.plugin.core.analysis.AnalysisTask.applyTo(AnalysisTask.java:37)
	at ghidra.app.plugin.core.analysis.AnalysisTask.applyTo(AnalysisTask.java:24)
	at ghidra.app.plugin.core.analysis.AutoAnalysisManager$AnalysisTaskWrapper.run(AutoAnalysisManager.java:660)
	at ghidra.app.plugin.core.analysis.AutoAnalysisManager.startAnalysis(AutoAnalysisManager.java:760)
	at ghidra.app.plugin.core.analysis.AutoAnalysisManager.startAnalysis(AutoAnalysisManager.java:639)
	at ghidra.app.plugin.core.analysis.AutoAnalysisManager.startAnalysis(AutoAnalysisManager.java:604)
	at ghidra.app.util.headless.HeadlessAnalyzer.analyzeProgram(HeadlessAnalyzer.java:1053)
	at ghidra.app.util.headless.HeadlessAnalyzer.processFileWithImport(HeadlessAnalyzer.java:1584)
	at ghidra.app.util.headless.HeadlessAnalyzer.processWithLoader(HeadlessAnalyzer.java:1744)
	at ghidra.app.util.headless.HeadlessAnalyzer.processWithImport(HeadlessAnalyzer.java:1685)
	at ghidra.app.util.headless.HeadlessAnalyzer.processWithImport(HeadlessAnalyzer.java:1769)
	at ghidra.app.util.headless.HeadlessAnalyzer.processLocal(HeadlessAnalyzer.java:462)
	at ghidra.app.util.headless.AnalyzeHeadless.launch(AnalyzeHeadless.java:199)
	at ghidra.GhidraLauncher.launch(GhidraLauncher.java:81)
	at ghidra.Ghidra.main(Ghidra.java:54)
 
INFO  DIE info:
DIEAgregrate of: DIE [0x6d93], 
<1><6d93>: DW_TAG_subprogram [abbrev 11, tag 46, index 2379, children 28]
		DW_AT_low_pc : DW_FORM_addr, addr v4 0x7b70
		DW_AT_high_pc : DW_FORM_data4 = 660 [00000294]
		DW_AT_frame_base : DW_FORM_exprloc = [1]6e
		DW_AT_???? 8471 (0x2117) : DW_FORM_flag_present = true
		DW_AT_name : DW_FORM_strp = "benchmark_dilate3x3" (offset 0x2410)
		DW_AT_decl_file : DW_FORM_data1 = 4 [04]
		DW_AT_decl_line : DW_FORM_data1 = 124 [7c]
		DW_AT_prototyped : DW_FORM_flag_present = true
		DW_AT_type : DW_FORM_ref4 = 29044 [0000000000007174]
		DW_AT_external : DW_FORM_flag_present = true
 (DWARFFunctionImporter)  
ERROR Error when processing DWARF information for DIE 6f5b (DWARFFunctionImporter) java.lang.NullPointerException: Cannot invoke "ghidra.app.util.bin.format.dwarf.DWARFRegisterMappings.getStackFrameRegisterOffset()" because the return value of "ghidra.app.util.bin.format.dwarf.DWARFProgram.getRegisterMappings()" is null
	at ghidra.app.util.bin.format.dwarf.DWARFFunction.read(DWARFFunction.java:108)
	at ghidra.app.util.bin.format.dwarf.DWARFFunctionImporter.processSubprogram(DWARFFunctionImporter.java:161)
	at ghidra.app.util.bin.format.dwarf.DWARFFunctionImporter.importFunctions(DWARFFunctionImporter.java:111)
	at ghidra.app.util.bin.format.dwarf.DWARFImporter.performImport(DWARFImporter.java:409)
	at ghidra.app.plugin.core.analysis.DWARFAnalyzer.added(DWARFAnalyzer.java:113)
	at ghidra.app.plugin.core.analysis.AnalysisScheduler.runAnalyzer(AnalysisScheduler.java:186)
	at ghidra.app.plugin.core.analysis.AnalysisTask.applyTo(AnalysisTask.java:37)
	at ghidra.app.plugin.core.analysis.AnalysisTask.applyTo(AnalysisTask.java:24)
	at ghidra.app.plugin.core.analysis.AutoAnalysisManager$AnalysisTaskWrapper.run(AutoAnalysisManager.java:660)
	at ghidra.app.plugin.core.analysis.AutoAnalysisManager.startAnalysis(AutoAnalysisManager.java:760)
	at ghidra.app.plugin.core.analysis.AutoAnalysisManager.startAnalysis(AutoAnalysisManager.java:639)
	at ghidra.app.plugin.core.analysis.AutoAnalysisManager.startAnalysis(AutoAnalysisManager.java:604)
	at ghidra.app.util.headless.HeadlessAnalyzer.analyzeProgram(HeadlessAnalyzer.java:1053)
	at ghidra.app.util.headless.HeadlessAnalyzer.processFileWithImport(HeadlessAnalyzer.java:1584)
	at ghidra.app.util.headless.HeadlessAnalyzer.processWithLoader(HeadlessAnalyzer.java:1744)
	at ghidra.app.util.headless.HeadlessAnalyzer.processWithImport(HeadlessAnalyzer.java:1685)
	at ghidra.app.util.headless.HeadlessAnalyzer.processWithImport(HeadlessAnalyzer.java:1769)
	at ghidra.app.util.headless.HeadlessAnalyzer.processLocal(HeadlessAnalyzer.java:462)
	at ghidra.app.util.headless.AnalyzeHeadless.launch(AnalyzeHeadless.java:199)
	at ghidra.GhidraLauncher.launch(GhidraLauncher.java:81)
	at ghidra.Ghidra.main(Ghidra.java:54)
 
INFO  DIE info:
DIEAgregrate of: DIE [0x6f5b], 
<1><6f5b>: DW_TAG_subprogram [abbrev 20, tag 46, index 2413, children 8]
		DW_AT_low_pc : DW_FORM_addr, addr v4 0x7e04
		DW_AT_high_pc : DW_FORM_data4 = 68 [00000044]
		DW_AT_frame_base : DW_FORM_exprloc = [1]6e
		DW_AT_???? 8471 (0x2117) : DW_FORM_flag_present = true
		DW_AT_name : DW_FORM_strp = "_HAP_debug_v2" (offset 0x13d3)
		DW_AT_decl_file : DW_FORM_data1 = 7 [07]
		DW_AT_decl_line : DW_FORM_data1 = 60 [3c]
		DW_AT_prototyped : DW_FORM_flag_present = true
 (DWARFFunctionImporter)  
ERROR Error when processing DWARF information for DIE 7057 (DWARFFunctionImporter) java.lang.NullPointerException: Cannot invoke "ghidra.app.util.bin.format.dwarf.DWARFRegisterMappings.getStackFrameRegisterOffset()" because the return value of "ghidra.app.util.bin.format.dwarf.DWARFProgram.getRegisterMappings()" is null
	at ghidra.app.util.bin.format.dwarf.DWARFFunction.read(DWARFFunction.java:108)
	at ghidra.app.util.bin.format.dwarf.DWARFFunctionImporter.processSubprogram(DWARFFunctionImporter.java:161)
	at ghidra.app.util.bin.format.dwarf.DWARFFunctionImporter.importFunctions(DWARFFunctionImporter.java:111)
	at ghidra.app.util.bin.format.dwarf.DWARFImporter.performImport(DWARFImporter.java:409)
	at ghidra.app.plugin.core.analysis.DWARFAnalyzer.added(DWARFAnalyzer.java:113)
	at ghidra.app.plugin.core.analysis.AnalysisScheduler.runAnalyzer(AnalysisScheduler.java:186)
	at ghidra.app.plugin.core.analysis.AnalysisTask.applyTo(AnalysisTask.java:37)
	at ghidra.app.plugin.core.analysis.AnalysisTask.applyTo(AnalysisTask.java:24)
	at ghidra.app.plugin.core.analysis.AutoAnalysisManager$AnalysisTaskWrapper.run(AutoAnalysisManager.java:660)
	at ghidra.app.plugin.core.analysis.AutoAnalysisManager.startAnalysis(AutoAnalysisManager.java:760)
	at ghidra.app.plugin.core.analysis.AutoAnalysisManager.startAnalysis(AutoAnalysisManager.java:639)
	at ghidra.app.plugin.core.analysis.AutoAnalysisManager.startAnalysis(AutoAnalysisManager.java:604)
	at ghidra.app.util.headless.HeadlessAnalyzer.analyzeProgram(HeadlessAnalyzer.java:1053)
	at ghidra.app.util.headless.HeadlessAnalyzer.processFileWithImport(HeadlessAnalyzer.java:1584)
	at ghidra.app.util.headless.HeadlessAnalyzer.processWithLoader(HeadlessAnalyzer.java:1744)
	at ghidra.app.util.headless.HeadlessAnalyzer.processWithImport(HeadlessAnalyzer.java:1685)
	at ghidra.app.util.headless.HeadlessAnalyzer.processWithImport(HeadlessAnalyzer.java:1769)
	at ghidra.app.util.headless.HeadlessAnalyzer.processLocal(HeadlessAnalyzer.java:462)
	at ghidra.app.util.headless.AnalyzeHeadless.launch(AnalyzeHeadless.java:199)
	at ghidra.GhidraLauncher.launch(GhidraLauncher.java:81)
	at ghidra.Ghidra.main(Ghidra.java:54)
 
INFO  DIE info:
DIEAgregrate of: DIE [0x7057], 
<1><7057>: DW_TAG_subprogram [abbrev 20, tag 46, index 2444, children 14]
		DW_AT_low_pc : DW_FORM_addr, addr v4 0x7e48
		DW_AT_high_pc : DW_FORM_data4 = 192 [000000c0]
		DW_AT_frame_base : DW_FORM_exprloc = [1]6e
		DW_AT_???? 8471 (0x2117) : DW_FORM_flag_present = true
		DW_AT_name : DW_FORM_strp = "dilate3x3_callback" (offset 0x2424)
		DW_AT_decl_file : DW_FORM_data1 = 4 [04]
		DW_AT_decl_line : DW_FORM_data1 = 77 [4d]
		DW_AT_prototyped : DW_FORM_flag_present = true
 (DWARFFunctionImporter)  
ERROR Error when processing DWARF information for DIE 74a8 (DWARFFunctionImporter) java.lang.NullPointerException: Cannot invoke "ghidra.app.util.bin.format.dwarf.DWARFRegisterMappings.getStackFrameRegisterOffset()" because the return value of "ghidra.app.util.bin.format.dwarf.DWARFProgram.getRegisterMappings()" is null
	at ghidra.app.util.bin.format.dwarf.DWARFFunction.read(DWARFFunction.java:108)
	at ghidra.app.util.bin.format.dwarf.DWARFFunctionImporter.processSubprogram(DWARFFunctionImporter.java:161)
	at ghidra.app.util.bin.format.dwarf.DWARFFunctionImporter.importFunctions(DWARFFunctionImporter.java:111)
	at ghidra.app.util.bin.format.dwarf.DWARFImporter.performImport(DWARFImporter.java:409)
	at ghidra.app.plugin.core.analysis.DWARFAnalyzer.added(DWARFAnalyzer.java:113)
	at ghidra.app.plugin.core.analysis.AnalysisScheduler.runAnalyzer(AnalysisScheduler.java:186)
	at ghidra.app.plugin.core.analysis.AnalysisTask.applyTo(AnalysisTask.java:37)
	at ghidra.app.plugin.core.analysis.AnalysisTask.applyTo(AnalysisTask.java:24)
	at ghidra.app.plugin.core.analysis.AutoAnalysisManager$AnalysisTaskWrapper.run(AutoAnalysisManager.java:660)
	at ghidra.app.plugin.core.analysis.AutoAnalysisManager.startAnalysis(AutoAnalysisManager.java:760)
	at ghidra.app.plugin.core.analysis.AutoAnalysisManager.startAnalysis(AutoAnalysisManager.java:639)
	at ghidra.app.plugin.core.analysis.AutoAnalysisManager.startAnalysis(AutoAnalysisManager.java:604)
	at ghidra.app.util.headless.HeadlessAnalyzer.analyzeProgram(HeadlessAnalyzer.java:1053)
	at ghidra.app.util.headless.HeadlessAnalyzer.processFileWithImport(HeadlessAnalyzer.java:1584)
	at ghidra.app.util.headless.HeadlessAnalyzer.processWithLoader(HeadlessAnalyzer.java:1744)
	at ghidra.app.util.headless.HeadlessAnalyzer.processWithImport(HeadlessAnalyzer.java:1685)
	at ghidra.app.util.headless.HeadlessAnalyzer.processWithImport(HeadlessAnalyzer.java:1769)
	at ghidra.app.util.headless.HeadlessAnalyzer.processLocal(HeadlessAnalyzer.java:462)
	at ghidra.app.util.headless.AnalyzeHeadless.launch(AnalyzeHeadless.java:199)
	at ghidra.GhidraLauncher.launch(GhidraLauncher.java:81)
	at ghidra.Ghidra.main(Ghidra.java:54)
 
INFO  DIE info:
DIEAgregrate of: DIE [0x74a8], 
<1><74a8>: DW_TAG_subprogram [abbrev 11, tag 46, index 2518, children 28]
		DW_AT_low_pc : DW_FORM_addr, addr v4 0x8140
		DW_AT_high_pc : DW_FORM_data4 = 668 [0000029c]
		DW_AT_frame_base : DW_FORM_exprloc = [1]6e
		DW_AT_???? 8471 (0x2117) : DW_FORM_flag_present = true
		DW_AT_name : DW_FORM_strp = "benchmark_dilate5x5" (offset 0x2505)
		DW_AT_decl_file : DW_FORM_data1 = 4 [04]
		DW_AT_decl_line : DW_FORM_data1 = 122 [7a]
		DW_AT_prototyped : DW_FORM_flag_present = true
		DW_AT_type : DW_FORM_ref4 = 30960 [00000000000078f0]
		DW_AT_external : DW_FORM_flag_present = true
 (DWARFFunctionImporter)  
ERROR Error when processing DWARF information for DIE 7670 (DWARFFunctionImporter) java.lang.NullPointerException: Cannot invoke "ghidra.app.util.bin.format.dwarf.DWARFRegisterMappings.getStackFrameRegisterOffset()" because the return value of "ghidra.app.util.bin.format.dwarf.DWARFProgram.getRegisterMappings()" is null
	at ghidra.app.util.bin.format.dwarf.DWARFFunction.read(DWARFFunction.java:108)
	at ghidra.app.util.bin.format.dwarf.DWARFFunctionImporter.processSubprogram(DWARFFunctionImporter.java:161)
	at ghidra.app.util.bin.format.dwarf.DWARFFunctionImporter.importFunctions(DWARFFunctionImporter.java:111)
	at ghidra.app.util.bin.format.dwarf.DWARFImporter.performImport(DWARFImporter.java:409)
	at ghidra.app.plugin.core.analysis.DWARFAnalyzer.added(DWARFAnalyzer.java:113)
	at ghidra.app.plugin.core.analysis.AnalysisScheduler.runAnalyzer(AnalysisScheduler.java:186)
	at ghidra.app.plugin.core.analysis.AnalysisTask.applyTo(AnalysisTask.java:37)
	at ghidra.app.plugin.core.analysis.AnalysisTask.applyTo(AnalysisTask.java:24)
	at ghidra.app.plugin.core.analysis.AutoAnalysisManager$AnalysisTaskWrapper.run(AutoAnalysisManager.java:660)
	at ghidra.app.plugin.core.analysis.AutoAnalysisManager.startAnalysis(AutoAnalysisManager.java:760)
	at ghidra.app.plugin.core.analysis.AutoAnalysisManager.startAnalysis(AutoAnalysisManager.java:639)
	at ghidra.app.plugin.core.analysis.AutoAnalysisManager.startAnalysis(AutoAnalysisManager.java:604)
	at ghidra.app.util.headless.HeadlessAnalyzer.analyzeProgram(HeadlessAnalyzer.java:1053)
	at ghidra.app.util.headless.HeadlessAnalyzer.processFileWithImport(HeadlessAnalyzer.java:1584)
	at ghidra.app.util.headless.HeadlessAnalyzer.processWithLoader(HeadlessAnalyzer.java:1744)
	at ghidra.app.util.headless.HeadlessAnalyzer.processWithImport(HeadlessAnalyzer.java:1685)
	at ghidra.app.util.headless.HeadlessAnalyzer.processWithImport(HeadlessAnalyzer.java:1769)
	at ghidra.app.util.headless.HeadlessAnalyzer.processLocal(HeadlessAnalyzer.java:462)
	at ghidra.app.util.headless.AnalyzeHeadless.launch(AnalyzeHeadless.java:199)
	at ghidra.GhidraLauncher.launch(GhidraLauncher.java:81)
	at ghidra.Ghidra.main(Ghidra.java:54)
 
INFO  DIE info:
DIEAgregrate of: DIE [0x7670], 
<1><7670>: DW_TAG_subprogram [abbrev 19, tag 46, index 2552, children 8]
		DW_AT_low_pc : DW_FORM_addr, addr v4 0x83dc
		DW_AT_high_pc : DW_FORM_data4 = 68 [00000044]
		DW_AT_frame_base : DW_FORM_exprloc = [1]6e
		DW_AT_???? 8471 (0x2117) : DW_FORM_flag_present = true
		DW_AT_name : DW_FORM_strp = "_HAP_debug_v2" (offset 0x13d3)
		DW_AT_decl_file : DW_FORM_data1 = 7 [07]
		DW_AT_decl_line : DW_FORM_data1 = 60 [3c]
		DW_AT_prototyped : DW_FORM_flag_present = true
 (DWARFFunctionImporter)  
ERROR Error when processing DWARF information for DIE 7780 (DWARFFunctionImporter) java.lang.NullPointerException: Cannot invoke "ghidra.app.util.bin.format.dwarf.DWARFRegisterMappings.getStackFrameRegisterOffset()" because the return value of "ghidra.app.util.bin.format.dwarf.DWARFProgram.getRegisterMappings()" is null
	at ghidra.app.util.bin.format.dwarf.DWARFFunction.read(DWARFFunction.java:108)
	at ghidra.app.util.bin.format.dwarf.DWARFFunctionImporter.processSubprogram(DWARFFunctionImporter.java:161)
	at ghidra.app.util.bin.format.dwarf.DWARFFunctionImporter.importFunctions(DWARFFunctionImporter.java:111)
	at ghidra.app.util.bin.format.dwarf.DWARFImporter.performImport(DWARFImporter.java:409)
	at ghidra.app.plugin.core.analysis.DWARFAnalyzer.added(DWARFAnalyzer.java:113)
	at ghidra.app.plugin.core.analysis.AnalysisScheduler.runAnalyzer(AnalysisScheduler.java:186)
	at ghidra.app.plugin.core.analysis.AnalysisTask.applyTo(AnalysisTask.java:37)
	at ghidra.app.plugin.core.analysis.AnalysisTask.applyTo(AnalysisTask.java:24)
	at ghidra.app.plugin.core.analysis.AutoAnalysisManager$AnalysisTaskWrapper.run(AutoAnalysisManager.java:660)
	at ghidra.app.plugin.core.analysis.AutoAnalysisManager.startAnalysis(AutoAnalysisManager.java:760)
	at ghidra.app.plugin.core.analysis.AutoAnalysisManager.startAnalysis(AutoAnalysisManager.java:639)
	at ghidra.app.plugin.core.analysis.AutoAnalysisManager.startAnalysis(AutoAnalysisManager.java:604)
	at ghidra.app.util.headless.HeadlessAnalyzer.analyzeProgram(HeadlessAnalyzer.java:1053)
	at ghidra.app.util.headless.HeadlessAnalyzer.processFileWithImport(HeadlessAnalyzer.java:1584)
	at ghidra.app.util.headless.HeadlessAnalyzer.processWithLoader(HeadlessAnalyzer.java:1744)
	at ghidra.app.util.headless.HeadlessAnalyzer.processWithImport(HeadlessAnalyzer.java:1685)
	at ghidra.app.util.headless.HeadlessAnalyzer.processWithImport(HeadlessAnalyzer.java:1769)
	at ghidra.app.util.headless.HeadlessAnalyzer.processLocal(HeadlessAnalyzer.java:462)
	at ghidra.app.util.headless.AnalyzeHeadless.launch(AnalyzeHeadless.java:199)
	at ghidra.GhidraLauncher.launch(GhidraLauncher.java:81)
	at ghidra.Ghidra.main(Ghidra.java:54)
 
INFO  DIE info:
DIEAgregrate of: DIE [0x7780], 
<1><7780>: DW_TAG_subprogram [abbrev 19, tag 46, index 2585, children 18]
		DW_AT_low_pc : DW_FORM_addr, addr v4 0x8420
		DW_AT_high_pc : DW_FORM_data4 = 260 [00000104]
		DW_AT_frame_base : DW_FORM_exprloc = [1]6e
		DW_AT_???? 8471 (0x2117) : DW_FORM_flag_present = true
		DW_AT_name : DW_FORM_strp = "dilate5x5_callback" (offset 0x2519)
		DW_AT_decl_file : DW_FORM_data1 = 4 [04]
		DW_AT_decl_line : DW_FORM_data1 = 74 [4a]
		DW_AT_prototyped : DW_FORM_flag_present = true
 (DWARFFunctionImporter)  
ERROR Error when processing DWARF information for DIE 7dbe (DWARFFunctionImporter) java.lang.NullPointerException: Cannot invoke "ghidra.app.util.bin.format.dwarf.DWARFRegisterMappings.getStackFrameRegisterOffset()" because the return value of "ghidra.app.util.bin.format.dwarf.DWARFProgram.getRegisterMappings()" is null
	at ghidra.app.util.bin.format.dwarf.DWARFFunction.read(DWARFFunction.java:108)
	at ghidra.app.util.bin.format.dwarf.DWARFFunctionImporter.processSubprogram(DWARFFunctionImporter.java:161)
	at ghidra.app.util.bin.format.dwarf.DWARFFunctionImporter.importFunctions(DWARFFunctionImporter.java:111)
	at ghidra.app.util.bin.format.dwarf.DWARFImporter.performImport(DWARFImporter.java:409)
	at ghidra.app.plugin.core.analysis.DWARFAnalyzer.added(DWARFAnalyzer.java:113)
	at ghidra.app.plugin.core.analysis.AnalysisScheduler.runAnalyzer(AnalysisScheduler.java:186)
	at ghidra.app.plugin.core.analysis.AnalysisTask.applyTo(AnalysisTask.java:37)
	at ghidra.app.plugin.core.analysis.AnalysisTask.applyTo(AnalysisTask.java:24)
	at ghidra.app.plugin.core.analysis.AutoAnalysisManager$AnalysisTaskWrapper.run(AutoAnalysisManager.java:660)
	at ghidra.app.plugin.core.analysis.AutoAnalysisManager.startAnalysis(AutoAnalysisManager.java:760)
	at ghidra.app.plugin.core.analysis.AutoAnalysisManager.startAnalysis(AutoAnalysisManager.java:639)
	at ghidra.app.plugin.core.analysis.AutoAnalysisManager.startAnalysis(AutoAnalysisManager.java:604)
	at ghidra.app.util.headless.HeadlessAnalyzer.analyzeProgram(HeadlessAnalyzer.java:1053)
	at ghidra.app.util.headless.HeadlessAnalyzer.processFileWithImport(HeadlessAnalyzer.java:1584)
	at ghidra.app.util.headless.HeadlessAnalyzer.processWithLoader(HeadlessAnalyzer.java:1744)
	at ghidra.app.util.headless.HeadlessAnalyzer.processWithImport(HeadlessAnalyzer.java:1685)
	at ghidra.app.util.headless.HeadlessAnalyzer.processWithImport(HeadlessAnalyzer.java:1769)
	at ghidra.app.util.headless.HeadlessAnalyzer.processLocal(HeadlessAnalyzer.java:462)
	at ghidra.app.util.headless.AnalyzeHeadless.launch(AnalyzeHeadless.java:199)
	at ghidra.GhidraLauncher.launch(GhidraLauncher.java:81)
	at ghidra.Ghidra.main(Ghidra.java:54)
 
INFO  DIE info:
DIEAgregrate of: DIE [0x7dbe], 
<1><7dbe>: DW_TAG_subprogram [abbrev 11, tag 46, index 2672, children 28]
		DW_AT_low_pc : DW_FORM_addr, addr v4 0x8c30
		DW_AT_high_pc : DW_FORM_data4 = 648 [00000288]
		DW_AT_frame_base : DW_FORM_exprloc = [1]6e
		DW_AT_???? 8471 (0x2117) : DW_FORM_flag_present = true
		DW_AT_name : DW_FORM_strp = "benchmark_epsilon" (offset 0x25ee)
		DW_AT_decl_file : DW_FORM_data1 = 4 [04]
		DW_AT_decl_line : DW_FORM_data1 = -122 or 134 [86]
		DW_AT_prototyped : DW_FORM_flag_present = true
		DW_AT_type : DW_FORM_ref4 = 33263 [00000000000081ef]
		DW_AT_external : DW_FORM_flag_present = true
 (DWARFFunctionImporter)  
ERROR Error when processing DWARF information for DIE 7f86 (DWARFFunctionImporter) java.lang.NullPointerException: Cannot invoke "ghidra.app.util.bin.format.dwarf.DWARFRegisterMappings.getStackFrameRegisterOffset()" because the return value of "ghidra.app.util.bin.format.dwarf.DWARFProgram.getRegisterMappings()" is null
	at ghidra.app.util.bin.format.dwarf.DWARFFunction.read(DWARFFunction.java:108)
	at ghidra.app.util.bin.format.dwarf.DWARFFunctionImporter.processSubprogram(DWARFFunctionImporter.java:161)
	at ghidra.app.util.bin.format.dwarf.DWARFFunctionImporter.importFunctions(DWARFFunctionImporter.java:111)
	at ghidra.app.util.bin.format.dwarf.DWARFImporter.performImport(DWARFImporter.java:409)
	at ghidra.app.plugin.core.analysis.DWARFAnalyzer.added(DWARFAnalyzer.java:113)
	at ghidra.app.plugin.core.analysis.AnalysisScheduler.runAnalyzer(AnalysisScheduler.java:186)
	at ghidra.app.plugin.core.analysis.AnalysisTask.applyTo(AnalysisTask.java:37)
	at ghidra.app.plugin.core.analysis.AnalysisTask.applyTo(AnalysisTask.java:24)
	at ghidra.app.plugin.core.analysis.AutoAnalysisManager$AnalysisTaskWrapper.run(AutoAnalysisManager.java:660)
	at ghidra.app.plugin.core.analysis.AutoAnalysisManager.startAnalysis(AutoAnalysisManager.java:760)
	at ghidra.app.plugin.core.analysis.AutoAnalysisManager.startAnalysis(AutoAnalysisManager.java:639)
	at ghidra.app.plugin.core.analysis.AutoAnalysisManager.startAnalysis(AutoAnalysisManager.java:604)
	at ghidra.app.util.headless.HeadlessAnalyzer.analyzeProgram(HeadlessAnalyzer.java:1053)
	at ghidra.app.util.headless.HeadlessAnalyzer.processFileWithImport(HeadlessAnalyzer.java:1584)
	at ghidra.app.util.headless.HeadlessAnalyzer.processWithLoader(HeadlessAnalyzer.java:1744)
	at ghidra.app.util.headless.HeadlessAnalyzer.processWithImport(HeadlessAnalyzer.java:1685)
	at ghidra.app.util.headless.HeadlessAnalyzer.processWithImport(HeadlessAnalyzer.java:1769)
	at ghidra.app.util.headless.HeadlessAnalyzer.processLocal(HeadlessAnalyzer.java:462)
	at ghidra.app.util.headless.AnalyzeHeadless.launch(AnalyzeHeadless.java:199)
	at ghidra.GhidraLauncher.launch(GhidraLauncher.java:81)
	at ghidra.Ghidra.main(Ghidra.java:54)
 
INFO  DIE info:
DIEAgregrate of: DIE [0x7f86], 
<1><7f86>: DW_TAG_subprogram [abbrev 19, tag 46, index 2706, children 8]
		DW_AT_low_pc : DW_FORM_addr, addr v4 0x8eb8
		DW_AT_high_pc : DW_FORM_data4 = 68 [00000044]
		DW_AT_frame_base : DW_FORM_exprloc = [1]6e
		DW_AT_???? 8471 (0x2117) : DW_FORM_flag_present = true
		DW_AT_name : DW_FORM_strp = "_HAP_debug_v2" (offset 0x13d3)
		DW_AT_decl_file : DW_FORM_data1 = 7 [07]
		DW_AT_decl_line : DW_FORM_data1 = 60 [3c]
		DW_AT_prototyped : DW_FORM_flag_present = true
 (DWARFFunctionImporter)  
ERROR Error when processing DWARF information for DIE 8082 (DWARFFunctionImporter) java.lang.NullPointerException: Cannot invoke "ghidra.app.util.bin.format.dwarf.DWARFRegisterMappings.getStackFrameRegisterOffset()" because the return value of "ghidra.app.util.bin.format.dwarf.DWARFProgram.getRegisterMappings()" is null
	at ghidra.app.util.bin.format.dwarf.DWARFFunction.read(DWARFFunction.java:108)
	at ghidra.app.util.bin.format.dwarf.DWARFFunctionImporter.processSubprogram(DWARFFunctionImporter.java:161)
	at ghidra.app.util.bin.format.dwarf.DWARFFunctionImporter.importFunctions(DWARFFunctionImporter.java:111)
	at ghidra.app.util.bin.format.dwarf.DWARFImporter.performImport(DWARFImporter.java:409)
	at ghidra.app.plugin.core.analysis.DWARFAnalyzer.added(DWARFAnalyzer.java:113)
	at ghidra.app.plugin.core.analysis.AnalysisScheduler.runAnalyzer(AnalysisScheduler.java:186)
	at ghidra.app.plugin.core.analysis.AnalysisTask.applyTo(AnalysisTask.java:37)
	at ghidra.app.plugin.core.analysis.AnalysisTask.applyTo(AnalysisTask.java:24)
	at ghidra.app.plugin.core.analysis.AutoAnalysisManager$AnalysisTaskWrapper.run(AutoAnalysisManager.java:660)
	at ghidra.app.plugin.core.analysis.AutoAnalysisManager.startAnalysis(AutoAnalysisManager.java:760)
	at ghidra.app.plugin.core.analysis.AutoAnalysisManager.startAnalysis(AutoAnalysisManager.java:639)
	at ghidra.app.plugin.core.analysis.AutoAnalysisManager.startAnalysis(AutoAnalysisManager.java:604)
	at ghidra.app.util.headless.HeadlessAnalyzer.analyzeProgram(HeadlessAnalyzer.java:1053)
	at ghidra.app.util.headless.HeadlessAnalyzer.processFileWithImport(HeadlessAnalyzer.java:1584)
	at ghidra.app.util.headless.HeadlessAnalyzer.processWithLoader(HeadlessAnalyzer.java:1744)
	at ghidra.app.util.headless.HeadlessAnalyzer.processWithImport(HeadlessAnalyzer.java:1685)
	at ghidra.app.util.headless.HeadlessAnalyzer.processWithImport(HeadlessAnalyzer.java:1769)
	at ghidra.app.util.headless.HeadlessAnalyzer.processLocal(HeadlessAnalyzer.java:462)
	at ghidra.app.util.headless.AnalyzeHeadless.launch(AnalyzeHeadless.java:199)
	at ghidra.GhidraLauncher.launch(GhidraLauncher.java:81)
	at ghidra.Ghidra.main(Ghidra.java:54)
 
INFO  DIE info:
DIEAgregrate of: DIE [0x8082], 
<1><8082>: DW_TAG_subprogram [abbrev 19, tag 46, index 2737, children 20]
		DW_AT_low_pc : DW_FORM_addr, addr v4 0x8efc
		DW_AT_high_pc : DW_FORM_data4 = 216 [000000d8]
		DW_AT_frame_base : DW_FORM_exprloc = [1]6e
		DW_AT_???? 8471 (0x2117) : DW_FORM_flag_present = true
		DW_AT_name : DW_FORM_strp = "epsilon_callback" (offset 0x2600)
		DW_AT_decl_file : DW_FORM_data1 = 4 [04]
		DW_AT_decl_line : DW_FORM_data1 = 76 [4c]
		DW_AT_prototyped : DW_FORM_flag_present = true
 (DWARFFunctionImporter)  
ERROR Error when processing DWARF information for DIE 880a (DWARFFunctionImporter) java.lang.NullPointerException: Cannot invoke "ghidra.app.util.bin.format.dwarf.DWARFRegisterMappings.getStackFrameRegisterOffset()" because the return value of "ghidra.app.util.bin.format.dwarf.DWARFProgram.getRegisterMappings()" is null
	at ghidra.app.util.bin.format.dwarf.DWARFFunction.read(DWARFFunction.java:108)
	at ghidra.app.util.bin.format.dwarf.DWARFFunctionImporter.processSubprogram(DWARFFunctionImporter.java:161)
	at ghidra.app.util.bin.format.dwarf.DWARFFunctionImporter.importFunctions(DWARFFunctionImporter.java:111)
	at ghidra.app.util.bin.format.dwarf.DWARFImporter.performImport(DWARFImporter.java:409)
	at ghidra.app.plugin.core.analysis.DWARFAnalyzer.added(DWARFAnalyzer.java:113)
	at ghidra.app.plugin.core.analysis.AnalysisScheduler.runAnalyzer(AnalysisScheduler.java:186)
	at ghidra.app.plugin.core.analysis.AnalysisTask.applyTo(AnalysisTask.java:37)
	at ghidra.app.plugin.core.analysis.AnalysisTask.applyTo(AnalysisTask.java:24)
	at ghidra.app.plugin.core.analysis.AutoAnalysisManager$AnalysisTaskWrapper.run(AutoAnalysisManager.java:660)
	at ghidra.app.plugin.core.analysis.AutoAnalysisManager.startAnalysis(AutoAnalysisManager.java:760)
	at ghidra.app.plugin.core.analysis.AutoAnalysisManager.startAnalysis(AutoAnalysisManager.java:639)
	at ghidra.app.plugin.core.analysis.AutoAnalysisManager.startAnalysis(AutoAnalysisManager.java:604)
	at ghidra.app.util.headless.HeadlessAnalyzer.analyzeProgram(HeadlessAnalyzer.java:1053)
	at ghidra.app.util.headless.HeadlessAnalyzer.processFileWithImport(HeadlessAnalyzer.java:1584)
	at ghidra.app.util.headless.HeadlessAnalyzer.processWithLoader(HeadlessAnalyzer.java:1744)
	at ghidra.app.util.headless.HeadlessAnalyzer.processWithImport(HeadlessAnalyzer.java:1685)
	at ghidra.app.util.headless.HeadlessAnalyzer.processWithImport(HeadlessAnalyzer.java:1769)
	at ghidra.app.util.headless.HeadlessAnalyzer.processLocal(HeadlessAnalyzer.java:462)
	at ghidra.app.util.headless.AnalyzeHeadless.launch(AnalyzeHeadless.java:199)
	at ghidra.GhidraLauncher.launch(GhidraLauncher.java:81)
	at ghidra.Ghidra.main(Ghidra.java:54)
 
INFO  DIE info:
DIEAgregrate of: DIE [0x880a], DIE [0x8bff], 
<1><880a>: DW_TAG_subprogram [abbrev 12, tag 46, index 2836, children 5]
		DW_AT_low_pc : DW_FORM_addr, addr v4 0x92d0
		DW_AT_high_pc : DW_FORM_data4 = 136 [00000088]
		DW_AT_frame_base : DW_FORM_exprloc = [1]6d
		DW_AT_???? 8471 (0x2117) : DW_FORM_flag_present = true
		DW_AT_abstract_origin : DW_FORM_ref4 = 35839 [0000000000008bff]
<1><8bff>: DW_TAG_subprogram [abbrev 40, tag 46, index 2930, children 5]
		DW_AT_name : DW_FORM_strp = "sort" (offset 0x2719)
		DW_AT_decl_file : DW_FORM_data1 = 4 [04]
		DW_AT_decl_line : DW_FORM_data1 = -57 or 199 [c7]
		DW_AT_prototyped : DW_FORM_flag_present = true
		DW_AT_external : DW_FORM_flag_present = true
		DW_AT_inline : DW_FORM_data1 = 1 [01]
 (DWARFFunctionImporter)  
ERROR Error when processing DWARF information for DIE 8857 (DWARFFunctionImporter) java.lang.NullPointerException: Cannot invoke "ghidra.app.util.bin.format.dwarf.DWARFRegisterMappings.getStackFrameRegisterOffset()" because the return value of "ghidra.app.util.bin.format.dwarf.DWARFProgram.getRegisterMappings()" is null
	at ghidra.app.util.bin.format.dwarf.DWARFFunction.read(DWARFFunction.java:108)
	at ghidra.app.util.bin.format.dwarf.DWARFFunctionImporter.processSubprogram(DWARFFunctionImporter.java:161)
	at ghidra.app.util.bin.format.dwarf.DWARFFunctionImporter.importFunctions(DWARFFunctionImporter.java:111)
	at ghidra.app.util.bin.format.dwarf.DWARFImporter.performImport(DWARFImporter.java:409)
	at ghidra.app.plugin.core.analysis.DWARFAnalyzer.added(DWARFAnalyzer.java:113)
	at ghidra.app.plugin.core.analysis.AnalysisScheduler.runAnalyzer(AnalysisScheduler.java:186)
	at ghidra.app.plugin.core.analysis.AnalysisTask.applyTo(AnalysisTask.java:37)
	at ghidra.app.plugin.core.analysis.AnalysisTask.applyTo(AnalysisTask.java:24)
	at ghidra.app.plugin.core.analysis.AutoAnalysisManager$AnalysisTaskWrapper.run(AutoAnalysisManager.java:660)
	at ghidra.app.plugin.core.analysis.AutoAnalysisManager.startAnalysis(AutoAnalysisManager.java:760)
	at ghidra.app.plugin.core.analysis.AutoAnalysisManager.startAnalysis(AutoAnalysisManager.java:639)
	at ghidra.app.plugin.core.analysis.AutoAnalysisManager.startAnalysis(AutoAnalysisManager.java:604)
	at ghidra.app.util.headless.HeadlessAnalyzer.analyzeProgram(HeadlessAnalyzer.java:1053)
	at ghidra.app.util.headless.HeadlessAnalyzer.processFileWithImport(HeadlessAnalyzer.java:1584)
	at ghidra.app.util.headless.HeadlessAnalyzer.processWithLoader(HeadlessAnalyzer.java:1744)
	at ghidra.app.util.headless.HeadlessAnalyzer.processWithImport(HeadlessAnalyzer.java:1685)
	at ghidra.app.util.headless.HeadlessAnalyzer.processWithImport(HeadlessAnalyzer.java:1769)
	at ghidra.app.util.headless.HeadlessAnalyzer.processLocal(HeadlessAnalyzer.java:462)
	at ghidra.app.util.headless.AnalyzeHeadless.launch(AnalyzeHeadless.java:199)
	at ghidra.GhidraLauncher.launch(GhidraLauncher.java:81)
	at ghidra.Ghidra.main(Ghidra.java:54)
 
INFO  DIE info:
DIEAgregrate of: DIE [0x8857], 
<1><8857>: DW_TAG_subprogram [abbrev 18, tag 46, index 2844, children 32]
		DW_AT_low_pc : DW_FORM_addr, addr v4 0x9358
		DW_AT_high_pc : DW_FORM_data4 = 920 [00000398]
		DW_AT_frame_base : DW_FORM_exprloc = [1]6e
		DW_AT_???? 8471 (0x2117) : DW_FORM_flag_present = true
		DW_AT_name : DW_FORM_strp = "benchmark_fast9" (offset 0x274a)
		DW_AT_decl_file : DW_FORM_data1 = 4 [04]
		DW_AT_decl_line : DW_FORM_data1 = -37 or 219 [db]
		DW_AT_prototyped : DW_FORM_flag_present = true
		DW_AT_type : DW_FORM_ref4 = 36595 [0000000000008ef3]
		DW_AT_external : DW_FORM_flag_present = true
 (DWARFFunctionImporter)  
ERROR Error when processing DWARF information for DIE 8aba (DWARFFunctionImporter) java.lang.NullPointerException: Cannot invoke "ghidra.app.util.bin.format.dwarf.DWARFRegisterMappings.getStackFrameRegisterOffset()" because the return value of "ghidra.app.util.bin.format.dwarf.DWARFProgram.getRegisterMappings()" is null
	at ghidra.app.util.bin.format.dwarf.DWARFFunction.read(DWARFFunction.java:108)
	at ghidra.app.util.bin.format.dwarf.DWARFFunctionImporter.processSubprogram(DWARFFunctionImporter.java:161)
	at ghidra.app.util.bin.format.dwarf.DWARFFunctionImporter.importFunctions(DWARFFunctionImporter.java:111)
	at ghidra.app.util.bin.format.dwarf.DWARFImporter.performImport(DWARFImporter.java:409)
	at ghidra.app.plugin.core.analysis.DWARFAnalyzer.added(DWARFAnalyzer.java:113)
	at ghidra.app.plugin.core.analysis.AnalysisScheduler.runAnalyzer(AnalysisScheduler.java:186)
	at ghidra.app.plugin.core.analysis.AnalysisTask.applyTo(AnalysisTask.java:37)
	at ghidra.app.plugin.core.analysis.AnalysisTask.applyTo(AnalysisTask.java:24)
	at ghidra.app.plugin.core.analysis.AutoAnalysisManager$AnalysisTaskWrapper.run(AutoAnalysisManager.java:660)
	at ghidra.app.plugin.core.analysis.AutoAnalysisManager.startAnalysis(AutoAnalysisManager.java:760)
	at ghidra.app.plugin.core.analysis.AutoAnalysisManager.startAnalysis(AutoAnalysisManager.java:639)
	at ghidra.app.plugin.core.analysis.AutoAnalysisManager.startAnalysis(AutoAnalysisManager.java:604)
	at ghidra.app.util.headless.HeadlessAnalyzer.analyzeProgram(HeadlessAnalyzer.java:1053)
	at ghidra.app.util.headless.HeadlessAnalyzer.processFileWithImport(HeadlessAnalyzer.java:1584)
	at ghidra.app.util.headless.HeadlessAnalyzer.processWithLoader(HeadlessAnalyzer.java:1744)
	at ghidra.app.util.headless.HeadlessAnalyzer.processWithImport(HeadlessAnalyzer.java:1685)
	at ghidra.app.util.headless.HeadlessAnalyzer.processWithImport(HeadlessAnalyzer.java:1769)
	at ghidra.app.util.headless.HeadlessAnalyzer.processLocal(HeadlessAnalyzer.java:462)
	at ghidra.app.util.headless.AnalyzeHeadless.launch(AnalyzeHeadless.java:199)
	at ghidra.GhidraLauncher.launch(GhidraLauncher.java:81)
	at ghidra.Ghidra.main(Ghidra.java:54)
 
INFO  DIE info:
DIEAgregrate of: DIE [0x8aba], 
<1><8aba>: DW_TAG_subprogram [abbrev 28, tag 46, index 2889, children 8]
		DW_AT_low_pc : DW_FORM_addr, addr v4 0x96f0
		DW_AT_high_pc : DW_FORM_data4 = 68 [00000044]
		DW_AT_frame_base : DW_FORM_exprloc = [1]6e
		DW_AT_???? 8471 (0x2117) : DW_FORM_flag_present = true
		DW_AT_name : DW_FORM_strp = "_HAP_debug_v2" (offset 0x13d3)
		DW_AT_decl_file : DW_FORM_data1 = 7 [07]
		DW_AT_decl_line : DW_FORM_data1 = 60 [3c]
		DW_AT_prototyped : DW_FORM_flag_present = true
 (DWARFFunctionImporter)  
ERROR Error when processing DWARF information for DIE 8c3f (DWARFFunctionImporter) java.lang.NullPointerException: Cannot invoke "ghidra.app.util.bin.format.dwarf.DWARFRegisterMappings.getStackFrameRegisterOffset()" because the return value of "ghidra.app.util.bin.format.dwarf.DWARFProgram.getRegisterMappings()" is null
	at ghidra.app.util.bin.format.dwarf.DWARFFunction.read(DWARFFunction.java:108)
	at ghidra.app.util.bin.format.dwarf.DWARFFunctionImporter.processSubprogram(DWARFFunctionImporter.java:161)
	at ghidra.app.util.bin.format.dwarf.DWARFFunctionImporter.importFunctions(DWARFFunctionImporter.java:111)
	at ghidra.app.util.bin.format.dwarf.DWARFImporter.performImport(DWARFImporter.java:409)
	at ghidra.app.plugin.core.analysis.DWARFAnalyzer.added(DWARFAnalyzer.java:113)
	at ghidra.app.plugin.core.analysis.AnalysisScheduler.runAnalyzer(AnalysisScheduler.java:186)
	at ghidra.app.plugin.core.analysis.AnalysisTask.applyTo(AnalysisTask.java:37)
	at ghidra.app.plugin.core.analysis.AnalysisTask.applyTo(AnalysisTask.java:24)
	at ghidra.app.plugin.core.analysis.AutoAnalysisManager$AnalysisTaskWrapper.run(AutoAnalysisManager.java:660)
	at ghidra.app.plugin.core.analysis.AutoAnalysisManager.startAnalysis(AutoAnalysisManager.java:760)
	at ghidra.app.plugin.core.analysis.AutoAnalysisManager.startAnalysis(AutoAnalysisManager.java:639)
	at ghidra.app.plugin.core.analysis.AutoAnalysisManager.startAnalysis(AutoAnalysisManager.java:604)
	at ghidra.app.util.headless.HeadlessAnalyzer.analyzeProgram(HeadlessAnalyzer.java:1053)
	at ghidra.app.util.headless.HeadlessAnalyzer.processFileWithImport(HeadlessAnalyzer.java:1584)
	at ghidra.app.util.headless.HeadlessAnalyzer.processWithLoader(HeadlessAnalyzer.java:1744)
	at ghidra.app.util.headless.HeadlessAnalyzer.processWithImport(HeadlessAnalyzer.java:1685)
	at ghidra.app.util.headless.HeadlessAnalyzer.processWithImport(HeadlessAnalyzer.java:1769)
	at ghidra.app.util.headless.HeadlessAnalyzer.processLocal(HeadlessAnalyzer.java:462)
	at ghidra.app.util.headless.AnalyzeHeadless.launch(AnalyzeHeadless.java:199)
	at ghidra.GhidraLauncher.launch(GhidraLauncher.java:81)
	at ghidra.Ghidra.main(Ghidra.java:54)
 
INFO  DIE info:
DIEAgregrate of: DIE [0x8c3f], 
<1><8c3f>: DW_TAG_subprogram [abbrev 28, tag 46, index 2936, children 36]
		DW_AT_low_pc : DW_FORM_addr, addr v4 0x9734
		DW_AT_high_pc : DW_FORM_data4 = 668 [0000029c]
		DW_AT_frame_base : DW_FORM_exprloc = [1]6e
		DW_AT_???? 8471 (0x2117) : DW_FORM_flag_present = true
		DW_AT_name : DW_FORM_strp = "fast9_callback" (offset 0x275a)
		DW_AT_decl_file : DW_FORM_data1 = 4 [04]
		DW_AT_decl_line : DW_FORM_data1 = 99 [63]
		DW_AT_prototyped : DW_FORM_flag_present = true
 (DWARFFunctionImporter)  
ERROR Error when processing DWARF information for DIE 9249 (DWARFFunctionImporter) java.lang.NullPointerException: Cannot invoke "ghidra.app.util.bin.format.dwarf.DWARFRegisterMappings.getStackFrameRegisterOffset()" because the return value of "ghidra.app.util.bin.format.dwarf.DWARFProgram.getRegisterMappings()" is null
	at ghidra.app.util.bin.format.dwarf.DWARFFunction.read(DWARFFunction.java:108)
	at ghidra.app.util.bin.format.dwarf.DWARFFunctionImporter.processSubprogram(DWARFFunctionImporter.java:161)
	at ghidra.app.util.bin.format.dwarf.DWARFFunctionImporter.importFunctions(DWARFFunctionImporter.java:111)
	at ghidra.app.util.bin.format.dwarf.DWARFImporter.performImport(DWARFImporter.java:409)
	at ghidra.app.plugin.core.analysis.DWARFAnalyzer.added(DWARFAnalyzer.java:113)
	at ghidra.app.plugin.core.analysis.AnalysisScheduler.runAnalyzer(AnalysisScheduler.java:186)
	at ghidra.app.plugin.core.analysis.AnalysisTask.applyTo(AnalysisTask.java:37)
	at ghidra.app.plugin.core.analysis.AnalysisTask.applyTo(AnalysisTask.java:24)
	at ghidra.app.plugin.core.analysis.AutoAnalysisManager$AnalysisTaskWrapper.run(AutoAnalysisManager.java:660)
	at ghidra.app.plugin.core.analysis.AutoAnalysisManager.startAnalysis(AutoAnalysisManager.java:760)
	at ghidra.app.plugin.core.analysis.AutoAnalysisManager.startAnalysis(AutoAnalysisManager.java:639)
	at ghidra.app.plugin.core.analysis.AutoAnalysisManager.startAnalysis(AutoAnalysisManager.java:604)
	at ghidra.app.util.headless.HeadlessAnalyzer.analyzeProgram(HeadlessAnalyzer.java:1053)
	at ghidra.app.util.headless.HeadlessAnalyzer.processFileWithImport(HeadlessAnalyzer.java:1584)
	at ghidra.app.util.headless.HeadlessAnalyzer.processWithLoader(HeadlessAnalyzer.java:1744)
	at ghidra.app.util.headless.HeadlessAnalyzer.processWithImport(HeadlessAnalyzer.java:1685)
	at ghidra.app.util.headless.HeadlessAnalyzer.processWithImport(HeadlessAnalyzer.java:1769)
	at ghidra.app.util.headless.HeadlessAnalyzer.processLocal(HeadlessAnalyzer.java:462)
	at ghidra.app.util.headless.AnalyzeHeadless.launch(AnalyzeHeadless.java:199)
	at ghidra.GhidraLauncher.launch(GhidraLauncher.java:81)
	at ghidra.Ghidra.main(Ghidra.java:54)
 
INFO  DIE info:
DIEAgregrate of: DIE [0x9249], 
<1><9249>: DW_TAG_subprogram [abbrev 11, tag 46, index 3044, children 28]
		DW_AT_low_pc : DW_FORM_addr, addr v4 0x9b70
		DW_AT_high_pc : DW_FORM_data4 = 688 [000002b0]
		DW_AT_frame_base : DW_FORM_exprloc = [1]6e
		DW_AT_???? 8471 (0x2117) : DW_FORM_flag_present = true
		DW_AT_name : DW_FORM_strp = "benchmark_gaussian7x7" (offset 0x2896)
		DW_AT_decl_file : DW_FORM_data1 = 4 [04]
		DW_AT_decl_line : DW_FORM_data1 = -104 or 152 [98]
		DW_AT_prototyped : DW_FORM_flag_present = true
		DW_AT_type : DW_FORM_ref4 = 38638 [00000000000096ee]
		DW_AT_external : DW_FORM_flag_present = true
 (DWARFFunctionImporter)  
ERROR Error when processing DWARF information for DIE 9411 (DWARFFunctionImporter) java.lang.NullPointerException: Cannot invoke "ghidra.app.util.bin.format.dwarf.DWARFRegisterMappings.getStackFrameRegisterOffset()" because the return value of "ghidra.app.util.bin.format.dwarf.DWARFProgram.getRegisterMappings()" is null
	at ghidra.app.util.bin.format.dwarf.DWARFFunction.read(DWARFFunction.java:108)
	at ghidra.app.util.bin.format.dwarf.DWARFFunctionImporter.processSubprogram(DWARFFunctionImporter.java:161)
	at ghidra.app.util.bin.format.dwarf.DWARFFunctionImporter.importFunctions(DWARFFunctionImporter.java:111)
	at ghidra.app.util.bin.format.dwarf.DWARFImporter.performImport(DWARFImporter.java:409)
	at ghidra.app.plugin.core.analysis.DWARFAnalyzer.added(DWARFAnalyzer.java:113)
	at ghidra.app.plugin.core.analysis.AnalysisScheduler.runAnalyzer(AnalysisScheduler.java:186)
	at ghidra.app.plugin.core.analysis.AnalysisTask.applyTo(AnalysisTask.java:37)
	at ghidra.app.plugin.core.analysis.AnalysisTask.applyTo(AnalysisTask.java:24)
	at ghidra.app.plugin.core.analysis.AutoAnalysisManager$AnalysisTaskWrapper.run(AutoAnalysisManager.java:660)
	at ghidra.app.plugin.core.analysis.AutoAnalysisManager.startAnalysis(AutoAnalysisManager.java:760)
	at ghidra.app.plugin.core.analysis.AutoAnalysisManager.startAnalysis(AutoAnalysisManager.java:639)
	at ghidra.app.plugin.core.analysis.AutoAnalysisManager.startAnalysis(AutoAnalysisManager.java:604)
	at ghidra.app.util.headless.HeadlessAnalyzer.analyzeProgram(HeadlessAnalyzer.java:1053)
	at ghidra.app.util.headless.HeadlessAnalyzer.processFileWithImport(HeadlessAnalyzer.java:1584)
	at ghidra.app.util.headless.HeadlessAnalyzer.processWithLoader(HeadlessAnalyzer.java:1744)
	at ghidra.app.util.headless.HeadlessAnalyzer.processWithImport(HeadlessAnalyzer.java:1685)
	at ghidra.app.util.headless.HeadlessAnalyzer.processWithImport(HeadlessAnalyzer.java:1769)
	at ghidra.app.util.headless.HeadlessAnalyzer.processLocal(HeadlessAnalyzer.java:462)
	at ghidra.app.util.headless.AnalyzeHeadless.launch(AnalyzeHeadless.java:199)
	at ghidra.GhidraLauncher.launch(GhidraLauncher.java:81)
	at ghidra.Ghidra.main(Ghidra.java:54)
 
INFO  DIE info:
DIEAgregrate of: DIE [0x9411], 
<1><9411>: DW_TAG_subprogram [abbrev 19, tag 46, index 3078, children 8]
		DW_AT_low_pc : DW_FORM_addr, addr v4 0x9e20
		DW_AT_high_pc : DW_FORM_data4 = 68 [00000044]
		DW_AT_frame_base : DW_FORM_exprloc = [1]6e
		DW_AT_???? 8471 (0x2117) : DW_FORM_flag_present = true
		DW_AT_name : DW_FORM_strp = "_HAP_debug_v2" (offset 0x13d3)
		DW_AT_decl_file : DW_FORM_data1 = 7 [07]
		DW_AT_decl_line : DW_FORM_data1 = 60 [3c]
		DW_AT_prototyped : DW_FORM_flag_present = true
 (DWARFFunctionImporter)  
ERROR Error when processing DWARF information for DIE 9535 (DWARFFunctionImporter) java.lang.NullPointerException: Cannot invoke "ghidra.app.util.bin.format.dwarf.DWARFRegisterMappings.getStackFrameRegisterOffset()" because the return value of "ghidra.app.util.bin.format.dwarf.DWARFProgram.getRegisterMappings()" is null
	at ghidra.app.util.bin.format.dwarf.DWARFFunction.read(DWARFFunction.java:108)
	at ghidra.app.util.bin.format.dwarf.DWARFFunctionImporter.processSubprogram(DWARFFunctionImporter.java:161)
	at ghidra.app.util.bin.format.dwarf.DWARFFunctionImporter.importFunctions(DWARFFunctionImporter.java:111)
	at ghidra.app.util.bin.format.dwarf.DWARFImporter.performImport(DWARFImporter.java:409)
	at ghidra.app.plugin.core.analysis.DWARFAnalyzer.added(DWARFAnalyzer.java:113)
	at ghidra.app.plugin.core.analysis.AnalysisScheduler.runAnalyzer(AnalysisScheduler.java:186)
	at ghidra.app.plugin.core.analysis.AnalysisTask.applyTo(AnalysisTask.java:37)
	at ghidra.app.plugin.core.analysis.AnalysisTask.applyTo(AnalysisTask.java:24)
	at ghidra.app.plugin.core.analysis.AutoAnalysisManager$AnalysisTaskWrapper.run(AutoAnalysisManager.java:660)
	at ghidra.app.plugin.core.analysis.AutoAnalysisManager.startAnalysis(AutoAnalysisManager.java:760)
	at ghidra.app.plugin.core.analysis.AutoAnalysisManager.startAnalysis(AutoAnalysisManager.java:639)
	at ghidra.app.plugin.core.analysis.AutoAnalysisManager.startAnalysis(AutoAnalysisManager.java:604)
	at ghidra.app.util.headless.HeadlessAnalyzer.analyzeProgram(HeadlessAnalyzer.java:1053)
	at ghidra.app.util.headless.HeadlessAnalyzer.processFileWithImport(HeadlessAnalyzer.java:1584)
	at ghidra.app.util.headless.HeadlessAnalyzer.processWithLoader(HeadlessAnalyzer.java:1744)
	at ghidra.app.util.headless.HeadlessAnalyzer.processWithImport(HeadlessAnalyzer.java:1685)
	at ghidra.app.util.headless.HeadlessAnalyzer.processWithImport(HeadlessAnalyzer.java:1769)
	at ghidra.app.util.headless.HeadlessAnalyzer.processLocal(HeadlessAnalyzer.java:462)
	at ghidra.app.util.headless.AnalyzeHeadless.launch(AnalyzeHeadless.java:199)
	at ghidra.GhidraLauncher.launch(GhidraLauncher.java:81)
	at ghidra.Ghidra.main(Ghidra.java:54)
 
INFO  DIE info:
DIEAgregrate of: DIE [0x9535], 
<1><9535>: DW_TAG_subprogram [abbrev 19, tag 46, index 3113, children 7]
		DW_AT_low_pc : DW_FORM_addr, addr v4 0x9e64
		DW_AT_high_pc : DW_FORM_data4 = 336 [00000150]
		DW_AT_frame_base : DW_FORM_exprloc = [1]6e
		DW_AT_???? 8471 (0x2117) : DW_FORM_flag_present = true
		DW_AT_name : DW_FORM_strp = "gaussian7x7_callback" (offset 0x28ac)
		DW_AT_decl_file : DW_FORM_data1 = 4 [04]
		DW_AT_decl_line : DW_FORM_data1 = 87 [57]
		DW_AT_prototyped : DW_FORM_flag_present = true
 (DWARFFunctionImporter)  
ERROR Error when processing DWARF information for DIE 9bd9 (DWARFFunctionImporter) java.lang.NullPointerException: Cannot invoke "ghidra.app.util.bin.format.dwarf.DWARFRegisterMappings.getStackFrameRegisterOffset()" because the return value of "ghidra.app.util.bin.format.dwarf.DWARFProgram.getRegisterMappings()" is null
	at ghidra.app.util.bin.format.dwarf.DWARFFunction.read(DWARFFunction.java:108)
	at ghidra.app.util.bin.format.dwarf.DWARFFunctionImporter.processSubprogram(DWARFFunctionImporter.java:161)
	at ghidra.app.util.bin.format.dwarf.DWARFFunctionImporter.importFunctions(DWARFFunctionImporter.java:111)
	at ghidra.app.util.bin.format.dwarf.DWARFImporter.performImport(DWARFImporter.java:409)
	at ghidra.app.plugin.core.analysis.DWARFAnalyzer.added(DWARFAnalyzer.java:113)
	at ghidra.app.plugin.core.analysis.AnalysisScheduler.runAnalyzer(AnalysisScheduler.java:186)
	at ghidra.app.plugin.core.analysis.AnalysisTask.applyTo(AnalysisTask.java:37)
	at ghidra.app.plugin.core.analysis.AnalysisTask.applyTo(AnalysisTask.java:24)
	at ghidra.app.plugin.core.analysis.AutoAnalysisManager$AnalysisTaskWrapper.run(AutoAnalysisManager.java:660)
	at ghidra.app.plugin.core.analysis.AutoAnalysisManager.startAnalysis(AutoAnalysisManager.java:760)
	at ghidra.app.plugin.core.analysis.AutoAnalysisManager.startAnalysis(AutoAnalysisManager.java:639)
	at ghidra.app.plugin.core.analysis.AutoAnalysisManager.startAnalysis(AutoAnalysisManager.java:604)
	at ghidra.app.util.headless.HeadlessAnalyzer.analyzeProgram(HeadlessAnalyzer.java:1053)
	at ghidra.app.util.headless.HeadlessAnalyzer.processFileWithImport(HeadlessAnalyzer.java:1584)
	at ghidra.app.util.headless.HeadlessAnalyzer.processWithLoader(HeadlessAnalyzer.java:1744)
	at ghidra.app.util.headless.HeadlessAnalyzer.processWithImport(HeadlessAnalyzer.java:1685)
	at ghidra.app.util.headless.HeadlessAnalyzer.processWithImport(HeadlessAnalyzer.java:1769)
	at ghidra.app.util.headless.HeadlessAnalyzer.processLocal(HeadlessAnalyzer.java:462)
	at ghidra.app.util.headless.AnalyzeHeadless.launch(AnalyzeHeadless.java:199)
	at ghidra.GhidraLauncher.launch(GhidraLauncher.java:81)
	at ghidra.Ghidra.main(Ghidra.java:54)
 
INFO  DIE info:
DIEAgregrate of: DIE [0x9bd9], 
<1><9bd9>: DW_TAG_subprogram [abbrev 18, tag 46, index 3236, children 34]
		DW_AT_low_pc : DW_FORM_addr, addr v4 0xa4a0
		DW_AT_high_pc : DW_FORM_data4 = 804 [00000324]
		DW_AT_frame_base : DW_FORM_exprloc = [1]6e
		DW_AT_???? 8471 (0x2117) : DW_FORM_flag_present = true
		DW_AT_name : DW_FORM_strp = "benchmark_integrate" (offset 0x2a4b)
		DW_AT_decl_file : DW_FORM_data1 = 5 [05]
		DW_AT_decl_line : DW_FORM_data1 = -74 or 182 [b6]
		DW_AT_prototyped : DW_FORM_flag_present = true
		DW_AT_type : DW_FORM_ref4 = 41782 [000000000000a336]
		DW_AT_external : DW_FORM_flag_present = true
 (DWARFFunctionImporter)  
ERROR Error when processing DWARF information for DIE 9e16 (DWARFFunctionImporter) java.lang.NullPointerException: Cannot invoke "ghidra.app.util.bin.format.dwarf.DWARFRegisterMappings.getStackFrameRegisterOffset()" because the return value of "ghidra.app.util.bin.format.dwarf.DWARFProgram.getRegisterMappings()" is null
	at ghidra.app.util.bin.format.dwarf.DWARFFunction.read(DWARFFunction.java:108)
	at ghidra.app.util.bin.format.dwarf.DWARFFunctionImporter.processSubprogram(DWARFFunctionImporter.java:161)
	at ghidra.app.util.bin.format.dwarf.DWARFFunctionImporter.importFunctions(DWARFFunctionImporter.java:111)
	at ghidra.app.util.bin.format.dwarf.DWARFImporter.performImport(DWARFImporter.java:409)
	at ghidra.app.plugin.core.analysis.DWARFAnalyzer.added(DWARFAnalyzer.java:113)
	at ghidra.app.plugin.core.analysis.AnalysisScheduler.runAnalyzer(AnalysisScheduler.java:186)
	at ghidra.app.plugin.core.analysis.AnalysisTask.applyTo(AnalysisTask.java:37)
	at ghidra.app.plugin.core.analysis.AnalysisTask.applyTo(AnalysisTask.java:24)
	at ghidra.app.plugin.core.analysis.AutoAnalysisManager$AnalysisTaskWrapper.run(AutoAnalysisManager.java:660)
	at ghidra.app.plugin.core.analysis.AutoAnalysisManager.startAnalysis(AutoAnalysisManager.java:760)
	at ghidra.app.plugin.core.analysis.AutoAnalysisManager.startAnalysis(AutoAnalysisManager.java:639)
	at ghidra.app.plugin.core.analysis.AutoAnalysisManager.startAnalysis(AutoAnalysisManager.java:604)
	at ghidra.app.util.headless.HeadlessAnalyzer.analyzeProgram(HeadlessAnalyzer.java:1053)
	at ghidra.app.util.headless.HeadlessAnalyzer.processFileWithImport(HeadlessAnalyzer.java:1584)
	at ghidra.app.util.headless.HeadlessAnalyzer.processWithLoader(HeadlessAnalyzer.java:1744)
	at ghidra.app.util.headless.HeadlessAnalyzer.processWithImport(HeadlessAnalyzer.java:1685)
	at ghidra.app.util.headless.HeadlessAnalyzer.processWithImport(HeadlessAnalyzer.java:1769)
	at ghidra.app.util.headless.HeadlessAnalyzer.processLocal(HeadlessAnalyzer.java:462)
	at ghidra.app.util.headless.AnalyzeHeadless.launch(AnalyzeHeadless.java:199)
	at ghidra.GhidraLauncher.launch(GhidraLauncher.java:81)
	at ghidra.Ghidra.main(Ghidra.java:54)
 
INFO  DIE info:
DIEAgregrate of: DIE [0x9e16], 
<1><9e16>: DW_TAG_subprogram [abbrev 30, tag 46, index 3281, children 8]
		DW_AT_low_pc : DW_FORM_addr, addr v4 0xa7c4
		DW_AT_high_pc : DW_FORM_data4 = 68 [00000044]
		DW_AT_frame_base : DW_FORM_exprloc = [1]6e
		DW_AT_???? 8471 (0x2117) : DW_FORM_flag_present = true
		DW_AT_name : DW_FORM_strp = "_HAP_debug_v2" (offset 0x13d3)
		DW_AT_decl_file : DW_FORM_data1 = 9 [09]
		DW_AT_decl_line : DW_FORM_data1 = 60 [3c]
		DW_AT_prototyped : DW_FORM_flag_present = true
 (DWARFFunctionImporter)  
ERROR Error when processing DWARF information for DIE 9f66 (DWARFFunctionImporter) java.lang.NullPointerException: Cannot invoke "ghidra.app.util.bin.format.dwarf.DWARFRegisterMappings.getStackFrameRegisterOffset()" because the return value of "ghidra.app.util.bin.format.dwarf.DWARFProgram.getRegisterMappings()" is null
	at ghidra.app.util.bin.format.dwarf.DWARFFunction.read(DWARFFunction.java:108)
	at ghidra.app.util.bin.format.dwarf.DWARFFunctionImporter.processSubprogram(DWARFFunctionImporter.java:161)
	at ghidra.app.util.bin.format.dwarf.DWARFFunctionImporter.importFunctions(DWARFFunctionImporter.java:111)
	at ghidra.app.util.bin.format.dwarf.DWARFImporter.performImport(DWARFImporter.java:409)
	at ghidra.app.plugin.core.analysis.DWARFAnalyzer.added(DWARFAnalyzer.java:113)
	at ghidra.app.plugin.core.analysis.AnalysisScheduler.runAnalyzer(AnalysisScheduler.java:186)
	at ghidra.app.plugin.core.analysis.AnalysisTask.applyTo(AnalysisTask.java:37)
	at ghidra.app.plugin.core.analysis.AnalysisTask.applyTo(AnalysisTask.java:24)
	at ghidra.app.plugin.core.analysis.AutoAnalysisManager$AnalysisTaskWrapper.run(AutoAnalysisManager.java:660)
	at ghidra.app.plugin.core.analysis.AutoAnalysisManager.startAnalysis(AutoAnalysisManager.java:760)
	at ghidra.app.plugin.core.analysis.AutoAnalysisManager.startAnalysis(AutoAnalysisManager.java:639)
	at ghidra.app.plugin.core.analysis.AutoAnalysisManager.startAnalysis(AutoAnalysisManager.java:604)
	at ghidra.app.util.headless.HeadlessAnalyzer.analyzeProgram(HeadlessAnalyzer.java:1053)
	at ghidra.app.util.headless.HeadlessAnalyzer.processFileWithImport(HeadlessAnalyzer.java:1584)
	at ghidra.app.util.headless.HeadlessAnalyzer.processWithLoader(HeadlessAnalyzer.java:1744)
	at ghidra.app.util.headless.HeadlessAnalyzer.processWithImport(HeadlessAnalyzer.java:1685)
	at ghidra.app.util.headless.HeadlessAnalyzer.processWithImport(HeadlessAnalyzer.java:1769)
	at ghidra.app.util.headless.HeadlessAnalyzer.processLocal(HeadlessAnalyzer.java:462)
	at ghidra.app.util.headless.AnalyzeHeadless.launch(AnalyzeHeadless.java:199)
	at ghidra.GhidraLauncher.launch(GhidraLauncher.java:81)
	at ghidra.Ghidra.main(Ghidra.java:54)
 
INFO  DIE info:
DIEAgregrate of: DIE [0x9f66], 
<1><9f66>: DW_TAG_subprogram [abbrev 30, tag 46, index 3322, children 48]
		DW_AT_low_pc : DW_FORM_addr, addr v4 0xa808
		DW_AT_high_pc : DW_FORM_data4 = 560 [00000230]
		DW_AT_frame_base : DW_FORM_exprloc = [1]6e
		DW_AT_???? 8471 (0x2117) : DW_FORM_flag_present = true
		DW_AT_name : DW_FORM_strp = "integrate_callback" (offset 0x2a5f)
		DW_AT_decl_file : DW_FORM_data1 = 5 [05]
		DW_AT_decl_line : DW_FORM_data1 = 91 [5b]
		DW_AT_prototyped : DW_FORM_flag_present = true
 (DWARFFunctionImporter)  
ERROR Error when processing DWARF information for DIE a7aa (DWARFFunctionImporter) java.lang.NullPointerException: Cannot invoke "ghidra.app.util.bin.format.dwarf.DWARFRegisterMappings.getStackFrameRegisterOffset()" because the return value of "ghidra.app.util.bin.format.dwarf.DWARFProgram.getRegisterMappings()" is null
	at ghidra.app.util.bin.format.dwarf.DWARFFunction.read(DWARFFunction.java:108)
	at ghidra.app.util.bin.format.dwarf.DWARFFunctionImporter.processSubprogram(DWARFFunctionImporter.java:161)
	at ghidra.app.util.bin.format.dwarf.DWARFFunctionImporter.importFunctions(DWARFFunctionImporter.java:111)
	at ghidra.app.util.bin.format.dwarf.DWARFImporter.performImport(DWARFImporter.java:409)
	at ghidra.app.plugin.core.analysis.DWARFAnalyzer.added(DWARFAnalyzer.java:113)
	at ghidra.app.plugin.core.analysis.AnalysisScheduler.runAnalyzer(AnalysisScheduler.java:186)
	at ghidra.app.plugin.core.analysis.AnalysisTask.applyTo(AnalysisTask.java:37)
	at ghidra.app.plugin.core.analysis.AnalysisTask.applyTo(AnalysisTask.java:24)
	at ghidra.app.plugin.core.analysis.AutoAnalysisManager$AnalysisTaskWrapper.run(AutoAnalysisManager.java:660)
	at ghidra.app.plugin.core.analysis.AutoAnalysisManager.startAnalysis(AutoAnalysisManager.java:760)
	at ghidra.app.plugin.core.analysis.AutoAnalysisManager.startAnalysis(AutoAnalysisManager.java:639)
	at ghidra.app.plugin.core.analysis.AutoAnalysisManager.startAnalysis(AutoAnalysisManager.java:604)
	at ghidra.app.util.headless.HeadlessAnalyzer.analyzeProgram(HeadlessAnalyzer.java:1053)
	at ghidra.app.util.headless.HeadlessAnalyzer.processFileWithImport(HeadlessAnalyzer.java:1584)
	at ghidra.app.util.headless.HeadlessAnalyzer.processWithLoader(HeadlessAnalyzer.java:1744)
	at ghidra.app.util.headless.HeadlessAnalyzer.processWithImport(HeadlessAnalyzer.java:1685)
	at ghidra.app.util.headless.HeadlessAnalyzer.processWithImport(HeadlessAnalyzer.java:1769)
	at ghidra.app.util.headless.HeadlessAnalyzer.processLocal(HeadlessAnalyzer.java:462)
	at ghidra.app.util.headless.AnalyzeHeadless.launch(AnalyzeHeadless.java:199)
	at ghidra.GhidraLauncher.launch(GhidraLauncher.java:81)
	at ghidra.Ghidra.main(Ghidra.java:54)
 
INFO  DIE info:
DIEAgregrate of: DIE [0xa7aa], 
<1><a7aa>: DW_TAG_subprogram [abbrev 21, tag 46, index 3516, children 47]
		DW_AT_low_pc : DW_FORM_addr, addr v4 0xaa40
		DW_AT_high_pc : DW_FORM_data4 = 948 [000003b4]
		DW_AT_frame_base : DW_FORM_exprloc = [1]6e
		DW_AT_???? 8471 (0x2117) : DW_FORM_flag_present = true
		DW_AT_name : DW_FORM_strp = "benchmark_mb_hvx_conv3x3_v68" (offset 0x2cb0)
		DW_AT_decl_file : DW_FORM_data1 = 1 [01]
		DW_AT_decl_line : DW_FORM_data1 = -21 or 235 [eb]
		DW_AT_prototyped : DW_FORM_flag_present = true
		DW_AT_type : DW_FORM_ref4 = 45820 [000000000000b2fc]
		DW_AT_external : DW_FORM_flag_present = true
 (DWARFFunctionImporter)  
ERROR Error when processing DWARF information for DIE ab0c (DWARFFunctionImporter) java.lang.NullPointerException: Cannot invoke "ghidra.app.util.bin.format.dwarf.DWARFRegisterMappings.getStackFrameRegisterOffset()" because the return value of "ghidra.app.util.bin.format.dwarf.DWARFProgram.getRegisterMappings()" is null
	at ghidra.app.util.bin.format.dwarf.DWARFFunction.read(DWARFFunction.java:108)
	at ghidra.app.util.bin.format.dwarf.DWARFFunctionImporter.processSubprogram(DWARFFunctionImporter.java:161)
	at ghidra.app.util.bin.format.dwarf.DWARFFunctionImporter.importFunctions(DWARFFunctionImporter.java:111)
	at ghidra.app.util.bin.format.dwarf.DWARFImporter.performImport(DWARFImporter.java:409)
	at ghidra.app.plugin.core.analysis.DWARFAnalyzer.added(DWARFAnalyzer.java:113)
	at ghidra.app.plugin.core.analysis.AnalysisScheduler.runAnalyzer(AnalysisScheduler.java:186)
	at ghidra.app.plugin.core.analysis.AnalysisTask.applyTo(AnalysisTask.java:37)
	at ghidra.app.plugin.core.analysis.AnalysisTask.applyTo(AnalysisTask.java:24)
	at ghidra.app.plugin.core.analysis.AutoAnalysisManager$AnalysisTaskWrapper.run(AutoAnalysisManager.java:660)
	at ghidra.app.plugin.core.analysis.AutoAnalysisManager.startAnalysis(AutoAnalysisManager.java:760)
	at ghidra.app.plugin.core.analysis.AutoAnalysisManager.startAnalysis(AutoAnalysisManager.java:639)
	at ghidra.app.plugin.core.analysis.AutoAnalysisManager.startAnalysis(AutoAnalysisManager.java:604)
	at ghidra.app.util.headless.HeadlessAnalyzer.analyzeProgram(HeadlessAnalyzer.java:1053)
	at ghidra.app.util.headless.HeadlessAnalyzer.processFileWithImport(HeadlessAnalyzer.java:1584)
	at ghidra.app.util.headless.HeadlessAnalyzer.processWithLoader(HeadlessAnalyzer.java:1744)
	at ghidra.app.util.headless.HeadlessAnalyzer.processWithImport(HeadlessAnalyzer.java:1685)
	at ghidra.app.util.headless.HeadlessAnalyzer.processWithImport(HeadlessAnalyzer.java:1769)
	at ghidra.app.util.headless.HeadlessAnalyzer.processLocal(HeadlessAnalyzer.java:462)
	at ghidra.app.util.headless.AnalyzeHeadless.launch(AnalyzeHeadless.java:199)
	at ghidra.GhidraLauncher.launch(GhidraLauncher.java:81)
	at ghidra.Ghidra.main(Ghidra.java:54)
 
INFO  DIE info:
DIEAgregrate of: DIE [0xab0c], 
<1><ab0c>: DW_TAG_subprogram [abbrev 37, tag 46, index 3591, children 8]
		DW_AT_low_pc : DW_FORM_addr, addr v4 0xadf4
		DW_AT_high_pc : DW_FORM_data4 = 80 [00000050]
		DW_AT_frame_base : DW_FORM_exprloc = [1]6e
		DW_AT_???? 8471 (0x2117) : DW_FORM_flag_present = true
		DW_AT_name : DW_FORM_strp = "_HAP_debug_v2" (offset 0x13d3)
		DW_AT_decl_file : DW_FORM_data1 = 7 [07]
		DW_AT_decl_line : DW_FORM_data1 = 60 [3c]
		DW_AT_prototyped : DW_FORM_flag_present = true
 (DWARFFunctionImporter)  
ERROR Error when processing DWARF information for DIE abfd (DWARFFunctionImporter) java.lang.NullPointerException: Cannot invoke "ghidra.app.util.bin.format.dwarf.DWARFRegisterMappings.getStackFrameRegisterOffset()" because the return value of "ghidra.app.util.bin.format.dwarf.DWARFProgram.getRegisterMappings()" is null
	at ghidra.app.util.bin.format.dwarf.DWARFFunction.read(DWARFFunction.java:108)
	at ghidra.app.util.bin.format.dwarf.DWARFFunctionImporter.processSubprogram(DWARFFunctionImporter.java:161)
	at ghidra.app.util.bin.format.dwarf.DWARFFunctionImporter.importFunctions(DWARFFunctionImporter.java:111)
	at ghidra.app.util.bin.format.dwarf.DWARFImporter.performImport(DWARFImporter.java:409)
	at ghidra.app.plugin.core.analysis.DWARFAnalyzer.added(DWARFAnalyzer.java:113)
	at ghidra.app.plugin.core.analysis.AnalysisScheduler.runAnalyzer(AnalysisScheduler.java:186)
	at ghidra.app.plugin.core.analysis.AnalysisTask.applyTo(AnalysisTask.java:37)
	at ghidra.app.plugin.core.analysis.AnalysisTask.applyTo(AnalysisTask.java:24)
	at ghidra.app.plugin.core.analysis.AutoAnalysisManager$AnalysisTaskWrapper.run(AutoAnalysisManager.java:660)
	at ghidra.app.plugin.core.analysis.AutoAnalysisManager.startAnalysis(AutoAnalysisManager.java:760)
	at ghidra.app.plugin.core.analysis.AutoAnalysisManager.startAnalysis(AutoAnalysisManager.java:639)
	at ghidra.app.plugin.core.analysis.AutoAnalysisManager.startAnalysis(AutoAnalysisManager.java:604)
	at ghidra.app.util.headless.HeadlessAnalyzer.analyzeProgram(HeadlessAnalyzer.java:1053)
	at ghidra.app.util.headless.HeadlessAnalyzer.processFileWithImport(HeadlessAnalyzer.java:1584)
	at ghidra.app.util.headless.HeadlessAnalyzer.processWithLoader(HeadlessAnalyzer.java:1744)
	at ghidra.app.util.headless.HeadlessAnalyzer.processWithImport(HeadlessAnalyzer.java:1685)
	at ghidra.app.util.headless.HeadlessAnalyzer.processWithImport(HeadlessAnalyzer.java:1769)
	at ghidra.app.util.headless.HeadlessAnalyzer.processLocal(HeadlessAnalyzer.java:462)
	at ghidra.app.util.headless.AnalyzeHeadless.launch(AnalyzeHeadless.java:199)
	at ghidra.GhidraLauncher.launch(GhidraLauncher.java:81)
	at ghidra.Ghidra.main(Ghidra.java:54)
 
INFO  DIE info:
DIEAgregrate of: DIE [0xabfd], 
<1><abfd>: DW_TAG_subprogram [abbrev 37, tag 46, index 3621, children 11]
		DW_AT_low_pc : DW_FORM_addr, addr v4 0xae44
		DW_AT_high_pc : DW_FORM_data4 = 256 [00000100]
		DW_AT_frame_base : DW_FORM_exprloc = [1]6e
		DW_AT_???? 8471 (0x2117) : DW_FORM_flag_present = true
		DW_AT_name : DW_FORM_strp = "hvx_conv3x3_v68_callback" (offset 0x2ccd)
		DW_AT_decl_file : DW_FORM_data1 = 1 [01]
		DW_AT_decl_line : DW_FORM_data1 = -63 or 193 [c1]
		DW_AT_prototyped : DW_FORM_flag_present = true
 (DWARFFunctionImporter)  
ERROR Error when processing DWARF information for DIE acf5 (DWARFFunctionImporter) java.lang.NullPointerException: Cannot invoke "ghidra.app.util.bin.format.dwarf.DWARFRegisterMappings.getStackFrameRegisterOffset()" because the return value of "ghidra.app.util.bin.format.dwarf.DWARFProgram.getRegisterMappings()" is null
	at ghidra.app.util.bin.format.dwarf.DWARFFunction.read(DWARFFunction.java:108)
	at ghidra.app.util.bin.format.dwarf.DWARFFunctionImporter.processSubprogram(DWARFFunctionImporter.java:161)
	at ghidra.app.util.bin.format.dwarf.DWARFFunctionImporter.importFunctions(DWARFFunctionImporter.java:111)
	at ghidra.app.util.bin.format.dwarf.DWARFImporter.performImport(DWARFImporter.java:409)
	at ghidra.app.plugin.core.analysis.DWARFAnalyzer.added(DWARFAnalyzer.java:113)
	at ghidra.app.plugin.core.analysis.AnalysisScheduler.runAnalyzer(AnalysisScheduler.java:186)
	at ghidra.app.plugin.core.analysis.AnalysisTask.applyTo(AnalysisTask.java:37)
	at ghidra.app.plugin.core.analysis.AnalysisTask.applyTo(AnalysisTask.java:24)
	at ghidra.app.plugin.core.analysis.AutoAnalysisManager$AnalysisTaskWrapper.run(AutoAnalysisManager.java:660)
	at ghidra.app.plugin.core.analysis.AutoAnalysisManager.startAnalysis(AutoAnalysisManager.java:760)
	at ghidra.app.plugin.core.analysis.AutoAnalysisManager.startAnalysis(AutoAnalysisManager.java:639)
	at ghidra.app.plugin.core.analysis.AutoAnalysisManager.startAnalysis(AutoAnalysisManager.java:604)
	at ghidra.app.util.headless.HeadlessAnalyzer.analyzeProgram(HeadlessAnalyzer.java:1053)
	at ghidra.app.util.headless.HeadlessAnalyzer.processFileWithImport(HeadlessAnalyzer.java:1584)
	at ghidra.app.util.headless.HeadlessAnalyzer.processWithLoader(HeadlessAnalyzer.java:1744)
	at ghidra.app.util.headless.HeadlessAnalyzer.processWithImport(HeadlessAnalyzer.java:1685)
	at ghidra.app.util.headless.HeadlessAnalyzer.processWithImport(HeadlessAnalyzer.java:1769)
	at ghidra.app.util.headless.HeadlessAnalyzer.processLocal(HeadlessAnalyzer.java:462)
	at ghidra.app.util.headless.AnalyzeHeadless.launch(AnalyzeHeadless.java:199)
	at ghidra.GhidraLauncher.launch(GhidraLauncher.java:81)
	at ghidra.Ghidra.main(Ghidra.java:54)
 
INFO  DIE info:
DIEAgregrate of: DIE [0xacf5], DIE [0xb084], 
<1><acf5>: DW_TAG_subprogram [abbrev 44, tag 46, index 3647, children 14]
		DW_AT_low_pc : DW_FORM_addr, addr v4 0xaf44
		DW_AT_high_pc : DW_FORM_data4 = 80 [00000050]
		DW_AT_frame_base : DW_FORM_exprloc = [1]6d
		DW_AT_???? 8471 (0x2117) : DW_FORM_flag_present = true
		DW_AT_abstract_origin : DW_FORM_ref4 = 45188 [000000000000b084]
<1><b084>: DW_TAG_subprogram [abbrev 49, tag 46, index 3725, children 14]
		DW_AT_name : DW_FORM_strp = "create_tile" (offset 0x2c42)
		DW_AT_decl_file : DW_FORM_data1 = 1 [01]
		DW_AT_decl_line : DW_FORM_data2 = 328 [0148]
		DW_AT_prototyped : DW_FORM_flag_present = true
		DW_AT_type : DW_FORM_ref4 = 42383 [000000000000a58f]
		DW_AT_external : DW_FORM_flag_present = true
		DW_AT_inline : DW_FORM_data1 = 1 [01]
 (DWARFFunctionImporter)  
ERROR Error when processing DWARF information for DIE ad6c (DWARFFunctionImporter) java.lang.NullPointerException: Cannot invoke "ghidra.app.util.bin.format.dwarf.DWARFRegisterMappings.getStackFrameRegisterOffset()" because the return value of "ghidra.app.util.bin.format.dwarf.DWARFProgram.getRegisterMappings()" is null
	at ghidra.app.util.bin.format.dwarf.DWARFFunction.read(DWARFFunction.java:108)
	at ghidra.app.util.bin.format.dwarf.DWARFFunctionImporter.processSubprogram(DWARFFunctionImporter.java:161)
	at ghidra.app.util.bin.format.dwarf.DWARFFunctionImporter.importFunctions(DWARFFunctionImporter.java:111)
	at ghidra.app.util.bin.format.dwarf.DWARFImporter.performImport(DWARFImporter.java:409)
	at ghidra.app.plugin.core.analysis.DWARFAnalyzer.added(DWARFAnalyzer.java:113)
	at ghidra.app.plugin.core.analysis.AnalysisScheduler.runAnalyzer(AnalysisScheduler.java:186)
	at ghidra.app.plugin.core.analysis.AnalysisTask.applyTo(AnalysisTask.java:37)
	at ghidra.app.plugin.core.analysis.AnalysisTask.applyTo(AnalysisTask.java:24)
	at ghidra.app.plugin.core.analysis.AutoAnalysisManager$AnalysisTaskWrapper.run(AutoAnalysisManager.java:660)
	at ghidra.app.plugin.core.analysis.AutoAnalysisManager.startAnalysis(AutoAnalysisManager.java:760)
	at ghidra.app.plugin.core.analysis.AutoAnalysisManager.startAnalysis(AutoAnalysisManager.java:639)
	at ghidra.app.plugin.core.analysis.AutoAnalysisManager.startAnalysis(AutoAnalysisManager.java:604)
	at ghidra.app.util.headless.HeadlessAnalyzer.analyzeProgram(HeadlessAnalyzer.java:1053)
	at ghidra.app.util.headless.HeadlessAnalyzer.processFileWithImport(HeadlessAnalyzer.java:1584)
	at ghidra.app.util.headless.HeadlessAnalyzer.processWithLoader(HeadlessAnalyzer.java:1744)
	at ghidra.app.util.headless.HeadlessAnalyzer.processWithImport(HeadlessAnalyzer.java:1685)
	at ghidra.app.util.headless.HeadlessAnalyzer.processWithImport(HeadlessAnalyzer.java:1769)
	at ghidra.app.util.headless.HeadlessAnalyzer.processLocal(HeadlessAnalyzer.java:462)
	at ghidra.app.util.headless.AnalyzeHeadless.launch(AnalyzeHeadless.java:199)
	at ghidra.GhidraLauncher.launch(GhidraLauncher.java:81)
	at ghidra.Ghidra.main(Ghidra.java:54)
 
INFO  DIE info:
DIEAgregrate of: DIE [0xad6c], 
<1><ad6c>: DW_TAG_subprogram [abbrev 47, tag 46, index 3662, children 47]
		DW_AT_low_pc : DW_FORM_addr, addr v4 0xaf94
		DW_AT_high_pc : DW_FORM_data4 = 940 [000003ac]
		DW_AT_frame_base : DW_FORM_exprloc = [1]6e
		DW_AT_???? 8471 (0x2117) : DW_FORM_flag_present = true
		DW_AT_name : DW_FORM_strp = "benchmark_mb_hvx_convdw_v69" (offset 0x2ce6)
		DW_AT_decl_file : DW_FORM_data1 = 1 [01]
		DW_AT_decl_line : DW_FORM_data2 = 398 [018e]
		DW_AT_prototyped : DW_FORM_flag_present = true
		DW_AT_type : DW_FORM_ref4 = 45820 [000000000000b2fc]
		DW_AT_external : DW_FORM_flag_present = true
 (DWARFFunctionImporter)  
ERROR Error when processing DWARF information for DIE b195 (DWARFFunctionImporter) java.lang.NullPointerException: Cannot invoke "ghidra.app.util.bin.format.dwarf.DWARFRegisterMappings.getStackFrameRegisterOffset()" because the return value of "ghidra.app.util.bin.format.dwarf.DWARFProgram.getRegisterMappings()" is null
	at ghidra.app.util.bin.format.dwarf.DWARFFunction.read(DWARFFunction.java:108)
	at ghidra.app.util.bin.format.dwarf.DWARFFunctionImporter.processSubprogram(DWARFFunctionImporter.java:161)
	at ghidra.app.util.bin.format.dwarf.DWARFFunctionImporter.importFunctions(DWARFFunctionImporter.java:111)
	at ghidra.app.util.bin.format.dwarf.DWARFImporter.performImport(DWARFImporter.java:409)
	at ghidra.app.plugin.core.analysis.DWARFAnalyzer.added(DWARFAnalyzer.java:113)
	at ghidra.app.plugin.core.analysis.AnalysisScheduler.runAnalyzer(AnalysisScheduler.java:186)
	at ghidra.app.plugin.core.analysis.AnalysisTask.applyTo(AnalysisTask.java:37)
	at ghidra.app.plugin.core.analysis.AnalysisTask.applyTo(AnalysisTask.java:24)
	at ghidra.app.plugin.core.analysis.AutoAnalysisManager$AnalysisTaskWrapper.run(AutoAnalysisManager.java:660)
	at ghidra.app.plugin.core.analysis.AutoAnalysisManager.startAnalysis(AutoAnalysisManager.java:760)
	at ghidra.app.plugin.core.analysis.AutoAnalysisManager.startAnalysis(AutoAnalysisManager.java:639)
	at ghidra.app.plugin.core.analysis.AutoAnalysisManager.startAnalysis(AutoAnalysisManager.java:604)
	at ghidra.app.util.headless.HeadlessAnalyzer.analyzeProgram(HeadlessAnalyzer.java:1053)
	at ghidra.app.util.headless.HeadlessAnalyzer.processFileWithImport(HeadlessAnalyzer.java:1584)
	at ghidra.app.util.headless.HeadlessAnalyzer.processWithLoader(HeadlessAnalyzer.java:1744)
	at ghidra.app.util.headless.HeadlessAnalyzer.processWithImport(HeadlessAnalyzer.java:1685)
	at ghidra.app.util.headless.HeadlessAnalyzer.processWithImport(HeadlessAnalyzer.java:1769)
	at ghidra.app.util.headless.HeadlessAnalyzer.processLocal(HeadlessAnalyzer.java:462)
	at ghidra.app.util.headless.AnalyzeHeadless.launch(AnalyzeHeadless.java:199)
	at ghidra.GhidraLauncher.launch(GhidraLauncher.java:81)
	at ghidra.Ghidra.main(Ghidra.java:54)
 
INFO  DIE info:
DIEAgregrate of: DIE [0xb195], 
<1><b195>: DW_TAG_subprogram [abbrev 52, tag 46, index 3749, children 10]
		DW_AT_low_pc : DW_FORM_addr, addr v4 0xb340
		DW_AT_high_pc : DW_FORM_data4 = 856 [00000358]
		DW_AT_frame_base : DW_FORM_exprloc = [1]6e
		DW_AT_???? 8471 (0x2117) : DW_FORM_flag_present = true
		DW_AT_name : DW_FORM_strp = "hvx_convdw_v69_callback" (offset 0x2d02)
		DW_AT_decl_file : DW_FORM_data1 = 1 [01]
		DW_AT_decl_line : DW_FORM_data2 = 350 [015e]
		DW_AT_prototyped : DW_FORM_flag_present = true
 (DWARFFunctionImporter)  
ERROR Error when processing DWARF information for DIE b76a (DWARFFunctionImporter) java.lang.NullPointerException: Cannot invoke "ghidra.app.util.bin.format.dwarf.DWARFRegisterMappings.getStackFrameRegisterOffset()" because the return value of "ghidra.app.util.bin.format.dwarf.DWARFProgram.getRegisterMappings()" is null
	at ghidra.app.util.bin.format.dwarf.DWARFFunction.read(DWARFFunction.java:108)
	at ghidra.app.util.bin.format.dwarf.DWARFFunctionImporter.processSubprogram(DWARFFunctionImporter.java:161)
	at ghidra.app.util.bin.format.dwarf.DWARFFunctionImporter.importFunctions(DWARFFunctionImporter.java:111)
	at ghidra.app.util.bin.format.dwarf.DWARFImporter.performImport(DWARFImporter.java:409)
	at ghidra.app.plugin.core.analysis.DWARFAnalyzer.added(DWARFAnalyzer.java:113)
	at ghidra.app.plugin.core.analysis.AnalysisScheduler.runAnalyzer(AnalysisScheduler.java:186)
	at ghidra.app.plugin.core.analysis.AnalysisTask.applyTo(AnalysisTask.java:37)
	at ghidra.app.plugin.core.analysis.AnalysisTask.applyTo(AnalysisTask.java:24)
	at ghidra.app.plugin.core.analysis.AutoAnalysisManager$AnalysisTaskWrapper.run(AutoAnalysisManager.java:660)
	at ghidra.app.plugin.core.analysis.AutoAnalysisManager.startAnalysis(AutoAnalysisManager.java:760)
	at ghidra.app.plugin.core.analysis.AutoAnalysisManager.startAnalysis(AutoAnalysisManager.java:639)
	at ghidra.app.plugin.core.analysis.AutoAnalysisManager.startAnalysis(AutoAnalysisManager.java:604)
	at ghidra.app.util.headless.HeadlessAnalyzer.analyzeProgram(HeadlessAnalyzer.java:1053)
	at ghidra.app.util.headless.HeadlessAnalyzer.processFileWithImport(HeadlessAnalyzer.java:1584)
	at ghidra.app.util.headless.HeadlessAnalyzer.processWithLoader(HeadlessAnalyzer.java:1744)
	at ghidra.app.util.headless.HeadlessAnalyzer.processWithImport(HeadlessAnalyzer.java:1685)
	at ghidra.app.util.headless.HeadlessAnalyzer.processWithImport(HeadlessAnalyzer.java:1769)
	at ghidra.app.util.headless.HeadlessAnalyzer.processLocal(HeadlessAnalyzer.java:462)
	at ghidra.app.util.headless.AnalyzeHeadless.launch(AnalyzeHeadless.java:199)
	at ghidra.GhidraLauncher.launch(GhidraLauncher.java:81)
	at ghidra.Ghidra.main(Ghidra.java:54)
 
INFO  DIE info:
DIEAgregrate of: DIE [0xb76a], 
<1><b76a>: DW_TAG_subprogram [abbrev 17, tag 46, index 3925, children 3]
		DW_AT_low_pc : DW_FORM_addr, addr v4 0xb6a0
		DW_AT_high_pc : DW_FORM_data4 = 20 [00000014]
		DW_AT_frame_base : DW_FORM_exprloc = [1]6d
		DW_AT_???? 8471 (0x2117) : DW_FORM_flag_present = true
		DW_AT_name : DW_FORM_strp = "mb_spatial_major_convert" (offset 0x2e93)
		DW_AT_decl_file : DW_FORM_data1 = 6 [06]
		DW_AT_decl_line : DW_FORM_data1 = 102 [66]
		DW_AT_prototyped : DW_FORM_flag_present = true
		DW_AT_type : DW_FORM_ref4 = 47136 [000000000000b820]
		DW_AT_external : DW_FORM_flag_present = true
 (DWARFFunctionImporter)  
ERROR Error when processing DWARF information for DIE b899 (DWARFFunctionImporter) java.lang.NullPointerException: Cannot invoke "ghidra.app.util.bin.format.dwarf.DWARFRegisterMappings.getStackFrameRegisterOffset()" because the return value of "ghidra.app.util.bin.format.dwarf.DWARFProgram.getRegisterMappings()" is null
	at ghidra.app.util.bin.format.dwarf.DWARFFunction.read(DWARFFunction.java:108)
	at ghidra.app.util.bin.format.dwarf.DWARFFunctionImporter.processSubprogram(DWARFFunctionImporter.java:161)
	at ghidra.app.util.bin.format.dwarf.DWARFFunctionImporter.importFunctions(DWARFFunctionImporter.java:111)
	at ghidra.app.util.bin.format.dwarf.DWARFImporter.performImport(DWARFImporter.java:409)
	at ghidra.app.plugin.core.analysis.DWARFAnalyzer.added(DWARFAnalyzer.java:113)
	at ghidra.app.plugin.core.analysis.AnalysisScheduler.runAnalyzer(AnalysisScheduler.java:186)
	at ghidra.app.plugin.core.analysis.AnalysisTask.applyTo(AnalysisTask.java:37)
	at ghidra.app.plugin.core.analysis.AnalysisTask.applyTo(AnalysisTask.java:24)
	at ghidra.app.plugin.core.analysis.AutoAnalysisManager$AnalysisTaskWrapper.run(AutoAnalysisManager.java:660)
	at ghidra.app.plugin.core.analysis.AutoAnalysisManager.startAnalysis(AutoAnalysisManager.java:760)
	at ghidra.app.plugin.core.analysis.AutoAnalysisManager.startAnalysis(AutoAnalysisManager.java:639)
	at ghidra.app.plugin.core.analysis.AutoAnalysisManager.startAnalysis(AutoAnalysisManager.java:604)
	at ghidra.app.util.headless.HeadlessAnalyzer.analyzeProgram(HeadlessAnalyzer.java:1053)
	at ghidra.app.util.headless.HeadlessAnalyzer.processFileWithImport(HeadlessAnalyzer.java:1584)
	at ghidra.app.util.headless.HeadlessAnalyzer.processWithLoader(HeadlessAnalyzer.java:1744)
	at ghidra.app.util.headless.HeadlessAnalyzer.processWithImport(HeadlessAnalyzer.java:1685)
	at ghidra.app.util.headless.HeadlessAnalyzer.processWithImport(HeadlessAnalyzer.java:1769)
	at ghidra.app.util.headless.HeadlessAnalyzer.processLocal(HeadlessAnalyzer.java:462)
	at ghidra.app.util.headless.AnalyzeHeadless.launch(AnalyzeHeadless.java:199)
	at ghidra.GhidraLauncher.launch(GhidraLauncher.java:81)
	at ghidra.Ghidra.main(Ghidra.java:54)
 
INFO  DIE info:
DIEAgregrate of: DIE [0xb899], 
<1><b899>: DW_TAG_subprogram [abbrev 17, tag 46, index 3951, children 50]
		DW_AT_low_pc : DW_FORM_addr, addr v4 0xb6b4
		DW_AT_high_pc : DW_FORM_data4 = 964 [000003c4]
		DW_AT_frame_base : DW_FORM_exprloc = [1]6e
		DW_AT_???? 8471 (0x2117) : DW_FORM_flag_present = true
		DW_AT_name : DW_FORM_strp = "benchmark_mb_hmx_conv3x3" (offset 0x2eac)
		DW_AT_decl_file : DW_FORM_data1 = 6 [06]
		DW_AT_decl_line : DW_FORM_data1 = -49 or 207 [cf]
		DW_AT_prototyped : DW_FORM_flag_present = true
		DW_AT_type : DW_FORM_ref4 = 51437 [000000000000c8ed]
		DW_AT_external : DW_FORM_flag_present = true
 (DWARFFunctionImporter)  
ERROR Error when processing DWARF information for DIE bc52 (DWARFFunctionImporter) java.lang.NullPointerException: Cannot invoke "ghidra.app.util.bin.format.dwarf.DWARFRegisterMappings.getStackFrameRegisterOffset()" because the return value of "ghidra.app.util.bin.format.dwarf.DWARFProgram.getRegisterMappings()" is null
	at ghidra.app.util.bin.format.dwarf.DWARFFunction.read(DWARFFunction.java:108)
	at ghidra.app.util.bin.format.dwarf.DWARFFunctionImporter.processSubprogram(DWARFFunctionImporter.java:161)
	at ghidra.app.util.bin.format.dwarf.DWARFFunctionImporter.importFunctions(DWARFFunctionImporter.java:111)
	at ghidra.app.util.bin.format.dwarf.DWARFImporter.performImport(DWARFImporter.java:409)
	at ghidra.app.plugin.core.analysis.DWARFAnalyzer.added(DWARFAnalyzer.java:113)
	at ghidra.app.plugin.core.analysis.AnalysisScheduler.runAnalyzer(AnalysisScheduler.java:186)
	at ghidra.app.plugin.core.analysis.AnalysisTask.applyTo(AnalysisTask.java:37)
	at ghidra.app.plugin.core.analysis.AnalysisTask.applyTo(AnalysisTask.java:24)
	at ghidra.app.plugin.core.analysis.AutoAnalysisManager$AnalysisTaskWrapper.run(AutoAnalysisManager.java:660)
	at ghidra.app.plugin.core.analysis.AutoAnalysisManager.startAnalysis(AutoAnalysisManager.java:760)
	at ghidra.app.plugin.core.analysis.AutoAnalysisManager.startAnalysis(AutoAnalysisManager.java:639)
	at ghidra.app.plugin.core.analysis.AutoAnalysisManager.startAnalysis(AutoAnalysisManager.java:604)
	at ghidra.app.util.headless.HeadlessAnalyzer.analyzeProgram(HeadlessAnalyzer.java:1053)
	at ghidra.app.util.headless.HeadlessAnalyzer.processFileWithImport(HeadlessAnalyzer.java:1584)
	at ghidra.app.util.headless.HeadlessAnalyzer.processWithLoader(HeadlessAnalyzer.java:1744)
	at ghidra.app.util.headless.HeadlessAnalyzer.processWithImport(HeadlessAnalyzer.java:1685)
	at ghidra.app.util.headless.HeadlessAnalyzer.processWithImport(HeadlessAnalyzer.java:1769)
	at ghidra.app.util.headless.HeadlessAnalyzer.processLocal(HeadlessAnalyzer.java:462)
	at ghidra.app.util.headless.AnalyzeHeadless.launch(AnalyzeHeadless.java:199)
	at ghidra.GhidraLauncher.launch(GhidraLauncher.java:81)
	at ghidra.Ghidra.main(Ghidra.java:54)
 
INFO  DIE info:
DIEAgregrate of: DIE [0xbc52], 
<1><bc52>: DW_TAG_subprogram [abbrev 42, tag 46, index 4039, children 8]
		DW_AT_low_pc : DW_FORM_addr, addr v4 0xba78
		DW_AT_high_pc : DW_FORM_data4 = 80 [00000050]
		DW_AT_frame_base : DW_FORM_exprloc = [1]6e
		DW_AT_???? 8471 (0x2117) : DW_FORM_flag_present = true
		DW_AT_name : DW_FORM_strp = "_HAP_debug_v2" (offset 0x13d3)
		DW_AT_decl_file : DW_FORM_data1 = 11 [0b]
		DW_AT_decl_line : DW_FORM_data1 = 60 [3c]
		DW_AT_prototyped : DW_FORM_flag_present = true
 (DWARFFunctionImporter)  
ERROR Error when processing DWARF information for DIE bdd1 (DWARFFunctionImporter) java.lang.NullPointerException: Cannot invoke "ghidra.app.util.bin.format.dwarf.DWARFRegisterMappings.getStackFrameRegisterOffset()" because the return value of "ghidra.app.util.bin.format.dwarf.DWARFProgram.getRegisterMappings()" is null
	at ghidra.app.util.bin.format.dwarf.DWARFFunction.read(DWARFFunction.java:108)
	at ghidra.app.util.bin.format.dwarf.DWARFFunctionImporter.processSubprogram(DWARFFunctionImporter.java:161)
	at ghidra.app.util.bin.format.dwarf.DWARFFunctionImporter.importFunctions(DWARFFunctionImporter.java:111)
	at ghidra.app.util.bin.format.dwarf.DWARFImporter.performImport(DWARFImporter.java:409)
	at ghidra.app.plugin.core.analysis.DWARFAnalyzer.added(DWARFAnalyzer.java:113)
	at ghidra.app.plugin.core.analysis.AnalysisScheduler.runAnalyzer(AnalysisScheduler.java:186)
	at ghidra.app.plugin.core.analysis.AnalysisTask.applyTo(AnalysisTask.java:37)
	at ghidra.app.plugin.core.analysis.AnalysisTask.applyTo(AnalysisTask.java:24)
	at ghidra.app.plugin.core.analysis.AutoAnalysisManager$AnalysisTaskWrapper.run(AutoAnalysisManager.java:660)
	at ghidra.app.plugin.core.analysis.AutoAnalysisManager.startAnalysis(AutoAnalysisManager.java:760)
	at ghidra.app.plugin.core.analysis.AutoAnalysisManager.startAnalysis(AutoAnalysisManager.java:639)
	at ghidra.app.plugin.core.analysis.AutoAnalysisManager.startAnalysis(AutoAnalysisManager.java:604)
	at ghidra.app.util.headless.HeadlessAnalyzer.analyzeProgram(HeadlessAnalyzer.java:1053)
	at ghidra.app.util.headless.HeadlessAnalyzer.processFileWithImport(HeadlessAnalyzer.java:1584)
	at ghidra.app.util.headless.HeadlessAnalyzer.processWithLoader(HeadlessAnalyzer.java:1744)
	at ghidra.app.util.headless.HeadlessAnalyzer.processWithImport(HeadlessAnalyzer.java:1685)
	at ghidra.app.util.headless.HeadlessAnalyzer.processWithImport(HeadlessAnalyzer.java:1769)
	at ghidra.app.util.headless.HeadlessAnalyzer.processLocal(HeadlessAnalyzer.java:462)
	at ghidra.app.util.headless.AnalyzeHeadless.launch(AnalyzeHeadless.java:199)
	at ghidra.GhidraLauncher.launch(GhidraLauncher.java:81)
	at ghidra.Ghidra.main(Ghidra.java:54)
 
INFO  DIE info:
DIEAgregrate of: DIE [0xbdd1], 
<1><bdd1>: DW_TAG_subprogram [abbrev 45, tag 46, index 4079, children 24]
		DW_AT_low_pc : DW_FORM_addr, addr v4 0xbac8
		DW_AT_high_pc : DW_FORM_data4 = 596 [00000254]
		DW_AT_frame_base : DW_FORM_exprloc = [1]6e
		DW_AT_???? 8471 (0x2117) : DW_FORM_flag_present = true
		DW_AT_name : DW_FORM_strp = "conv3x3_hmx_callback" (offset 0x2ec5)
		DW_AT_decl_file : DW_FORM_data1 = 6 [06]
		DW_AT_decl_line : DW_FORM_data1 = -95 or 161 [a1]
		DW_AT_prototyped : DW_FORM_flag_present = true
		DW_AT_type : DW_FORM_ref4 = 46800 [000000000000b6d0]
 (DWARFFunctionImporter)  
ERROR Error when processing DWARF information for DIE c9ce (DWARFFunctionImporter) java.lang.NullPointerException: Cannot invoke "ghidra.app.util.bin.format.dwarf.DWARFRegisterMappings.getStackFrameRegisterOffset()" because the return value of "ghidra.app.util.bin.format.dwarf.DWARFProgram.getRegisterMappings()" is null
	at ghidra.app.util.bin.format.dwarf.DWARFFunction.read(DWARFFunction.java:108)
	at ghidra.app.util.bin.format.dwarf.DWARFFunctionImporter.processSubprogram(DWARFFunctionImporter.java:161)
	at ghidra.app.util.bin.format.dwarf.DWARFFunctionImporter.importFunctions(DWARFFunctionImporter.java:111)
	at ghidra.app.util.bin.format.dwarf.DWARFImporter.performImport(DWARFImporter.java:409)
	at ghidra.app.plugin.core.analysis.DWARFAnalyzer.added(DWARFAnalyzer.java:113)
	at ghidra.app.plugin.core.analysis.AnalysisScheduler.runAnalyzer(AnalysisScheduler.java:186)
	at ghidra.app.plugin.core.analysis.AnalysisTask.applyTo(AnalysisTask.java:37)
	at ghidra.app.plugin.core.analysis.AnalysisTask.applyTo(AnalysisTask.java:24)
	at ghidra.app.plugin.core.analysis.AutoAnalysisManager$AnalysisTaskWrapper.run(AutoAnalysisManager.java:660)
	at ghidra.app.plugin.core.analysis.AutoAnalysisManager.startAnalysis(AutoAnalysisManager.java:760)
	at ghidra.app.plugin.core.analysis.AutoAnalysisManager.startAnalysis(AutoAnalysisManager.java:639)
	at ghidra.app.plugin.core.analysis.AutoAnalysisManager.startAnalysis(AutoAnalysisManager.java:604)
	at ghidra.app.util.headless.HeadlessAnalyzer.analyzeProgram(HeadlessAnalyzer.java:1053)
	at ghidra.app.util.headless.HeadlessAnalyzer.processFileWithImport(HeadlessAnalyzer.java:1584)
	at ghidra.app.util.headless.HeadlessAnalyzer.processWithLoader(HeadlessAnalyzer.java:1744)
	at ghidra.app.util.headless.HeadlessAnalyzer.processWithImport(HeadlessAnalyzer.java:1685)
	at ghidra.app.util.headless.HeadlessAnalyzer.processWithImport(HeadlessAnalyzer.java:1769)
	at ghidra.app.util.headless.HeadlessAnalyzer.processLocal(HeadlessAnalyzer.java:462)
	at ghidra.app.util.headless.AnalyzeHeadless.launch(AnalyzeHeadless.java:199)
	at ghidra.GhidraLauncher.launch(GhidraLauncher.java:81)
	at ghidra.Ghidra.main(Ghidra.java:54)
 
INFO  DIE info:
DIEAgregrate of: DIE [0xc9ce], 
<1><c9ce>: DW_TAG_subprogram [abbrev 9, tag 46, index 4358, children 3]
		DW_AT_low_pc : DW_FORM_addr, addr v4 0xbd20
		DW_AT_high_pc : DW_FORM_data4 = 72 [00000048]
		DW_AT_frame_base : DW_FORM_exprloc = [1]6e
		DW_AT_???? 8471 (0x2117) : DW_FORM_flag_present = true
		DW_AT_name : DW_FORM_strp = "sysmon_qurt_thread_get_timetest_id" (offset 0x136a)
		DW_AT_decl_file : DW_FORM_data1 = 1 [01]
		DW_AT_decl_line : DW_FORM_data1 = 24 [18]
		DW_AT_prototyped : DW_FORM_flag_present = true
		DW_AT_type : DW_FORM_ref4 = 51649 [000000000000c9c1]
		DW_AT_external : DW_FORM_flag_present = true
 (DWARFFunctionImporter)  
ERROR Error when processing DWARF information for DIE cb22 (DWARFFunctionImporter) java.lang.NullPointerException: Cannot invoke "ghidra.app.util.bin.format.dwarf.DWARFRegisterMappings.getStackFrameRegisterOffset()" because the return value of "ghidra.app.util.bin.format.dwarf.DWARFProgram.getRegisterMappings()" is null
	at ghidra.app.util.bin.format.dwarf.DWARFFunction.read(DWARFFunction.java:108)
	at ghidra.app.util.bin.format.dwarf.DWARFFunctionImporter.processSubprogram(DWARFFunctionImporter.java:161)
	at ghidra.app.util.bin.format.dwarf.DWARFFunctionImporter.importFunctions(DWARFFunctionImporter.java:111)
	at ghidra.app.util.bin.format.dwarf.DWARFImporter.performImport(DWARFImporter.java:409)
	at ghidra.app.plugin.core.analysis.DWARFAnalyzer.added(DWARFAnalyzer.java:113)
	at ghidra.app.plugin.core.analysis.AnalysisScheduler.runAnalyzer(AnalysisScheduler.java:186)
	at ghidra.app.plugin.core.analysis.AnalysisTask.applyTo(AnalysisTask.java:37)
	at ghidra.app.plugin.core.analysis.AnalysisTask.applyTo(AnalysisTask.java:24)
	at ghidra.app.plugin.core.analysis.AutoAnalysisManager$AnalysisTaskWrapper.run(AutoAnalysisManager.java:660)
	at ghidra.app.plugin.core.analysis.AutoAnalysisManager.startAnalysis(AutoAnalysisManager.java:760)
	at ghidra.app.plugin.core.analysis.AutoAnalysisManager.startAnalysis(AutoAnalysisManager.java:639)
	at ghidra.app.plugin.core.analysis.AutoAnalysisManager.startAnalysis(AutoAnalysisManager.java:604)
	at ghidra.app.util.headless.HeadlessAnalyzer.analyzeProgram(HeadlessAnalyzer.java:1053)
	at ghidra.app.util.headless.HeadlessAnalyzer.processFileWithImport(HeadlessAnalyzer.java:1584)
	at ghidra.app.util.headless.HeadlessAnalyzer.processWithLoader(HeadlessAnalyzer.java:1744)
	at ghidra.app.util.headless.HeadlessAnalyzer.processWithImport(HeadlessAnalyzer.java:1685)
	at ghidra.app.util.headless.HeadlessAnalyzer.processWithImport(HeadlessAnalyzer.java:1769)
	at ghidra.app.util.headless.HeadlessAnalyzer.processLocal(HeadlessAnalyzer.java:462)
	at ghidra.app.util.headless.AnalyzeHeadless.launch(AnalyzeHeadless.java:199)
	at ghidra.GhidraLauncher.launch(GhidraLauncher.java:81)
	at ghidra.Ghidra.main(Ghidra.java:54)
 
INFO  DIE info:
DIEAgregrate of: DIE [0xcb22], 
<1><cb22>: DW_TAG_subprogram [abbrev 24, tag 46, index 4390, children 15]
		DW_AT_low_pc : DW_FORM_addr, addr v4 0xbd68
		DW_AT_high_pc : DW_FORM_data4 = 272 [00000110]
		DW_AT_frame_base : DW_FORM_exprloc = [1]6e
		DW_AT_???? 8471 (0x2117) : DW_FORM_flag_present = true
		DW_AT_name : DW_FORM_strp = "multithread_scheduler" (offset 0x1326)
		DW_AT_decl_file : DW_FORM_data1 = 1 [01]
		DW_AT_decl_line : DW_FORM_data1 = 90 [5a]
		DW_AT_prototyped : DW_FORM_flag_present = true
		DW_AT_external : DW_FORM_flag_present = true
 (DWARFFunctionImporter)  
ERROR Error when processing DWARF information for DIE cc78 (DWARFFunctionImporter) java.lang.NullPointerException: Cannot invoke "ghidra.app.util.bin.format.dwarf.DWARFRegisterMappings.getStackFrameRegisterOffset()" because the return value of "ghidra.app.util.bin.format.dwarf.DWARFProgram.getRegisterMappings()" is null
	at ghidra.app.util.bin.format.dwarf.DWARFFunction.read(DWARFFunction.java:108)
	at ghidra.app.util.bin.format.dwarf.DWARFFunctionImporter.processSubprogram(DWARFFunctionImporter.java:161)
	at ghidra.app.util.bin.format.dwarf.DWARFFunctionImporter.importFunctions(DWARFFunctionImporter.java:111)
	at ghidra.app.util.bin.format.dwarf.DWARFImporter.performImport(DWARFImporter.java:409)
	at ghidra.app.plugin.core.analysis.DWARFAnalyzer.added(DWARFAnalyzer.java:113)
	at ghidra.app.plugin.core.analysis.AnalysisScheduler.runAnalyzer(AnalysisScheduler.java:186)
	at ghidra.app.plugin.core.analysis.AnalysisTask.applyTo(AnalysisTask.java:37)
	at ghidra.app.plugin.core.analysis.AnalysisTask.applyTo(AnalysisTask.java:24)
	at ghidra.app.plugin.core.analysis.AutoAnalysisManager$AnalysisTaskWrapper.run(AutoAnalysisManager.java:660)
	at ghidra.app.plugin.core.analysis.AutoAnalysisManager.startAnalysis(AutoAnalysisManager.java:760)
	at ghidra.app.plugin.core.analysis.AutoAnalysisManager.startAnalysis(AutoAnalysisManager.java:639)
	at ghidra.app.plugin.core.analysis.AutoAnalysisManager.startAnalysis(AutoAnalysisManager.java:604)
	at ghidra.app.util.headless.HeadlessAnalyzer.analyzeProgram(HeadlessAnalyzer.java:1053)
	at ghidra.app.util.headless.HeadlessAnalyzer.processFileWithImport(HeadlessAnalyzer.java:1584)
	at ghidra.app.util.headless.HeadlessAnalyzer.processWithLoader(HeadlessAnalyzer.java:1744)
	at ghidra.app.util.headless.HeadlessAnalyzer.processWithImport(HeadlessAnalyzer.java:1685)
	at ghidra.app.util.headless.HeadlessAnalyzer.processWithImport(HeadlessAnalyzer.java:1769)
	at ghidra.app.util.headless.HeadlessAnalyzer.processLocal(HeadlessAnalyzer.java:462)
	at ghidra.app.util.headless.AnalyzeHeadless.launch(AnalyzeHeadless.java:199)
	at ghidra.GhidraLauncher.launch(GhidraLauncher.java:81)
	at ghidra.Ghidra.main(Ghidra.java:54)
 
INFO  DIE info:
DIEAgregrate of: DIE [0xcc78], 
<1><cc78>: DW_TAG_subprogram [abbrev 24, tag 46, index 4424, children 15]
		DW_AT_low_pc : DW_FORM_addr, addr v4 0xbe78
		DW_AT_high_pc : DW_FORM_data4 = 276 [00000114]
		DW_AT_frame_base : DW_FORM_exprloc = [1]6e
		DW_AT_???? 8471 (0x2117) : DW_FORM_flag_present = true
		DW_AT_name : DW_FORM_strp = "multithread_scheduler_fnptr" (offset 0x309c)
		DW_AT_decl_file : DW_FORM_data1 = 1 [01]
		DW_AT_decl_line : DW_FORM_data1 = -88 or 168 [a8]
		DW_AT_prototyped : DW_FORM_flag_present = true
		DW_AT_external : DW_FORM_flag_present = true
 (DWARFFunctionImporter)  
ERROR Error when processing DWARF information for DIE cdfa (DWARFFunctionImporter) java.lang.NullPointerException: Cannot invoke "ghidra.app.util.bin.format.dwarf.DWARFRegisterMappings.getStackFrameRegisterOffset()" because the return value of "ghidra.app.util.bin.format.dwarf.DWARFProgram.getRegisterMappings()" is null
	at ghidra.app.util.bin.format.dwarf.DWARFFunction.read(DWARFFunction.java:108)
	at ghidra.app.util.bin.format.dwarf.DWARFFunctionImporter.processSubprogram(DWARFFunctionImporter.java:161)
	at ghidra.app.util.bin.format.dwarf.DWARFFunctionImporter.importFunctions(DWARFFunctionImporter.java:111)
	at ghidra.app.util.bin.format.dwarf.DWARFImporter.performImport(DWARFImporter.java:409)
	at ghidra.app.plugin.core.analysis.DWARFAnalyzer.added(DWARFAnalyzer.java:113)
	at ghidra.app.plugin.core.analysis.AnalysisScheduler.runAnalyzer(AnalysisScheduler.java:186)
	at ghidra.app.plugin.core.analysis.AnalysisTask.applyTo(AnalysisTask.java:37)
	at ghidra.app.plugin.core.analysis.AnalysisTask.applyTo(AnalysisTask.java:24)
	at ghidra.app.plugin.core.analysis.AutoAnalysisManager$AnalysisTaskWrapper.run(AutoAnalysisManager.java:660)
	at ghidra.app.plugin.core.analysis.AutoAnalysisManager.startAnalysis(AutoAnalysisManager.java:760)
	at ghidra.app.plugin.core.analysis.AutoAnalysisManager.startAnalysis(AutoAnalysisManager.java:639)
	at ghidra.app.plugin.core.analysis.AutoAnalysisManager.startAnalysis(AutoAnalysisManager.java:604)
	at ghidra.app.util.headless.HeadlessAnalyzer.analyzeProgram(HeadlessAnalyzer.java:1053)
	at ghidra.app.util.headless.HeadlessAnalyzer.processFileWithImport(HeadlessAnalyzer.java:1584)
	at ghidra.app.util.headless.HeadlessAnalyzer.processWithLoader(HeadlessAnalyzer.java:1744)
	at ghidra.app.util.headless.HeadlessAnalyzer.processWithImport(HeadlessAnalyzer.java:1685)
	at ghidra.app.util.headless.HeadlessAnalyzer.processWithImport(HeadlessAnalyzer.java:1769)
	at ghidra.app.util.headless.HeadlessAnalyzer.processLocal(HeadlessAnalyzer.java:462)
	at ghidra.app.util.headless.AnalyzeHeadless.launch(AnalyzeHeadless.java:199)
	at ghidra.GhidraLauncher.launch(GhidraLauncher.java:81)
	at ghidra.Ghidra.main(Ghidra.java:54)
 
INFO  DIE info:
DIEAgregrate of: DIE [0xcdfa], 
<1><cdfa>: DW_TAG_subprogram [abbrev 8, tag 46, index 4458, children 52]
		DW_AT_low_pc : DW_FORM_addr, addr v4 0xbf90
		DW_AT_high_pc : DW_FORM_data4 = 352 [00000160]
		DW_AT_frame_base : DW_FORM_exprloc = [1]6d
		DW_AT_???? 8471 (0x2117) : DW_FORM_flag_present = true
		DW_AT_name : DW_FORM_strp = "sobelPer2Row" (offset 0x31b3)
		DW_AT_decl_file : DW_FORM_data1 = 2 [02]
		DW_AT_decl_line : DW_FORM_data1 = 53 [35]
		DW_AT_prototyped : DW_FORM_flag_present = true
		DW_AT_external : DW_FORM_flag_present = true
 (DWARFFunctionImporter)  
ERROR Error when processing DWARF information for DIE d28d (DWARFFunctionImporter) java.lang.NullPointerException: Cannot invoke "ghidra.app.util.bin.format.dwarf.DWARFRegisterMappings.getStackFrameRegisterOffset()" because the return value of "ghidra.app.util.bin.format.dwarf.DWARFProgram.getRegisterMappings()" is null
	at ghidra.app.util.bin.format.dwarf.DWARFFunction.read(DWARFFunction.java:108)
	at ghidra.app.util.bin.format.dwarf.DWARFFunctionImporter.processSubprogram(DWARFFunctionImporter.java:161)
	at ghidra.app.util.bin.format.dwarf.DWARFFunctionImporter.importFunctions(DWARFFunctionImporter.java:111)
	at ghidra.app.util.bin.format.dwarf.DWARFImporter.performImport(DWARFImporter.java:409)
	at ghidra.app.plugin.core.analysis.DWARFAnalyzer.added(DWARFAnalyzer.java:113)
	at ghidra.app.plugin.core.analysis.AnalysisScheduler.runAnalyzer(AnalysisScheduler.java:186)
	at ghidra.app.plugin.core.analysis.AnalysisTask.applyTo(AnalysisTask.java:37)
	at ghidra.app.plugin.core.analysis.AnalysisTask.applyTo(AnalysisTask.java:24)
	at ghidra.app.plugin.core.analysis.AutoAnalysisManager$AnalysisTaskWrapper.run(AutoAnalysisManager.java:660)
	at ghidra.app.plugin.core.analysis.AutoAnalysisManager.startAnalysis(AutoAnalysisManager.java:760)
	at ghidra.app.plugin.core.analysis.AutoAnalysisManager.startAnalysis(AutoAnalysisManager.java:639)
	at ghidra.app.plugin.core.analysis.AutoAnalysisManager.startAnalysis(AutoAnalysisManager.java:604)
	at ghidra.app.util.headless.HeadlessAnalyzer.analyzeProgram(HeadlessAnalyzer.java:1053)
	at ghidra.app.util.headless.HeadlessAnalyzer.processFileWithImport(HeadlessAnalyzer.java:1584)
	at ghidra.app.util.headless.HeadlessAnalyzer.processWithLoader(HeadlessAnalyzer.java:1744)
	at ghidra.app.util.headless.HeadlessAnalyzer.processWithImport(HeadlessAnalyzer.java:1685)
	at ghidra.app.util.headless.HeadlessAnalyzer.processWithImport(HeadlessAnalyzer.java:1769)
	at ghidra.app.util.headless.HeadlessAnalyzer.processLocal(HeadlessAnalyzer.java:462)
	at ghidra.app.util.headless.AnalyzeHeadless.launch(AnalyzeHeadless.java:199)
	at ghidra.GhidraLauncher.launch(GhidraLauncher.java:81)
	at ghidra.Ghidra.main(Ghidra.java:54)
 
INFO  DIE info:
DIEAgregrate of: DIE [0xd28d], 
<1><d28d>: DW_TAG_subprogram [abbrev 11, tag 46, index 4549, children 28]
		DW_AT_low_pc : DW_FORM_addr, addr v4 0xc0f0
		DW_AT_high_pc : DW_FORM_data4 = 652 [0000028c]
		DW_AT_frame_base : DW_FORM_exprloc = [1]6e
		DW_AT_???? 8471 (0x2117) : DW_FORM_flag_present = true
		DW_AT_name : DW_FORM_strp = "benchmark_sobel3x3" (offset 0x33ea)
		DW_AT_decl_file : DW_FORM_data1 = 4 [04]
		DW_AT_decl_line : DW_FORM_data1 = 122 [7a]
		DW_AT_prototyped : DW_FORM_flag_present = true
		DW_AT_type : DW_FORM_ref4 = 54889 [000000000000d669]
		DW_AT_external : DW_FORM_flag_present = true
 (DWARFFunctionImporter)  
ERROR Error when processing DWARF information for DIE d455 (DWARFFunctionImporter) java.lang.NullPointerException: Cannot invoke "ghidra.app.util.bin.format.dwarf.DWARFRegisterMappings.getStackFrameRegisterOffset()" because the return value of "ghidra.app.util.bin.format.dwarf.DWARFProgram.getRegisterMappings()" is null
	at ghidra.app.util.bin.format.dwarf.DWARFFunction.read(DWARFFunction.java:108)
	at ghidra.app.util.bin.format.dwarf.DWARFFunctionImporter.processSubprogram(DWARFFunctionImporter.java:161)
	at ghidra.app.util.bin.format.dwarf.DWARFFunctionImporter.importFunctions(DWARFFunctionImporter.java:111)
	at ghidra.app.util.bin.format.dwarf.DWARFImporter.performImport(DWARFImporter.java:409)
	at ghidra.app.plugin.core.analysis.DWARFAnalyzer.added(DWARFAnalyzer.java:113)
	at ghidra.app.plugin.core.analysis.AnalysisScheduler.runAnalyzer(AnalysisScheduler.java:186)
	at ghidra.app.plugin.core.analysis.AnalysisTask.applyTo(AnalysisTask.java:37)
	at ghidra.app.plugin.core.analysis.AnalysisTask.applyTo(AnalysisTask.java:24)
	at ghidra.app.plugin.core.analysis.AutoAnalysisManager$AnalysisTaskWrapper.run(AutoAnalysisManager.java:660)
	at ghidra.app.plugin.core.analysis.AutoAnalysisManager.startAnalysis(AutoAnalysisManager.java:760)
	at ghidra.app.plugin.core.analysis.AutoAnalysisManager.startAnalysis(AutoAnalysisManager.java:639)
	at ghidra.app.plugin.core.analysis.AutoAnalysisManager.startAnalysis(AutoAnalysisManager.java:604)
	at ghidra.app.util.headless.HeadlessAnalyzer.analyzeProgram(HeadlessAnalyzer.java:1053)
	at ghidra.app.util.headless.HeadlessAnalyzer.processFileWithImport(HeadlessAnalyzer.java:1584)
	at ghidra.app.util.headless.HeadlessAnalyzer.processWithLoader(HeadlessAnalyzer.java:1744)
	at ghidra.app.util.headless.HeadlessAnalyzer.processWithImport(HeadlessAnalyzer.java:1685)
	at ghidra.app.util.headless.HeadlessAnalyzer.processWithImport(HeadlessAnalyzer.java:1769)
	at ghidra.app.util.headless.HeadlessAnalyzer.processLocal(HeadlessAnalyzer.java:462)
	at ghidra.app.util.headless.AnalyzeHeadless.launch(AnalyzeHeadless.java:199)
	at ghidra.GhidraLauncher.launch(GhidraLauncher.java:81)
	at ghidra.Ghidra.main(Ghidra.java:54)
 
INFO  DIE info:
DIEAgregrate of: DIE [0xd455], 
<1><d455>: DW_TAG_subprogram [abbrev 19, tag 46, index 4583, children 8]
		DW_AT_low_pc : DW_FORM_addr, addr v4 0xc37c
		DW_AT_high_pc : DW_FORM_data4 = 68 [00000044]
		DW_AT_frame_base : DW_FORM_exprloc = [1]6e
		DW_AT_???? 8471 (0x2117) : DW_FORM_flag_present = true
		DW_AT_name : DW_FORM_strp = "_HAP_debug_v2" (offset 0x13d3)
		DW_AT_decl_file : DW_FORM_data1 = 7 [07]
		DW_AT_decl_line : DW_FORM_data1 = 60 [3c]
		DW_AT_prototyped : DW_FORM_flag_present = true
 (DWARFFunctionImporter)  
ERROR Error when processing DWARF information for DIE d551 (DWARFFunctionImporter) java.lang.NullPointerException: Cannot invoke "ghidra.app.util.bin.format.dwarf.DWARFRegisterMappings.getStackFrameRegisterOffset()" because the return value of "ghidra.app.util.bin.format.dwarf.DWARFProgram.getRegisterMappings()" is null
	at ghidra.app.util.bin.format.dwarf.DWARFFunction.read(DWARFFunction.java:108)
	at ghidra.app.util.bin.format.dwarf.DWARFFunctionImporter.processSubprogram(DWARFFunctionImporter.java:161)
	at ghidra.app.util.bin.format.dwarf.DWARFFunctionImporter.importFunctions(DWARFFunctionImporter.java:111)
	at ghidra.app.util.bin.format.dwarf.DWARFImporter.performImport(DWARFImporter.java:409)
	at ghidra.app.plugin.core.analysis.DWARFAnalyzer.added(DWARFAnalyzer.java:113)
	at ghidra.app.plugin.core.analysis.AnalysisScheduler.runAnalyzer(AnalysisScheduler.java:186)
	at ghidra.app.plugin.core.analysis.AnalysisTask.applyTo(AnalysisTask.java:37)
	at ghidra.app.plugin.core.analysis.AnalysisTask.applyTo(AnalysisTask.java:24)
	at ghidra.app.plugin.core.analysis.AutoAnalysisManager$AnalysisTaskWrapper.run(AutoAnalysisManager.java:660)
	at ghidra.app.plugin.core.analysis.AutoAnalysisManager.startAnalysis(AutoAnalysisManager.java:760)
	at ghidra.app.plugin.core.analysis.AutoAnalysisManager.startAnalysis(AutoAnalysisManager.java:639)
	at ghidra.app.plugin.core.analysis.AutoAnalysisManager.startAnalysis(AutoAnalysisManager.java:604)
	at ghidra.app.util.headless.HeadlessAnalyzer.analyzeProgram(HeadlessAnalyzer.java:1053)
	at ghidra.app.util.headless.HeadlessAnalyzer.processFileWithImport(HeadlessAnalyzer.java:1584)
	at ghidra.app.util.headless.HeadlessAnalyzer.processWithLoader(HeadlessAnalyzer.java:1744)
	at ghidra.app.util.headless.HeadlessAnalyzer.processWithImport(HeadlessAnalyzer.java:1685)
	at ghidra.app.util.headless.HeadlessAnalyzer.processWithImport(HeadlessAnalyzer.java:1769)
	at ghidra.app.util.headless.HeadlessAnalyzer.processLocal(HeadlessAnalyzer.java:462)
	at ghidra.app.util.headless.AnalyzeHeadless.launch(AnalyzeHeadless.java:199)
	at ghidra.GhidraLauncher.launch(GhidraLauncher.java:81)
	at ghidra.Ghidra.main(Ghidra.java:54)
 
INFO  DIE info:
DIEAgregrate of: DIE [0xd551], 
<1><d551>: DW_TAG_subprogram [abbrev 19, tag 46, index 4614, children 14]
		DW_AT_low_pc : DW_FORM_addr, addr v4 0xc3c0
		DW_AT_high_pc : DW_FORM_data4 = 192 [000000c0]
		DW_AT_frame_base : DW_FORM_exprloc = [1]6e
		DW_AT_???? 8471 (0x2117) : DW_FORM_flag_present = true
		DW_AT_name : DW_FORM_strp = "sobel3x3_callback" (offset 0x33fd)
		DW_AT_decl_file : DW_FORM_data1 = 4 [04]
		DW_AT_decl_line : DW_FORM_data1 = 75 [4b]
		DW_AT_prototyped : DW_FORM_flag_present = true
 (DWARFFunctionImporter)  
ERROR Error when processing DWARF information for DIE da8b (DWARFFunctionImporter) java.lang.NullPointerException: Cannot invoke "ghidra.app.util.bin.format.dwarf.DWARFRegisterMappings.getStackFrameRegisterOffset()" because the return value of "ghidra.app.util.bin.format.dwarf.DWARFProgram.getRegisterMappings()" is null
	at ghidra.app.util.bin.format.dwarf.DWARFFunction.read(DWARFFunction.java:108)
	at ghidra.app.util.bin.format.dwarf.DWARFFunctionImporter.processSubprogram(DWARFFunctionImporter.java:161)
	at ghidra.app.util.bin.format.dwarf.DWARFFunctionImporter.importFunctions(DWARFFunctionImporter.java:111)
	at ghidra.app.util.bin.format.dwarf.DWARFImporter.performImport(DWARFImporter.java:409)
	at ghidra.app.plugin.core.analysis.DWARFAnalyzer.added(DWARFAnalyzer.java:113)
	at ghidra.app.plugin.core.analysis.AnalysisScheduler.runAnalyzer(AnalysisScheduler.java:186)
	at ghidra.app.plugin.core.analysis.AnalysisTask.applyTo(AnalysisTask.java:37)
	at ghidra.app.plugin.core.analysis.AnalysisTask.applyTo(AnalysisTask.java:24)
	at ghidra.app.plugin.core.analysis.AutoAnalysisManager$AnalysisTaskWrapper.run(AutoAnalysisManager.java:660)
	at ghidra.app.plugin.core.analysis.AutoAnalysisManager.startAnalysis(AutoAnalysisManager.java:760)
	at ghidra.app.plugin.core.analysis.AutoAnalysisManager.startAnalysis(AutoAnalysisManager.java:639)
	at ghidra.app.plugin.core.analysis.AutoAnalysisManager.startAnalysis(AutoAnalysisManager.java:604)
	at ghidra.app.util.headless.HeadlessAnalyzer.analyzeProgram(HeadlessAnalyzer.java:1053)
	at ghidra.app.util.headless.HeadlessAnalyzer.processFileWithImport(HeadlessAnalyzer.java:1584)
	at ghidra.app.util.headless.HeadlessAnalyzer.processWithLoader(HeadlessAnalyzer.java:1744)
	at ghidra.app.util.headless.HeadlessAnalyzer.processWithImport(HeadlessAnalyzer.java:1685)
	at ghidra.app.util.headless.HeadlessAnalyzer.processWithImport(HeadlessAnalyzer.java:1769)
	at ghidra.app.util.headless.HeadlessAnalyzer.processLocal(HeadlessAnalyzer.java:462)
	at ghidra.app.util.headless.AnalyzeHeadless.launch(AnalyzeHeadless.java:199)
	at ghidra.GhidraLauncher.launch(GhidraLauncher.java:81)
	at ghidra.Ghidra.main(Ghidra.java:54)
 
INFO  DIE info:
DIEAgregrate of: DIE [0xda8b], 
<1><da8b>: DW_TAG_subprogram [abbrev 24, tag 46, index 4744, children 37]
		DW_AT_low_pc : DW_FORM_addr, addr v4 0xc480
		DW_AT_high_pc : DW_FORM_data4 = 976 [000003d0]
		DW_AT_frame_base : DW_FORM_exprloc = [1]6e
		DW_AT_???? 8471 (0x2117) : DW_FORM_flag_present = true
		DW_AT_name : DW_FORM_strp = "benchmark_fft1024" (offset 0x35a8)
		DW_AT_decl_file : DW_FORM_data1 = 2 [02]
		DW_AT_decl_line : DW_FORM_data2 = 1473 [05c1]
		DW_AT_prototyped : DW_FORM_flag_present = true
		DW_AT_type : DW_FORM_ref4 = 58739 [000000000000e573]
		DW_AT_external : DW_FORM_flag_present = true
 (DWARFFunctionImporter)  
ERROR Error when processing DWARF information for DIE dd1a (DWARFFunctionImporter) java.lang.NullPointerException: Cannot invoke "ghidra.app.util.bin.format.dwarf.DWARFRegisterMappings.getStackFrameRegisterOffset()" because the return value of "ghidra.app.util.bin.format.dwarf.DWARFProgram.getRegisterMappings()" is null
	at ghidra.app.util.bin.format.dwarf.DWARFFunction.read(DWARFFunction.java:108)
	at ghidra.app.util.bin.format.dwarf.DWARFFunctionImporter.processSubprogram(DWARFFunctionImporter.java:161)
	at ghidra.app.util.bin.format.dwarf.DWARFFunctionImporter.importFunctions(DWARFFunctionImporter.java:111)
	at ghidra.app.util.bin.format.dwarf.DWARFImporter.performImport(DWARFImporter.java:409)
	at ghidra.app.plugin.core.analysis.DWARFAnalyzer.added(DWARFAnalyzer.java:113)
	at ghidra.app.plugin.core.analysis.AnalysisScheduler.runAnalyzer(AnalysisScheduler.java:186)
	at ghidra.app.plugin.core.analysis.AnalysisTask.applyTo(AnalysisTask.java:37)
	at ghidra.app.plugin.core.analysis.AnalysisTask.applyTo(AnalysisTask.java:24)
	at ghidra.app.plugin.core.analysis.AutoAnalysisManager$AnalysisTaskWrapper.run(AutoAnalysisManager.java:660)
	at ghidra.app.plugin.core.analysis.AutoAnalysisManager.startAnalysis(AutoAnalysisManager.java:760)
	at ghidra.app.plugin.core.analysis.AutoAnalysisManager.startAnalysis(AutoAnalysisManager.java:639)
	at ghidra.app.plugin.core.analysis.AutoAnalysisManager.startAnalysis(AutoAnalysisManager.java:604)
	at ghidra.app.util.headless.HeadlessAnalyzer.analyzeProgram(HeadlessAnalyzer.java:1053)
	at ghidra.app.util.headless.HeadlessAnalyzer.processFileWithImport(HeadlessAnalyzer.java:1584)
	at ghidra.app.util.headless.HeadlessAnalyzer.processWithLoader(HeadlessAnalyzer.java:1744)
	at ghidra.app.util.headless.HeadlessAnalyzer.processWithImport(HeadlessAnalyzer.java:1685)
	at ghidra.app.util.headless.HeadlessAnalyzer.processWithImport(HeadlessAnalyzer.java:1769)
	at ghidra.app.util.headless.HeadlessAnalyzer.processLocal(HeadlessAnalyzer.java:462)
	at ghidra.app.util.headless.AnalyzeHeadless.launch(AnalyzeHeadless.java:199)
	at ghidra.GhidraLauncher.launch(GhidraLauncher.java:81)
	at ghidra.Ghidra.main(Ghidra.java:54)
 
INFO  DIE info:
DIEAgregrate of: DIE [0xdd1a], 
<1><dd1a>: DW_TAG_subprogram [abbrev 37, tag 46, index 4801, children 8]
		DW_AT_low_pc : DW_FORM_addr, addr v4 0xc850
		DW_AT_high_pc : DW_FORM_data4 = 68 [00000044]
		DW_AT_frame_base : DW_FORM_exprloc = [1]6e
		DW_AT_???? 8471 (0x2117) : DW_FORM_flag_present = true
		DW_AT_name : DW_FORM_strp = "_HAP_debug_v2" (offset 0x13d3)
		DW_AT_decl_file : DW_FORM_data1 = 9 [09]
		DW_AT_decl_line : DW_FORM_data1 = 60 [3c]
		DW_AT_prototyped : DW_FORM_flag_present = true
 (DWARFFunctionImporter)  
ERROR Error when processing DWARF information for DIE de4b (DWARFFunctionImporter) java.lang.NullPointerException: Cannot invoke "ghidra.app.util.bin.format.dwarf.DWARFRegisterMappings.getStackFrameRegisterOffset()" because the return value of "ghidra.app.util.bin.format.dwarf.DWARFProgram.getRegisterMappings()" is null
	at ghidra.app.util.bin.format.dwarf.DWARFFunction.read(DWARFFunction.java:108)
	at ghidra.app.util.bin.format.dwarf.DWARFFunctionImporter.processSubprogram(DWARFFunctionImporter.java:161)
	at ghidra.app.util.bin.format.dwarf.DWARFFunctionImporter.importFunctions(DWARFFunctionImporter.java:111)
	at ghidra.app.util.bin.format.dwarf.DWARFImporter.performImport(DWARFImporter.java:409)
	at ghidra.app.plugin.core.analysis.DWARFAnalyzer.added(DWARFAnalyzer.java:113)
	at ghidra.app.plugin.core.analysis.AnalysisScheduler.runAnalyzer(AnalysisScheduler.java:186)
	at ghidra.app.plugin.core.analysis.AnalysisTask.applyTo(AnalysisTask.java:37)
	at ghidra.app.plugin.core.analysis.AnalysisTask.applyTo(AnalysisTask.java:24)
	at ghidra.app.plugin.core.analysis.AutoAnalysisManager$AnalysisTaskWrapper.run(AutoAnalysisManager.java:660)
	at ghidra.app.plugin.core.analysis.AutoAnalysisManager.startAnalysis(AutoAnalysisManager.java:760)
	at ghidra.app.plugin.core.analysis.AutoAnalysisManager.startAnalysis(AutoAnalysisManager.java:639)
	at ghidra.app.plugin.core.analysis.AutoAnalysisManager.startAnalysis(AutoAnalysisManager.java:604)
	at ghidra.app.util.headless.HeadlessAnalyzer.analyzeProgram(HeadlessAnalyzer.java:1053)
	at ghidra.app.util.headless.HeadlessAnalyzer.processFileWithImport(HeadlessAnalyzer.java:1584)
	at ghidra.app.util.headless.HeadlessAnalyzer.processWithLoader(HeadlessAnalyzer.java:1744)
	at ghidra.app.util.headless.HeadlessAnalyzer.processWithImport(HeadlessAnalyzer.java:1685)
	at ghidra.app.util.headless.HeadlessAnalyzer.processWithImport(HeadlessAnalyzer.java:1769)
	at ghidra.app.util.headless.HeadlessAnalyzer.processLocal(HeadlessAnalyzer.java:462)
	at ghidra.app.util.headless.AnalyzeHeadless.launch(AnalyzeHeadless.java:199)
	at ghidra.GhidraLauncher.launch(GhidraLauncher.java:81)
	at ghidra.Ghidra.main(Ghidra.java:54)
 
INFO  DIE info:
DIEAgregrate of: DIE [0xde4b], 
<1><de4b>: DW_TAG_subprogram [abbrev 37, tag 46, index 4839, children 13]
		DW_AT_low_pc : DW_FORM_addr, addr v4 0xc894
		DW_AT_high_pc : DW_FORM_data4 = 4816 [000012d0]
		DW_AT_frame_base : DW_FORM_exprloc = [1]6e
		DW_AT_???? 8471 (0x2117) : DW_FORM_flag_present = true
		DW_AT_name : DW_FORM_strp = "fcvFFTu8_horiz_callback" (offset 0x35ba)
		DW_AT_decl_file : DW_FORM_data1 = 2 [02]
		DW_AT_decl_line : DW_FORM_data1 = -12 or 244 [f4]
		DW_AT_prototyped : DW_FORM_flag_present = true
 (DWARFFunctionImporter)  
ERROR Error when processing DWARF information for DIE e09f (DWARFFunctionImporter) java.lang.NullPointerException: Cannot invoke "ghidra.app.util.bin.format.dwarf.DWARFRegisterMappings.getStackFrameRegisterOffset()" because the return value of "ghidra.app.util.bin.format.dwarf.DWARFProgram.getRegisterMappings()" is null
	at ghidra.app.util.bin.format.dwarf.DWARFFunction.read(DWARFFunction.java:108)
	at ghidra.app.util.bin.format.dwarf.DWARFFunctionImporter.processSubprogram(DWARFFunctionImporter.java:161)
	at ghidra.app.util.bin.format.dwarf.DWARFFunctionImporter.importFunctions(DWARFFunctionImporter.java:111)
	at ghidra.app.util.bin.format.dwarf.DWARFImporter.performImport(DWARFImporter.java:409)
	at ghidra.app.plugin.core.analysis.DWARFAnalyzer.added(DWARFAnalyzer.java:113)
	at ghidra.app.plugin.core.analysis.AnalysisScheduler.runAnalyzer(AnalysisScheduler.java:186)
	at ghidra.app.plugin.core.analysis.AnalysisTask.applyTo(AnalysisTask.java:37)
	at ghidra.app.plugin.core.analysis.AnalysisTask.applyTo(AnalysisTask.java:24)
	at ghidra.app.plugin.core.analysis.AutoAnalysisManager$AnalysisTaskWrapper.run(AutoAnalysisManager.java:660)
	at ghidra.app.plugin.core.analysis.AutoAnalysisManager.startAnalysis(AutoAnalysisManager.java:760)
	at ghidra.app.plugin.core.analysis.AutoAnalysisManager.startAnalysis(AutoAnalysisManager.java:639)
	at ghidra.app.plugin.core.analysis.AutoAnalysisManager.startAnalysis(AutoAnalysisManager.java:604)
	at ghidra.app.util.headless.HeadlessAnalyzer.analyzeProgram(HeadlessAnalyzer.java:1053)
	at ghidra.app.util.headless.HeadlessAnalyzer.processFileWithImport(HeadlessAnalyzer.java:1584)
	at ghidra.app.util.headless.HeadlessAnalyzer.processWithLoader(HeadlessAnalyzer.java:1744)
	at ghidra.app.util.headless.HeadlessAnalyzer.processWithImport(HeadlessAnalyzer.java:1685)
	at ghidra.app.util.headless.HeadlessAnalyzer.processWithImport(HeadlessAnalyzer.java:1769)
	at ghidra.app.util.headless.HeadlessAnalyzer.processLocal(HeadlessAnalyzer.java:462)
	at ghidra.app.util.headless.AnalyzeHeadless.launch(AnalyzeHeadless.java:199)
	at ghidra.GhidraLauncher.launch(GhidraLauncher.java:81)
	at ghidra.Ghidra.main(Ghidra.java:54)
 
INFO  DIE info:
DIEAgregrate of: DIE [0xe09f], 
<1><e09f>: DW_TAG_subprogram [abbrev 52, tag 46, index 4879, children 31]
		DW_AT_low_pc : DW_FORM_addr, addr v4 0xdb64
		DW_AT_high_pc : DW_FORM_data4 = 2392 [00000958]
		DW_AT_frame_base : DW_FORM_exprloc = [1]6e
		DW_AT_???? 8471 (0x2117) : DW_FORM_flag_present = true
		DW_AT_name : DW_FORM_strp = "fcvFFTu8_vert_callback" (offset 0x35d2)
		DW_AT_decl_file : DW_FORM_data1 = 2 [02]
		DW_AT_decl_line : DW_FORM_data2 = 1029 [0405]
		DW_AT_prototyped : DW_FORM_flag_present = true
 (DWARFFunctionImporter)  
ERROR Error when processing DWARF information for DIE e9cf (DWARFFunctionImporter) java.lang.NullPointerException: Cannot invoke "ghidra.app.util.bin.format.dwarf.DWARFRegisterMappings.getStackFrameRegisterOffset()" because the return value of "ghidra.app.util.bin.format.dwarf.DWARFProgram.getRegisterMappings()" is null
	at ghidra.app.util.bin.format.dwarf.DWARFFunction.read(DWARFFunction.java:108)
	at ghidra.app.util.bin.format.dwarf.DWARFFunctionImporter.processSubprogram(DWARFFunctionImporter.java:161)
	at ghidra.app.util.bin.format.dwarf.DWARFFunctionImporter.importFunctions(DWARFFunctionImporter.java:111)
	at ghidra.app.util.bin.format.dwarf.DWARFImporter.performImport(DWARFImporter.java:409)
	at ghidra.app.plugin.core.analysis.DWARFAnalyzer.added(DWARFAnalyzer.java:113)
	at ghidra.app.plugin.core.analysis.AnalysisScheduler.runAnalyzer(AnalysisScheduler.java:186)
	at ghidra.app.plugin.core.analysis.AnalysisTask.applyTo(AnalysisTask.java:37)
	at ghidra.app.plugin.core.analysis.AnalysisTask.applyTo(AnalysisTask.java:24)
	at ghidra.app.plugin.core.analysis.AutoAnalysisManager$AnalysisTaskWrapper.run(AutoAnalysisManager.java:660)
	at ghidra.app.plugin.core.analysis.AutoAnalysisManager.startAnalysis(AutoAnalysisManager.java:760)
	at ghidra.app.plugin.core.analysis.AutoAnalysisManager.startAnalysis(AutoAnalysisManager.java:639)
	at ghidra.app.plugin.core.analysis.AutoAnalysisManager.startAnalysis(AutoAnalysisManager.java:604)
	at ghidra.app.util.headless.HeadlessAnalyzer.analyzeProgram(HeadlessAnalyzer.java:1053)
	at ghidra.app.util.headless.HeadlessAnalyzer.processFileWithImport(HeadlessAnalyzer.java:1584)
	at ghidra.app.util.headless.HeadlessAnalyzer.processWithLoader(HeadlessAnalyzer.java:1744)
	at ghidra.app.util.headless.HeadlessAnalyzer.processWithImport(HeadlessAnalyzer.java:1685)
	at ghidra.app.util.headless.HeadlessAnalyzer.processWithImport(HeadlessAnalyzer.java:1769)
	at ghidra.app.util.headless.HeadlessAnalyzer.processLocal(HeadlessAnalyzer.java:462)
	at ghidra.app.util.headless.AnalyzeHeadless.launch(AnalyzeHeadless.java:199)
	at ghidra.GhidraLauncher.launch(GhidraLauncher.java:81)
	at ghidra.Ghidra.main(Ghidra.java:54)
 
INFO  DIE info:
DIEAgregrate of: DIE [0xe9cf], 
<1><e9cf>: DW_TAG_subprogram [abbrev 24, tag 46, index 5082, children 39]
		DW_AT_low_pc : DW_FORM_addr, addr v4 0xe4c0
		DW_AT_high_pc : DW_FORM_data4 = 972 [000003cc]
		DW_AT_frame_base : DW_FORM_exprloc = [1]6e
		DW_AT_???? 8471 (0x2117) : DW_FORM_flag_present = true
		DW_AT_name : DW_FORM_strp = "benchmark_fft1024_vtcm" (offset 0x3856)
		DW_AT_decl_file : DW_FORM_data1 = 2 [02]
		DW_AT_decl_line : DW_FORM_data2 = 1481 [05c9]
		DW_AT_prototyped : DW_FORM_flag_present = true
		DW_AT_type : DW_FORM_ref4 = 62696 [000000000000f4e8]
		DW_AT_external : DW_FORM_flag_present = true
 (DWARFFunctionImporter)  
ERROR Error when processing DWARF information for DIE ec68 (DWARFFunctionImporter) java.lang.NullPointerException: Cannot invoke "ghidra.app.util.bin.format.dwarf.DWARFRegisterMappings.getStackFrameRegisterOffset()" because the return value of "ghidra.app.util.bin.format.dwarf.DWARFProgram.getRegisterMappings()" is null
	at ghidra.app.util.bin.format.dwarf.DWARFFunction.read(DWARFFunction.java:108)
	at ghidra.app.util.bin.format.dwarf.DWARFFunctionImporter.processSubprogram(DWARFFunctionImporter.java:161)
	at ghidra.app.util.bin.format.dwarf.DWARFFunctionImporter.importFunctions(DWARFFunctionImporter.java:111)
	at ghidra.app.util.bin.format.dwarf.DWARFImporter.performImport(DWARFImporter.java:409)
	at ghidra.app.plugin.core.analysis.DWARFAnalyzer.added(DWARFAnalyzer.java:113)
	at ghidra.app.plugin.core.analysis.AnalysisScheduler.runAnalyzer(AnalysisScheduler.java:186)
	at ghidra.app.plugin.core.analysis.AnalysisTask.applyTo(AnalysisTask.java:37)
	at ghidra.app.plugin.core.analysis.AnalysisTask.applyTo(AnalysisTask.java:24)
	at ghidra.app.plugin.core.analysis.AutoAnalysisManager$AnalysisTaskWrapper.run(AutoAnalysisManager.java:660)
	at ghidra.app.plugin.core.analysis.AutoAnalysisManager.startAnalysis(AutoAnalysisManager.java:760)
	at ghidra.app.plugin.core.analysis.AutoAnalysisManager.startAnalysis(AutoAnalysisManager.java:639)
	at ghidra.app.plugin.core.analysis.AutoAnalysisManager.startAnalysis(AutoAnalysisManager.java:604)
	at ghidra.app.util.headless.HeadlessAnalyzer.analyzeProgram(HeadlessAnalyzer.java:1053)
	at ghidra.app.util.headless.HeadlessAnalyzer.processFileWithImport(HeadlessAnalyzer.java:1584)
	at ghidra.app.util.headless.HeadlessAnalyzer.processWithLoader(HeadlessAnalyzer.java:1744)
	at ghidra.app.util.headless.HeadlessAnalyzer.processWithImport(HeadlessAnalyzer.java:1685)
	at ghidra.app.util.headless.HeadlessAnalyzer.processWithImport(HeadlessAnalyzer.java:1769)
	at ghidra.app.util.headless.HeadlessAnalyzer.processLocal(HeadlessAnalyzer.java:462)
	at ghidra.app.util.headless.AnalyzeHeadless.launch(AnalyzeHeadless.java:199)
	at ghidra.GhidraLauncher.launch(GhidraLauncher.java:81)
	at ghidra.Ghidra.main(Ghidra.java:54)
 
INFO  DIE info:
DIEAgregrate of: DIE [0xec68], 
<1><ec68>: DW_TAG_subprogram [abbrev 36, tag 46, index 5140, children 8]
		DW_AT_low_pc : DW_FORM_addr, addr v4 0xe88c
		DW_AT_high_pc : DW_FORM_data4 = 68 [00000044]
		DW_AT_frame_base : DW_FORM_exprloc = [1]6e
		DW_AT_???? 8471 (0x2117) : DW_FORM_flag_present = true
		DW_AT_name : DW_FORM_strp = "_HAP_debug_v2" (offset 0x13d3)
		DW_AT_decl_file : DW_FORM_data1 = 10 [0a]
		DW_AT_decl_line : DW_FORM_data1 = 60 [3c]
		DW_AT_prototyped : DW_FORM_flag_present = true
 (DWARFFunctionImporter)  
ERROR Error when processing DWARF information for DIE edc0 (DWARFFunctionImporter) java.lang.NullPointerException: Cannot invoke "ghidra.app.util.bin.format.dwarf.DWARFRegisterMappings.getStackFrameRegisterOffset()" because the return value of "ghidra.app.util.bin.format.dwarf.DWARFProgram.getRegisterMappings()" is null
	at ghidra.app.util.bin.format.dwarf.DWARFFunction.read(DWARFFunction.java:108)
	at ghidra.app.util.bin.format.dwarf.DWARFFunctionImporter.processSubprogram(DWARFFunctionImporter.java:161)
	at ghidra.app.util.bin.format.dwarf.DWARFFunctionImporter.importFunctions(DWARFFunctionImporter.java:111)
	at ghidra.app.util.bin.format.dwarf.DWARFImporter.performImport(DWARFImporter.java:409)
	at ghidra.app.plugin.core.analysis.DWARFAnalyzer.added(DWARFAnalyzer.java:113)
	at ghidra.app.plugin.core.analysis.AnalysisScheduler.runAnalyzer(AnalysisScheduler.java:186)
	at ghidra.app.plugin.core.analysis.AnalysisTask.applyTo(AnalysisTask.java:37)
	at ghidra.app.plugin.core.analysis.AnalysisTask.applyTo(AnalysisTask.java:24)
	at ghidra.app.plugin.core.analysis.AutoAnalysisManager$AnalysisTaskWrapper.run(AutoAnalysisManager.java:660)
	at ghidra.app.plugin.core.analysis.AutoAnalysisManager.startAnalysis(AutoAnalysisManager.java:760)
	at ghidra.app.plugin.core.analysis.AutoAnalysisManager.startAnalysis(AutoAnalysisManager.java:639)
	at ghidra.app.plugin.core.analysis.AutoAnalysisManager.startAnalysis(AutoAnalysisManager.java:604)
	at ghidra.app.util.headless.HeadlessAnalyzer.analyzeProgram(HeadlessAnalyzer.java:1053)
	at ghidra.app.util.headless.HeadlessAnalyzer.processFileWithImport(HeadlessAnalyzer.java:1584)
	at ghidra.app.util.headless.HeadlessAnalyzer.processWithLoader(HeadlessAnalyzer.java:1744)
	at ghidra.app.util.headless.HeadlessAnalyzer.processWithImport(HeadlessAnalyzer.java:1685)
	at ghidra.app.util.headless.HeadlessAnalyzer.processWithImport(HeadlessAnalyzer.java:1769)
	at ghidra.app.util.headless.HeadlessAnalyzer.processLocal(HeadlessAnalyzer.java:462)
	at ghidra.app.util.headless.AnalyzeHeadless.launch(AnalyzeHeadless.java:199)
	at ghidra.GhidraLauncher.launch(GhidraLauncher.java:81)
	at ghidra.Ghidra.main(Ghidra.java:54)
 
INFO  DIE info:
DIEAgregrate of: DIE [0xedc0], 
<1><edc0>: DW_TAG_subprogram [abbrev 36, tag 46, index 5183, children 13]
		DW_AT_low_pc : DW_FORM_addr, addr v4 0xe8d0
		DW_AT_high_pc : DW_FORM_data4 = 4820 [000012d4]
		DW_AT_frame_base : DW_FORM_exprloc = [1]6e
		DW_AT_???? 8471 (0x2117) : DW_FORM_flag_present = true
		DW_AT_name : DW_FORM_strp = "fcvFFTu8_horiz_callback" (offset 0x35ba)
		DW_AT_decl_file : DW_FORM_data1 = 2 [02]
		DW_AT_decl_line : DW_FORM_data1 = -4 or 252 [fc]
		DW_AT_prototyped : DW_FORM_flag_present = true
 (DWARFFunctionImporter)  
ERROR Error when processing DWARF information for DIE f014 (DWARFFunctionImporter) java.lang.NullPointerException: Cannot invoke "ghidra.app.util.bin.format.dwarf.DWARFRegisterMappings.getStackFrameRegisterOffset()" because the return value of "ghidra.app.util.bin.format.dwarf.DWARFProgram.getRegisterMappings()" is null
	at ghidra.app.util.bin.format.dwarf.DWARFFunction.read(DWARFFunction.java:108)
	at ghidra.app.util.bin.format.dwarf.DWARFFunctionImporter.processSubprogram(DWARFFunctionImporter.java:161)
	at ghidra.app.util.bin.format.dwarf.DWARFFunctionImporter.importFunctions(DWARFFunctionImporter.java:111)
	at ghidra.app.util.bin.format.dwarf.DWARFImporter.performImport(DWARFImporter.java:409)
	at ghidra.app.plugin.core.analysis.DWARFAnalyzer.added(DWARFAnalyzer.java:113)
	at ghidra.app.plugin.core.analysis.AnalysisScheduler.runAnalyzer(AnalysisScheduler.java:186)
	at ghidra.app.plugin.core.analysis.AnalysisTask.applyTo(AnalysisTask.java:37)
	at ghidra.app.plugin.core.analysis.AnalysisTask.applyTo(AnalysisTask.java:24)
	at ghidra.app.plugin.core.analysis.AutoAnalysisManager$AnalysisTaskWrapper.run(AutoAnalysisManager.java:660)
	at ghidra.app.plugin.core.analysis.AutoAnalysisManager.startAnalysis(AutoAnalysisManager.java:760)
	at ghidra.app.plugin.core.analysis.AutoAnalysisManager.startAnalysis(AutoAnalysisManager.java:639)
	at ghidra.app.plugin.core.analysis.AutoAnalysisManager.startAnalysis(AutoAnalysisManager.java:604)
	at ghidra.app.util.headless.HeadlessAnalyzer.analyzeProgram(HeadlessAnalyzer.java:1053)
	at ghidra.app.util.headless.HeadlessAnalyzer.processFileWithImport(HeadlessAnalyzer.java:1584)
	at ghidra.app.util.headless.HeadlessAnalyzer.processWithLoader(HeadlessAnalyzer.java:1744)
	at ghidra.app.util.headless.HeadlessAnalyzer.processWithImport(HeadlessAnalyzer.java:1685)
	at ghidra.app.util.headless.HeadlessAnalyzer.processWithImport(HeadlessAnalyzer.java:1769)
	at ghidra.app.util.headless.HeadlessAnalyzer.processLocal(HeadlessAnalyzer.java:462)
	at ghidra.app.util.headless.AnalyzeHeadless.launch(AnalyzeHeadless.java:199)
	at ghidra.GhidraLauncher.launch(GhidraLauncher.java:81)
	at ghidra.Ghidra.main(Ghidra.java:54)
 
INFO  DIE info:
DIEAgregrate of: DIE [0xf014], 
<1><f014>: DW_TAG_subprogram [abbrev 51, tag 46, index 5223, children 31]
		DW_AT_low_pc : DW_FORM_addr, addr v4 0xfba4
		DW_AT_high_pc : DW_FORM_data4 = 2392 [00000958]
		DW_AT_frame_base : DW_FORM_exprloc = [1]6e
		DW_AT_???? 8471 (0x2117) : DW_FORM_flag_present = true
		DW_AT_name : DW_FORM_strp = "fcvFFTu8_vert_callback" (offset 0x35d2)
		DW_AT_decl_file : DW_FORM_data1 = 2 [02]
		DW_AT_decl_line : DW_FORM_data2 = 1037 [040d]
		DW_AT_prototyped : DW_FORM_flag_present = true
 (DWARFFunctionImporter)  
ERROR Error when processing DWARF information for DIE f6d3 (DWARFFunctionImporter) java.lang.NullPointerException: Cannot invoke "ghidra.app.util.bin.format.dwarf.DWARFRegisterMappings.getStackFrameRegisterOffset()" because the return value of "ghidra.app.util.bin.format.dwarf.DWARFProgram.getRegisterMappings()" is null
	at ghidra.app.util.bin.format.dwarf.DWARFFunction.read(DWARFFunction.java:108)
	at ghidra.app.util.bin.format.dwarf.DWARFFunctionImporter.processSubprogram(DWARFFunctionImporter.java:161)
	at ghidra.app.util.bin.format.dwarf.DWARFFunctionImporter.importFunctions(DWARFFunctionImporter.java:111)
	at ghidra.app.util.bin.format.dwarf.DWARFImporter.performImport(DWARFImporter.java:409)
	at ghidra.app.plugin.core.analysis.DWARFAnalyzer.added(DWARFAnalyzer.java:113)
	at ghidra.app.plugin.core.analysis.AnalysisScheduler.runAnalyzer(AnalysisScheduler.java:186)
	at ghidra.app.plugin.core.analysis.AnalysisTask.applyTo(AnalysisTask.java:37)
	at ghidra.app.plugin.core.analysis.AnalysisTask.applyTo(AnalysisTask.java:24)
	at ghidra.app.plugin.core.analysis.AutoAnalysisManager$AnalysisTaskWrapper.run(AutoAnalysisManager.java:660)
	at ghidra.app.plugin.core.analysis.AutoAnalysisManager.startAnalysis(AutoAnalysisManager.java:760)
	at ghidra.app.plugin.core.analysis.AutoAnalysisManager.startAnalysis(AutoAnalysisManager.java:639)
	at ghidra.app.plugin.core.analysis.AutoAnalysisManager.startAnalysis(AutoAnalysisManager.java:604)
	at ghidra.app.util.headless.HeadlessAnalyzer.analyzeProgram(HeadlessAnalyzer.java:1053)
	at ghidra.app.util.headless.HeadlessAnalyzer.processFileWithImport(HeadlessAnalyzer.java:1584)
	at ghidra.app.util.headless.HeadlessAnalyzer.processWithLoader(HeadlessAnalyzer.java:1744)
	at ghidra.app.util.headless.HeadlessAnalyzer.processWithImport(HeadlessAnalyzer.java:1685)
	at ghidra.app.util.headless.HeadlessAnalyzer.processWithImport(HeadlessAnalyzer.java:1769)
	at ghidra.app.util.headless.HeadlessAnalyzer.processLocal(HeadlessAnalyzer.java:462)
	at ghidra.app.util.headless.AnalyzeHeadless.launch(AnalyzeHeadless.java:199)
	at ghidra.GhidraLauncher.launch(GhidraLauncher.java:81)
	at ghidra.Ghidra.main(Ghidra.java:54)
 
INFO  DIE info:
DIEAgregrate of: DIE [0xf6d3], 
<1><f6d3>: DW_TAG_subprogram [abbrev 11, tag 46, index 5366, children 39]
		DW_AT_low_pc : DW_FORM_addr, addr v4 0x10500
		DW_AT_high_pc : DW_FORM_data4 = 1056 [00000420]
		DW_AT_frame_base : DW_FORM_exprloc = [1]6e
		DW_AT_???? 8471 (0x2117) : DW_FORM_flag_present = true
		DW_AT_name : DW_FORM_strp = "benchmark_histogram" (offset 0x395a)
		DW_AT_decl_file : DW_FORM_data1 = 4 [04]
		DW_AT_decl_line : DW_FORM_data1 = 126 [7e]
		DW_AT_prototyped : DW_FORM_flag_present = true
		DW_AT_type : DW_FORM_ref4 = 64384 [000000000000fb80]
		DW_AT_external : DW_FORM_flag_present = true
 (DWARFFunctionImporter)  
ERROR Error when processing DWARF information for DIE f8fa (DWARFFunctionImporter) java.lang.NullPointerException: Cannot invoke "ghidra.app.util.bin.format.dwarf.DWARFRegisterMappings.getStackFrameRegisterOffset()" because the return value of "ghidra.app.util.bin.format.dwarf.DWARFProgram.getRegisterMappings()" is null
	at ghidra.app.util.bin.format.dwarf.DWARFFunction.read(DWARFFunction.java:108)
	at ghidra.app.util.bin.format.dwarf.DWARFFunctionImporter.processSubprogram(DWARFFunctionImporter.java:161)
	at ghidra.app.util.bin.format.dwarf.DWARFFunctionImporter.importFunctions(DWARFFunctionImporter.java:111)
	at ghidra.app.util.bin.format.dwarf.DWARFImporter.performImport(DWARFImporter.java:409)
	at ghidra.app.plugin.core.analysis.DWARFAnalyzer.added(DWARFAnalyzer.java:113)
	at ghidra.app.plugin.core.analysis.AnalysisScheduler.runAnalyzer(AnalysisScheduler.java:186)
	at ghidra.app.plugin.core.analysis.AnalysisTask.applyTo(AnalysisTask.java:37)
	at ghidra.app.plugin.core.analysis.AnalysisTask.applyTo(AnalysisTask.java:24)
	at ghidra.app.plugin.core.analysis.AutoAnalysisManager$AnalysisTaskWrapper.run(AutoAnalysisManager.java:660)
	at ghidra.app.plugin.core.analysis.AutoAnalysisManager.startAnalysis(AutoAnalysisManager.java:760)
	at ghidra.app.plugin.core.analysis.AutoAnalysisManager.startAnalysis(AutoAnalysisManager.java:639)
	at ghidra.app.plugin.core.analysis.AutoAnalysisManager.startAnalysis(AutoAnalysisManager.java:604)
	at ghidra.app.util.headless.HeadlessAnalyzer.analyzeProgram(HeadlessAnalyzer.java:1053)
	at ghidra.app.util.headless.HeadlessAnalyzer.processFileWithImport(HeadlessAnalyzer.java:1584)
	at ghidra.app.util.headless.HeadlessAnalyzer.processWithLoader(HeadlessAnalyzer.java:1744)
	at ghidra.app.util.headless.HeadlessAnalyzer.processWithImport(HeadlessAnalyzer.java:1685)
	at ghidra.app.util.headless.HeadlessAnalyzer.processWithImport(HeadlessAnalyzer.java:1769)
	at ghidra.app.util.headless.HeadlessAnalyzer.processLocal(HeadlessAnalyzer.java:462)
	at ghidra.app.util.headless.AnalyzeHeadless.launch(AnalyzeHeadless.java:199)
	at ghidra.GhidraLauncher.launch(GhidraLauncher.java:81)
	at ghidra.Ghidra.main(Ghidra.java:54)
 
INFO  DIE info:
DIEAgregrate of: DIE [0xf8fa], 
<1><f8fa>: DW_TAG_subprogram [abbrev 21, tag 46, index 5410, children 8]
		DW_AT_low_pc : DW_FORM_addr, addr v4 0x10920
		DW_AT_high_pc : DW_FORM_data4 = 68 [00000044]
		DW_AT_frame_base : DW_FORM_exprloc = [1]6e
		DW_AT_???? 8471 (0x2117) : DW_FORM_flag_present = true
		DW_AT_name : DW_FORM_strp = "_HAP_debug_v2" (offset 0x13d3)
		DW_AT_decl_file : DW_FORM_data1 = 6 [06]
		DW_AT_decl_line : DW_FORM_data1 = 60 [3c]
		DW_AT_prototyped : DW_FORM_flag_present = true
 (DWARFFunctionImporter)  
ERROR Error when processing DWARF information for DIE fa15 (DWARFFunctionImporter) java.lang.NullPointerException: Cannot invoke "ghidra.app.util.bin.format.dwarf.DWARFRegisterMappings.getStackFrameRegisterOffset()" because the return value of "ghidra.app.util.bin.format.dwarf.DWARFProgram.getRegisterMappings()" is null
	at ghidra.app.util.bin.format.dwarf.DWARFFunction.read(DWARFFunction.java:108)
	at ghidra.app.util.bin.format.dwarf.DWARFFunctionImporter.processSubprogram(DWARFFunctionImporter.java:161)
	at ghidra.app.util.bin.format.dwarf.DWARFFunctionImporter.importFunctions(DWARFFunctionImporter.java:111)
	at ghidra.app.util.bin.format.dwarf.DWARFImporter.performImport(DWARFImporter.java:409)
	at ghidra.app.plugin.core.analysis.DWARFAnalyzer.added(DWARFAnalyzer.java:113)
	at ghidra.app.plugin.core.analysis.AnalysisScheduler.runAnalyzer(AnalysisScheduler.java:186)
	at ghidra.app.plugin.core.analysis.AnalysisTask.applyTo(AnalysisTask.java:37)
	at ghidra.app.plugin.core.analysis.AnalysisTask.applyTo(AnalysisTask.java:24)
	at ghidra.app.plugin.core.analysis.AutoAnalysisManager$AnalysisTaskWrapper.run(AutoAnalysisManager.java:660)
	at ghidra.app.plugin.core.analysis.AutoAnalysisManager.startAnalysis(AutoAnalysisManager.java:760)
	at ghidra.app.plugin.core.analysis.AutoAnalysisManager.startAnalysis(AutoAnalysisManager.java:639)
	at ghidra.app.plugin.core.analysis.AutoAnalysisManager.startAnalysis(AutoAnalysisManager.java:604)
	at ghidra.app.util.headless.HeadlessAnalyzer.analyzeProgram(HeadlessAnalyzer.java:1053)
	at ghidra.app.util.headless.HeadlessAnalyzer.processFileWithImport(HeadlessAnalyzer.java:1584)
	at ghidra.app.util.headless.HeadlessAnalyzer.processWithLoader(HeadlessAnalyzer.java:1744)
	at ghidra.app.util.headless.HeadlessAnalyzer.processWithImport(HeadlessAnalyzer.java:1685)
	at ghidra.app.util.headless.HeadlessAnalyzer.processWithImport(HeadlessAnalyzer.java:1769)
	at ghidra.app.util.headless.HeadlessAnalyzer.processLocal(HeadlessAnalyzer.java:462)
	at ghidra.app.util.headless.AnalyzeHeadless.launch(AnalyzeHeadless.java:199)
	at ghidra.GhidraLauncher.launch(GhidraLauncher.java:81)
	at ghidra.Ghidra.main(Ghidra.java:54)
 
INFO  DIE info:
DIEAgregrate of: DIE [0xfa15], 
<1><fa15>: DW_TAG_subprogram [abbrev 21, tag 46, index 5446, children 22]
		DW_AT_low_pc : DW_FORM_addr, addr v4 0x10964
		DW_AT_high_pc : DW_FORM_data4 = 352 [00000160]
		DW_AT_frame_base : DW_FORM_exprloc = [1]6e
		DW_AT_???? 8471 (0x2117) : DW_FORM_flag_present = true
		DW_AT_name : DW_FORM_strp = "histogram_callback" (offset 0x396e)
		DW_AT_decl_file : DW_FORM_data1 = 4 [04]
		DW_AT_decl_line : DW_FORM_data1 = 73 [49]
		DW_AT_prototyped : DW_FORM_flag_present = true
 (DWARFFunctionImporter)  
ERROR Error when processing DWARF information for DIE ffa3 (DWARFFunctionImporter) java.lang.NullPointerException: Cannot invoke "ghidra.app.util.bin.format.dwarf.DWARFRegisterMappings.getStackFrameRegisterOffset()" because the return value of "ghidra.app.util.bin.format.dwarf.DWARFProgram.getRegisterMappings()" is null
	at ghidra.app.util.bin.format.dwarf.DWARFFunction.read(DWARFFunction.java:108)
	at ghidra.app.util.bin.format.dwarf.DWARFFunctionImporter.processSubprogram(DWARFFunctionImporter.java:161)
	at ghidra.app.util.bin.format.dwarf.DWARFFunctionImporter.importFunctions(DWARFFunctionImporter.java:111)
	at ghidra.app.util.bin.format.dwarf.DWARFImporter.performImport(DWARFImporter.java:409)
	at ghidra.app.plugin.core.analysis.DWARFAnalyzer.added(DWARFAnalyzer.java:113)
	at ghidra.app.plugin.core.analysis.AnalysisScheduler.runAnalyzer(AnalysisScheduler.java:186)
	at ghidra.app.plugin.core.analysis.AnalysisTask.applyTo(AnalysisTask.java:37)
	at ghidra.app.plugin.core.analysis.AnalysisTask.applyTo(AnalysisTask.java:24)
	at ghidra.app.plugin.core.analysis.AutoAnalysisManager$AnalysisTaskWrapper.run(AutoAnalysisManager.java:660)
	at ghidra.app.plugin.core.analysis.AutoAnalysisManager.startAnalysis(AutoAnalysisManager.java:760)
	at ghidra.app.plugin.core.analysis.AutoAnalysisManager.startAnalysis(AutoAnalysisManager.java:639)
	at ghidra.app.plugin.core.analysis.AutoAnalysisManager.startAnalysis(AutoAnalysisManager.java:604)
	at ghidra.app.util.headless.HeadlessAnalyzer.analyzeProgram(HeadlessAnalyzer.java:1053)
	at ghidra.app.util.headless.HeadlessAnalyzer.processFileWithImport(HeadlessAnalyzer.java:1584)
	at ghidra.app.util.headless.HeadlessAnalyzer.processWithLoader(HeadlessAnalyzer.java:1744)
	at ghidra.app.util.headless.HeadlessAnalyzer.processWithImport(HeadlessAnalyzer.java:1685)
	at ghidra.app.util.headless.HeadlessAnalyzer.processWithImport(HeadlessAnalyzer.java:1769)
	at ghidra.app.util.headless.HeadlessAnalyzer.processLocal(HeadlessAnalyzer.java:462)
	at ghidra.app.util.headless.AnalyzeHeadless.launch(AnalyzeHeadless.java:199)
	at ghidra.GhidraLauncher.launch(GhidraLauncher.java:81)
	at ghidra.Ghidra.main(Ghidra.java:54)
 
INFO  DIE info:
DIEAgregrate of: DIE [0xffa3], DIE [0xffee], 
<1><ffa3>: DW_TAG_subprogram [abbrev 9, tag 46, index 5537, children 7]
		DW_AT_low_pc : DW_FORM_addr, addr v4 0x10df0
		DW_AT_high_pc : DW_FORM_data4 = 108 [0000006c]
		DW_AT_frame_base : DW_FORM_exprloc = [1]6e
		DW_AT_???? 8471 (0x2117) : DW_FORM_flag_present = true
		DW_AT_abstract_origin : DW_FORM_ref4 = 65518 [000000000000ffee]
<1><ffee>: DW_TAG_subprogram [abbrev 13, tag 46, index 5545, children 7]
		DW_AT_name : DW_FORM_strp = "calcNCC" (offset 0x3acb)
		DW_AT_decl_file : DW_FORM_data1 = 4 [04]
		DW_AT_decl_line : DW_FORM_data1 = 120 [78]
		DW_AT_prototyped : DW_FORM_flag_present = true
		DW_AT_type : DW_FORM_ref4 = 65151 [000000000000fe7f]
		DW_AT_external : DW_FORM_flag_present = true
		DW_AT_inline : DW_FORM_data1 = 1 [01]
 (DWARFFunctionImporter)  
ERROR Error when processing DWARF information for DIE 10311 (DWARFFunctionImporter) java.lang.NullPointerException: Cannot invoke "ghidra.app.util.bin.format.dwarf.DWARFRegisterMappings.getStackFrameRegisterOffset()" because the return value of "ghidra.app.util.bin.format.dwarf.DWARFProgram.getRegisterMappings()" is null
	at ghidra.app.util.bin.format.dwarf.DWARFFunction.read(DWARFFunction.java:108)
	at ghidra.app.util.bin.format.dwarf.DWARFFunctionImporter.processSubprogram(DWARFFunctionImporter.java:161)
	at ghidra.app.util.bin.format.dwarf.DWARFFunctionImporter.importFunctions(DWARFFunctionImporter.java:111)
	at ghidra.app.util.bin.format.dwarf.DWARFImporter.performImport(DWARFImporter.java:409)
	at ghidra.app.plugin.core.analysis.DWARFAnalyzer.added(DWARFAnalyzer.java:113)
	at ghidra.app.plugin.core.analysis.AnalysisScheduler.runAnalyzer(AnalysisScheduler.java:186)
	at ghidra.app.plugin.core.analysis.AnalysisTask.applyTo(AnalysisTask.java:37)
	at ghidra.app.plugin.core.analysis.AnalysisTask.applyTo(AnalysisTask.java:24)
	at ghidra.app.plugin.core.analysis.AutoAnalysisManager$AnalysisTaskWrapper.run(AutoAnalysisManager.java:660)
	at ghidra.app.plugin.core.analysis.AutoAnalysisManager.startAnalysis(AutoAnalysisManager.java:760)
	at ghidra.app.plugin.core.analysis.AutoAnalysisManager.startAnalysis(AutoAnalysisManager.java:639)
	at ghidra.app.plugin.core.analysis.AutoAnalysisManager.startAnalysis(AutoAnalysisManager.java:604)
	at ghidra.app.util.headless.HeadlessAnalyzer.analyzeProgram(HeadlessAnalyzer.java:1053)
	at ghidra.app.util.headless.HeadlessAnalyzer.processFileWithImport(HeadlessAnalyzer.java:1584)
	at ghidra.app.util.headless.HeadlessAnalyzer.processWithLoader(HeadlessAnalyzer.java:1744)
	at ghidra.app.util.headless.HeadlessAnalyzer.processWithImport(HeadlessAnalyzer.java:1685)
	at ghidra.app.util.headless.HeadlessAnalyzer.processWithImport(HeadlessAnalyzer.java:1769)
	at ghidra.app.util.headless.HeadlessAnalyzer.processLocal(HeadlessAnalyzer.java:462)
	at ghidra.app.util.headless.AnalyzeHeadless.launch(AnalyzeHeadless.java:199)
	at ghidra.GhidraLauncher.launch(GhidraLauncher.java:81)
	at ghidra.Ghidra.main(Ghidra.java:54)
 
INFO  DIE info:
DIEAgregrate of: DIE [0x10311], 
<1><10311>: DW_TAG_subprogram [abbrev 30, tag 46, index 5616, children 44]
		DW_AT_low_pc : DW_FORM_addr, addr v4 0x11038
		DW_AT_high_pc : DW_FORM_data4 = 904 [00000388]
		DW_AT_frame_base : DW_FORM_exprloc = [1]6e
		DW_AT_???? 8471 (0x2117) : DW_FORM_flag_present = true
		DW_AT_name : DW_FORM_strp = "benchmark_ncc8x8" (offset 0x3b38)
		DW_AT_decl_file : DW_FORM_data1 = 4 [04]
		DW_AT_decl_line : DW_FORM_data2 = 299 [012b]
		DW_AT_prototyped : DW_FORM_flag_present = true
		DW_AT_type : DW_FORM_ref4 = 67544 [00000000000107d8]
		DW_AT_external : DW_FORM_flag_present = true
 (DWARFFunctionImporter)  
ERROR Error when processing DWARF information for DIE 105cb (DWARFFunctionImporter) java.lang.NullPointerException: Cannot invoke "ghidra.app.util.bin.format.dwarf.DWARFRegisterMappings.getStackFrameRegisterOffset()" because the return value of "ghidra.app.util.bin.format.dwarf.DWARFProgram.getRegisterMappings()" is null
	at ghidra.app.util.bin.format.dwarf.DWARFFunction.read(DWARFFunction.java:108)
	at ghidra.app.util.bin.format.dwarf.DWARFFunctionImporter.processSubprogram(DWARFFunctionImporter.java:161)
	at ghidra.app.util.bin.format.dwarf.DWARFFunctionImporter.importFunctions(DWARFFunctionImporter.java:111)
	at ghidra.app.util.bin.format.dwarf.DWARFImporter.performImport(DWARFImporter.java:409)
	at ghidra.app.plugin.core.analysis.DWARFAnalyzer.added(DWARFAnalyzer.java:113)
	at ghidra.app.plugin.core.analysis.AnalysisScheduler.runAnalyzer(AnalysisScheduler.java:186)
	at ghidra.app.plugin.core.analysis.AnalysisTask.applyTo(AnalysisTask.java:37)
	at ghidra.app.plugin.core.analysis.AnalysisTask.applyTo(AnalysisTask.java:24)
	at ghidra.app.plugin.core.analysis.AutoAnalysisManager$AnalysisTaskWrapper.run(AutoAnalysisManager.java:660)
	at ghidra.app.plugin.core.analysis.AutoAnalysisManager.startAnalysis(AutoAnalysisManager.java:760)
	at ghidra.app.plugin.core.analysis.AutoAnalysisManager.startAnalysis(AutoAnalysisManager.java:639)
	at ghidra.app.plugin.core.analysis.AutoAnalysisManager.startAnalysis(AutoAnalysisManager.java:604)
	at ghidra.app.util.headless.HeadlessAnalyzer.analyzeProgram(HeadlessAnalyzer.java:1053)
	at ghidra.app.util.headless.HeadlessAnalyzer.processFileWithImport(HeadlessAnalyzer.java:1584)
	at ghidra.app.util.headless.HeadlessAnalyzer.processWithLoader(HeadlessAnalyzer.java:1744)
	at ghidra.app.util.headless.HeadlessAnalyzer.processWithImport(HeadlessAnalyzer.java:1685)
	at ghidra.app.util.headless.HeadlessAnalyzer.processWithImport(HeadlessAnalyzer.java:1769)
	at ghidra.app.util.headless.HeadlessAnalyzer.processLocal(HeadlessAnalyzer.java:462)
	at ghidra.app.util.headless.AnalyzeHeadless.launch(AnalyzeHeadless.java:199)
	at ghidra.GhidraLauncher.launch(GhidraLauncher.java:81)
	at ghidra.Ghidra.main(Ghidra.java:54)
 
INFO  DIE info:
DIEAgregrate of: DIE [0x105cb], 
<1><105cb>: DW_TAG_subprogram [abbrev 38, tag 46, index 5665, children 8]
		DW_AT_low_pc : DW_FORM_addr, addr v4 0x113c0
		DW_AT_high_pc : DW_FORM_data4 = 68 [00000044]
		DW_AT_frame_base : DW_FORM_exprloc = [1]6e
		DW_AT_???? 8471 (0x2117) : DW_FORM_flag_present = true
		DW_AT_name : DW_FORM_strp = "_HAP_debug_v2" (offset 0x13d3)
		DW_AT_decl_file : DW_FORM_data1 = 6 [06]
		DW_AT_decl_line : DW_FORM_data1 = 60 [3c]
		DW_AT_prototyped : DW_FORM_flag_present = true
 (DWARFFunctionImporter)  
ERROR Error when processing DWARF information for DIE 106a8 (DWARFFunctionImporter) java.lang.NullPointerException: Cannot invoke "ghidra.app.util.bin.format.dwarf.DWARFRegisterMappings.getStackFrameRegisterOffset()" because the return value of "ghidra.app.util.bin.format.dwarf.DWARFProgram.getRegisterMappings()" is null
	at ghidra.app.util.bin.format.dwarf.DWARFFunction.read(DWARFFunction.java:108)
	at ghidra.app.util.bin.format.dwarf.DWARFFunctionImporter.processSubprogram(DWARFFunctionImporter.java:161)
	at ghidra.app.util.bin.format.dwarf.DWARFFunctionImporter.importFunctions(DWARFFunctionImporter.java:111)
	at ghidra.app.util.bin.format.dwarf.DWARFImporter.performImport(DWARFImporter.java:409)
	at ghidra.app.plugin.core.analysis.DWARFAnalyzer.added(DWARFAnalyzer.java:113)
	at ghidra.app.plugin.core.analysis.AnalysisScheduler.runAnalyzer(AnalysisScheduler.java:186)
	at ghidra.app.plugin.core.analysis.AnalysisTask.applyTo(AnalysisTask.java:37)
	at ghidra.app.plugin.core.analysis.AnalysisTask.applyTo(AnalysisTask.java:24)
	at ghidra.app.plugin.core.analysis.AutoAnalysisManager$AnalysisTaskWrapper.run(AutoAnalysisManager.java:660)
	at ghidra.app.plugin.core.analysis.AutoAnalysisManager.startAnalysis(AutoAnalysisManager.java:760)
	at ghidra.app.plugin.core.analysis.AutoAnalysisManager.startAnalysis(AutoAnalysisManager.java:639)
	at ghidra.app.plugin.core.analysis.AutoAnalysisManager.startAnalysis(AutoAnalysisManager.java:604)
	at ghidra.app.util.headless.HeadlessAnalyzer.analyzeProgram(HeadlessAnalyzer.java:1053)
	at ghidra.app.util.headless.HeadlessAnalyzer.processFileWithImport(HeadlessAnalyzer.java:1584)
	at ghidra.app.util.headless.HeadlessAnalyzer.processWithLoader(HeadlessAnalyzer.java:1744)
	at ghidra.app.util.headless.HeadlessAnalyzer.processWithImport(HeadlessAnalyzer.java:1685)
	at ghidra.app.util.headless.HeadlessAnalyzer.processWithImport(HeadlessAnalyzer.java:1769)
	at ghidra.app.util.headless.HeadlessAnalyzer.processLocal(HeadlessAnalyzer.java:462)
	at ghidra.app.util.headless.AnalyzeHeadless.launch(AnalyzeHeadless.java:199)
	at ghidra.GhidraLauncher.launch(GhidraLauncher.java:81)
	at ghidra.Ghidra.main(Ghidra.java:54)
 
INFO  DIE info:
DIEAgregrate of: DIE [0x106a8], 
<1><106a8>: DW_TAG_subprogram [abbrev 38, tag 46, index 5693, children 20]
		DW_AT_low_pc : DW_FORM_addr, addr v4 0x11404
		DW_AT_high_pc : DW_FORM_data4 = 452 [000001c4]
		DW_AT_frame_base : DW_FORM_exprloc = [1]6e
		DW_AT_???? 8471 (0x2117) : DW_FORM_flag_present = true
		DW_AT_name : DW_FORM_strp = "ncc_callback" (offset 0x3b49)
		DW_AT_decl_file : DW_FORM_data1 = 4 [04]
		DW_AT_decl_line : DW_FORM_data1 = -12 or 244 [f4]
		DW_AT_prototyped : DW_FORM_flag_present = true
 (DWARFFunctionImporter)  
ERROR Error when processing DWARF information for DIE 10048 (DWARFFunctionImporter) java.lang.NullPointerException: Cannot invoke "ghidra.app.util.bin.format.dwarf.DWARFRegisterMappings.getStackFrameRegisterOffset()" because the return value of "ghidra.app.util.bin.format.dwarf.DWARFProgram.getRegisterMappings()" is null
	at ghidra.app.util.bin.format.dwarf.DWARFFunction.read(DWARFFunction.java:108)
	at ghidra.app.util.bin.format.dwarf.DWARFFunctionImporter.processSubprogram(DWARFFunctionImporter.java:161)
	at ghidra.app.util.bin.format.dwarf.DWARFFunctionImporter.importFunctions(DWARFFunctionImporter.java:111)
	at ghidra.app.util.bin.format.dwarf.DWARFImporter.performImport(DWARFImporter.java:409)
	at ghidra.app.plugin.core.analysis.DWARFAnalyzer.added(DWARFAnalyzer.java:113)
	at ghidra.app.plugin.core.analysis.AnalysisScheduler.runAnalyzer(AnalysisScheduler.java:186)
	at ghidra.app.plugin.core.analysis.AnalysisTask.applyTo(AnalysisTask.java:37)
	at ghidra.app.plugin.core.analysis.AnalysisTask.applyTo(AnalysisTask.java:24)
	at ghidra.app.plugin.core.analysis.AutoAnalysisManager$AnalysisTaskWrapper.run(AutoAnalysisManager.java:660)
	at ghidra.app.plugin.core.analysis.AutoAnalysisManager.startAnalysis(AutoAnalysisManager.java:760)
	at ghidra.app.plugin.core.analysis.AutoAnalysisManager.startAnalysis(AutoAnalysisManager.java:639)
	at ghidra.app.plugin.core.analysis.AutoAnalysisManager.startAnalysis(AutoAnalysisManager.java:604)
	at ghidra.app.util.headless.HeadlessAnalyzer.analyzeProgram(HeadlessAnalyzer.java:1053)
	at ghidra.app.util.headless.HeadlessAnalyzer.processFileWithImport(HeadlessAnalyzer.java:1584)
	at ghidra.app.util.headless.HeadlessAnalyzer.processWithLoader(HeadlessAnalyzer.java:1744)
	at ghidra.app.util.headless.HeadlessAnalyzer.processWithImport(HeadlessAnalyzer.java:1685)
	at ghidra.app.util.headless.HeadlessAnalyzer.processWithImport(HeadlessAnalyzer.java:1769)
	at ghidra.app.util.headless.HeadlessAnalyzer.processLocal(HeadlessAnalyzer.java:462)
	at ghidra.app.util.headless.AnalyzeHeadless.launch(AnalyzeHeadless.java:199)
	at ghidra.GhidraLauncher.launch(GhidraLauncher.java:81)
	at ghidra.Ghidra.main(Ghidra.java:54)
 
INFO  DIE info:
DIEAgregrate of: DIE [0x10048], 
<1><10048>: DW_TAG_subprogram [abbrev 16, tag 46, index 5553, children 37]
		DW_AT_low_pc : DW_FORM_addr, addr v4 0x10e5c
		DW_AT_high_pc : DW_FORM_data4 = 476 [000001dc]
		DW_AT_frame_base : DW_FORM_exprloc = [1]6e
		DW_AT_???? 8471 (0x2117) : DW_FORM_flag_present = true
		DW_AT_name : DW_FORM_strp = "fcvNCCPatchOnSquare8x8u8" (offset 0x3b1f)
		DW_AT_decl_file : DW_FORM_data1 = 4 [04]
		DW_AT_decl_line : DW_FORM_data1 = -110 or 146 [92]
		DW_AT_prototyped : DW_FORM_flag_present = true
		DW_AT_type : DW_FORM_ref4 = 65163 [000000000000fe8b]
		DW_AT_external : DW_FORM_flag_present = true
 (DWARFFunctionImporter)  
ERROR Error when processing DWARF information for DIE 10e10 (DWARFFunctionImporter) java.lang.NullPointerException: Cannot invoke "ghidra.app.util.bin.format.dwarf.DWARFRegisterMappings.getStackFrameRegisterOffset()" because the return value of "ghidra.app.util.bin.format.dwarf.DWARFProgram.getRegisterMappings()" is null
	at ghidra.app.util.bin.format.dwarf.DWARFFunction.read(DWARFFunction.java:108)
	at ghidra.app.util.bin.format.dwarf.DWARFFunctionImporter.processSubprogram(DWARFFunctionImporter.java:161)
	at ghidra.app.util.bin.format.dwarf.DWARFFunctionImporter.importFunctions(DWARFFunctionImporter.java:111)
	at ghidra.app.util.bin.format.dwarf.DWARFImporter.performImport(DWARFImporter.java:409)
	at ghidra.app.plugin.core.analysis.DWARFAnalyzer.added(DWARFAnalyzer.java:113)
	at ghidra.app.plugin.core.analysis.AnalysisScheduler.runAnalyzer(AnalysisScheduler.java:186)
	at ghidra.app.plugin.core.analysis.AnalysisTask.applyTo(AnalysisTask.java:37)
	at ghidra.app.plugin.core.analysis.AnalysisTask.applyTo(AnalysisTask.java:24)
	at ghidra.app.plugin.core.analysis.AutoAnalysisManager$AnalysisTaskWrapper.run(AutoAnalysisManager.java:660)
	at ghidra.app.plugin.core.analysis.AutoAnalysisManager.startAnalysis(AutoAnalysisManager.java:760)
	at ghidra.app.plugin.core.analysis.AutoAnalysisManager.startAnalysis(AutoAnalysisManager.java:639)
	at ghidra.app.plugin.core.analysis.AutoAnalysisManager.startAnalysis(AutoAnalysisManager.java:604)
	at ghidra.app.util.headless.HeadlessAnalyzer.analyzeProgram(HeadlessAnalyzer.java:1053)
	at ghidra.app.util.headless.HeadlessAnalyzer.processFileWithImport(HeadlessAnalyzer.java:1584)
	at ghidra.app.util.headless.HeadlessAnalyzer.processWithLoader(HeadlessAnalyzer.java:1744)
	at ghidra.app.util.headless.HeadlessAnalyzer.processWithImport(HeadlessAnalyzer.java:1685)
	at ghidra.app.util.headless.HeadlessAnalyzer.processWithImport(HeadlessAnalyzer.java:1769)
	at ghidra.app.util.headless.HeadlessAnalyzer.processLocal(HeadlessAnalyzer.java:462)
	at ghidra.app.util.headless.AnalyzeHeadless.launch(AnalyzeHeadless.java:199)
	at ghidra.GhidraLauncher.launch(GhidraLauncher.java:81)
	at ghidra.Ghidra.main(Ghidra.java:54)
 
INFO  DIE info:
DIEAgregrate of: DIE [0x10e10], 
<1><10e10>: DW_TAG_subprogram [abbrev 16, tag 46, index 5792, children 28]
		DW_AT_low_pc : DW_FORM_addr, addr v4 0x11de0
		DW_AT_high_pc : DW_FORM_data4 = 636 [0000027c]
		DW_AT_frame_base : DW_FORM_exprloc = [1]6e
		DW_AT_???? 8471 (0x2117) : DW_FORM_flag_present = true
		DW_AT_name : DW_FORM_strp = "benchmark_boxfilter11x11" (offset 0x3da9)
		DW_AT_decl_file : DW_FORM_data1 = 1 [01]
		DW_AT_decl_line : DW_FORM_data1 = -80 or 176 [b0]
		DW_AT_prototyped : DW_FORM_flag_present = true
		DW_AT_type : DW_FORM_ref4 = 70357 [00000000000112d5]
		DW_AT_external : DW_FORM_flag_present = true
 (DWARFFunctionImporter)  
ERROR Error when processing DWARF information for DIE 10fd8 (DWARFFunctionImporter) java.lang.NullPointerException: Cannot invoke "ghidra.app.util.bin.format.dwarf.DWARFRegisterMappings.getStackFrameRegisterOffset()" because the return value of "ghidra.app.util.bin.format.dwarf.DWARFProgram.getRegisterMappings()" is null
	at ghidra.app.util.bin.format.dwarf.DWARFFunction.read(DWARFFunction.java:108)
	at ghidra.app.util.bin.format.dwarf.DWARFFunctionImporter.processSubprogram(DWARFFunctionImporter.java:161)
	at ghidra.app.util.bin.format.dwarf.DWARFFunctionImporter.importFunctions(DWARFFunctionImporter.java:111)
	at ghidra.app.util.bin.format.dwarf.DWARFImporter.performImport(DWARFImporter.java:409)
	at ghidra.app.plugin.core.analysis.DWARFAnalyzer.added(DWARFAnalyzer.java:113)
	at ghidra.app.plugin.core.analysis.AnalysisScheduler.runAnalyzer(AnalysisScheduler.java:186)
	at ghidra.app.plugin.core.analysis.AnalysisTask.applyTo(AnalysisTask.java:37)
	at ghidra.app.plugin.core.analysis.AnalysisTask.applyTo(AnalysisTask.java:24)
	at ghidra.app.plugin.core.analysis.AutoAnalysisManager$AnalysisTaskWrapper.run(AutoAnalysisManager.java:660)
	at ghidra.app.plugin.core.analysis.AutoAnalysisManager.startAnalysis(AutoAnalysisManager.java:760)
	at ghidra.app.plugin.core.analysis.AutoAnalysisManager.startAnalysis(AutoAnalysisManager.java:639)
	at ghidra.app.plugin.core.analysis.AutoAnalysisManager.startAnalysis(AutoAnalysisManager.java:604)
	at ghidra.app.util.headless.HeadlessAnalyzer.analyzeProgram(HeadlessAnalyzer.java:1053)
	at ghidra.app.util.headless.HeadlessAnalyzer.processFileWithImport(HeadlessAnalyzer.java:1584)
	at ghidra.app.util.headless.HeadlessAnalyzer.processWithLoader(HeadlessAnalyzer.java:1744)
	at ghidra.app.util.headless.HeadlessAnalyzer.processWithImport(HeadlessAnalyzer.java:1685)
	at ghidra.app.util.headless.HeadlessAnalyzer.processWithImport(HeadlessAnalyzer.java:1769)
	at ghidra.app.util.headless.HeadlessAnalyzer.processLocal(HeadlessAnalyzer.java:462)
	at ghidra.app.util.headless.AnalyzeHeadless.launch(AnalyzeHeadless.java:199)
	at ghidra.GhidraLauncher.launch(GhidraLauncher.java:81)
	at ghidra.Ghidra.main(Ghidra.java:54)
 
INFO  DIE info:
DIEAgregrate of: DIE [0x10fd8], 
<1><10fd8>: DW_TAG_subprogram [abbrev 25, tag 46, index 5826, children 8]
		DW_AT_low_pc : DW_FORM_addr, addr v4 0x1205c
		DW_AT_high_pc : DW_FORM_data4 = 68 [00000044]
		DW_AT_frame_base : DW_FORM_exprloc = [1]6e
		DW_AT_???? 8471 (0x2117) : DW_FORM_flag_present = true
		DW_AT_name : DW_FORM_strp = "_HAP_debug_v2" (offset 0x13d3)
		DW_AT_decl_file : DW_FORM_data1 = 7 [07]
		DW_AT_decl_line : DW_FORM_data1 = 60 [3c]
		DW_AT_prototyped : DW_FORM_flag_present = true
 (DWARFFunctionImporter)  
ERROR Error when processing DWARF information for DIE 110d4 (DWARFFunctionImporter) java.lang.NullPointerException: Cannot invoke "ghidra.app.util.bin.format.dwarf.DWARFRegisterMappings.getStackFrameRegisterOffset()" because the return value of "ghidra.app.util.bin.format.dwarf.DWARFProgram.getRegisterMappings()" is null
	at ghidra.app.util.bin.format.dwarf.DWARFFunction.read(DWARFFunction.java:108)
	at ghidra.app.util.bin.format.dwarf.DWARFFunctionImporter.processSubprogram(DWARFFunctionImporter.java:161)
	at ghidra.app.util.bin.format.dwarf.DWARFFunctionImporter.importFunctions(DWARFFunctionImporter.java:111)
	at ghidra.app.util.bin.format.dwarf.DWARFImporter.performImport(DWARFImporter.java:409)
	at ghidra.app.plugin.core.analysis.DWARFAnalyzer.added(DWARFAnalyzer.java:113)
	at ghidra.app.plugin.core.analysis.AnalysisScheduler.runAnalyzer(AnalysisScheduler.java:186)
	at ghidra.app.plugin.core.analysis.AnalysisTask.applyTo(AnalysisTask.java:37)
	at ghidra.app.plugin.core.analysis.AnalysisTask.applyTo(AnalysisTask.java:24)
	at ghidra.app.plugin.core.analysis.AutoAnalysisManager$AnalysisTaskWrapper.run(AutoAnalysisManager.java:660)
	at ghidra.app.plugin.core.analysis.AutoAnalysisManager.startAnalysis(AutoAnalysisManager.java:760)
	at ghidra.app.plugin.core.analysis.AutoAnalysisManager.startAnalysis(AutoAnalysisManager.java:639)
	at ghidra.app.plugin.core.analysis.AutoAnalysisManager.startAnalysis(AutoAnalysisManager.java:604)
	at ghidra.app.util.headless.HeadlessAnalyzer.analyzeProgram(HeadlessAnalyzer.java:1053)
	at ghidra.app.util.headless.HeadlessAnalyzer.processFileWithImport(HeadlessAnalyzer.java:1584)
	at ghidra.app.util.headless.HeadlessAnalyzer.processWithLoader(HeadlessAnalyzer.java:1744)
	at ghidra.app.util.headless.HeadlessAnalyzer.processWithImport(HeadlessAnalyzer.java:1685)
	at ghidra.app.util.headless.HeadlessAnalyzer.processWithImport(HeadlessAnalyzer.java:1769)
	at ghidra.app.util.headless.HeadlessAnalyzer.processLocal(HeadlessAnalyzer.java:462)
	at ghidra.app.util.headless.AnalyzeHeadless.launch(AnalyzeHeadless.java:199)
	at ghidra.GhidraLauncher.launch(GhidraLauncher.java:81)
	at ghidra.Ghidra.main(Ghidra.java:54)
 
INFO  DIE info:
DIEAgregrate of: DIE [0x110d4], 
<1><110d4>: DW_TAG_subprogram [abbrev 25, tag 46, index 5857, children 27]
		DW_AT_low_pc : DW_FORM_addr, addr v4 0x120a0
		DW_AT_high_pc : DW_FORM_data4 = 560 [00000230]
		DW_AT_frame_base : DW_FORM_exprloc = [1]6e
		DW_AT_???? 8471 (0x2117) : DW_FORM_flag_present = true
		DW_AT_name : DW_FORM_strp = "boxfilter11x11_callback" (offset 0x3dc2)
		DW_AT_decl_file : DW_FORM_data1 = 1 [01]
		DW_AT_decl_line : DW_FORM_data1 = 111 [6f]
		DW_AT_prototyped : DW_FORM_flag_present = true
 (DWARFFunctionImporter)  
ERROR Error when processing DWARF information for DIE 11c3b (DWARFFunctionImporter) java.lang.NullPointerException: Cannot invoke "ghidra.app.util.bin.format.dwarf.DWARFRegisterMappings.getStackFrameRegisterOffset()" because the return value of "ghidra.app.util.bin.format.dwarf.DWARFProgram.getRegisterMappings()" is null
	at ghidra.app.util.bin.format.dwarf.DWARFFunction.read(DWARFFunction.java:108)
	at ghidra.app.util.bin.format.dwarf.DWARFFunctionImporter.processSubprogram(DWARFFunctionImporter.java:161)
	at ghidra.app.util.bin.format.dwarf.DWARFFunctionImporter.importFunctions(DWARFFunctionImporter.java:111)
	at ghidra.app.util.bin.format.dwarf.DWARFImporter.performImport(DWARFImporter.java:409)
	at ghidra.app.plugin.core.analysis.DWARFAnalyzer.added(DWARFAnalyzer.java:113)
	at ghidra.app.plugin.core.analysis.AnalysisScheduler.runAnalyzer(AnalysisScheduler.java:186)
	at ghidra.app.plugin.core.analysis.AnalysisTask.applyTo(AnalysisTask.java:37)
	at ghidra.app.plugin.core.analysis.AnalysisTask.applyTo(AnalysisTask.java:24)
	at ghidra.app.plugin.core.analysis.AutoAnalysisManager$AnalysisTaskWrapper.run(AutoAnalysisManager.java:660)
	at ghidra.app.plugin.core.analysis.AutoAnalysisManager.startAnalysis(AutoAnalysisManager.java:760)
	at ghidra.app.plugin.core.analysis.AutoAnalysisManager.startAnalysis(AutoAnalysisManager.java:639)
	at ghidra.app.plugin.core.analysis.AutoAnalysisManager.startAnalysis(AutoAnalysisManager.java:604)
	at ghidra.app.util.headless.HeadlessAnalyzer.analyzeProgram(HeadlessAnalyzer.java:1053)
	at ghidra.app.util.headless.HeadlessAnalyzer.processFileWithImport(HeadlessAnalyzer.java:1584)
	at ghidra.app.util.headless.HeadlessAnalyzer.processWithLoader(HeadlessAnalyzer.java:1744)
	at ghidra.app.util.headless.HeadlessAnalyzer.processWithImport(HeadlessAnalyzer.java:1685)
	at ghidra.app.util.headless.HeadlessAnalyzer.processWithImport(HeadlessAnalyzer.java:1769)
	at ghidra.app.util.headless.HeadlessAnalyzer.processLocal(HeadlessAnalyzer.java:462)
	at ghidra.app.util.headless.AnalyzeHeadless.launch(AnalyzeHeadless.java:199)
	at ghidra.GhidraLauncher.launch(GhidraLauncher.java:81)
	at ghidra.Ghidra.main(Ghidra.java:54)
 
INFO  DIE info:
DIEAgregrate of: DIE [0x11c3b], DIE [0x12040], 
<1><11c3b>: DW_TAG_subprogram [abbrev 12, tag 46, index 5977, children 5]
		DW_AT_low_pc : DW_FORM_addr, addr v4 0x12820
		DW_AT_high_pc : DW_FORM_data4 = 136 [00000088]
		DW_AT_frame_base : DW_FORM_exprloc = [1]6d
		DW_AT_???? 8471 (0x2117) : DW_FORM_flag_present = true
		DW_AT_abstract_origin : DW_FORM_ref4 = 73792 [0000000000012040]
<1><12040>: DW_TAG_subprogram [abbrev 39, tag 46, index 6071, children 5]
		DW_AT_name : DW_FORM_strp = "sortHarris" (offset 0x3eaf)
		DW_AT_decl_file : DW_FORM_data1 = 4 [04]
		DW_AT_decl_line : DW_FORM_data1 = 90 [5a]
		DW_AT_prototyped : DW_FORM_flag_present = true
		DW_AT_external : DW_FORM_flag_present = true
		DW_AT_inline : DW_FORM_data1 = 1 [01]
 (DWARFFunctionImporter)  
ERROR Error when processing DWARF information for DIE 11c88 (DWARFFunctionImporter) java.lang.NullPointerException: Cannot invoke "ghidra.app.util.bin.format.dwarf.DWARFRegisterMappings.getStackFrameRegisterOffset()" because the return value of "ghidra.app.util.bin.format.dwarf.DWARFProgram.getRegisterMappings()" is null
	at ghidra.app.util.bin.format.dwarf.DWARFFunction.read(DWARFFunction.java:108)
	at ghidra.app.util.bin.format.dwarf.DWARFFunctionImporter.processSubprogram(DWARFFunctionImporter.java:161)
	at ghidra.app.util.bin.format.dwarf.DWARFFunctionImporter.importFunctions(DWARFFunctionImporter.java:111)
	at ghidra.app.util.bin.format.dwarf.DWARFImporter.performImport(DWARFImporter.java:409)
	at ghidra.app.plugin.core.analysis.DWARFAnalyzer.added(DWARFAnalyzer.java:113)
	at ghidra.app.plugin.core.analysis.AnalysisScheduler.runAnalyzer(AnalysisScheduler.java:186)
	at ghidra.app.plugin.core.analysis.AnalysisTask.applyTo(AnalysisTask.java:37)
	at ghidra.app.plugin.core.analysis.AnalysisTask.applyTo(AnalysisTask.java:24)
	at ghidra.app.plugin.core.analysis.AutoAnalysisManager$AnalysisTaskWrapper.run(AutoAnalysisManager.java:660)
	at ghidra.app.plugin.core.analysis.AutoAnalysisManager.startAnalysis(AutoAnalysisManager.java:760)
	at ghidra.app.plugin.core.analysis.AutoAnalysisManager.startAnalysis(AutoAnalysisManager.java:639)
	at ghidra.app.plugin.core.analysis.AutoAnalysisManager.startAnalysis(AutoAnalysisManager.java:604)
	at ghidra.app.util.headless.HeadlessAnalyzer.analyzeProgram(HeadlessAnalyzer.java:1053)
	at ghidra.app.util.headless.HeadlessAnalyzer.processFileWithImport(HeadlessAnalyzer.java:1584)
	at ghidra.app.util.headless.HeadlessAnalyzer.processWithLoader(HeadlessAnalyzer.java:1744)
	at ghidra.app.util.headless.HeadlessAnalyzer.processWithImport(HeadlessAnalyzer.java:1685)
	at ghidra.app.util.headless.HeadlessAnalyzer.processWithImport(HeadlessAnalyzer.java:1769)
	at ghidra.app.util.headless.HeadlessAnalyzer.processLocal(HeadlessAnalyzer.java:462)
	at ghidra.app.util.headless.AnalyzeHeadless.launch(AnalyzeHeadless.java:199)
	at ghidra.GhidraLauncher.launch(GhidraLauncher.java:81)
	at ghidra.Ghidra.main(Ghidra.java:54)
 
INFO  DIE info:
DIEAgregrate of: DIE [0x11c88], 
<1><11c88>: DW_TAG_subprogram [abbrev 18, tag 46, index 5985, children 35]
		DW_AT_low_pc : DW_FORM_addr, addr v4 0x128a8
		DW_AT_high_pc : DW_FORM_data4 = 928 [000003a0]
		DW_AT_frame_base : DW_FORM_exprloc = [1]6e
		DW_AT_???? 8471 (0x2117) : DW_FORM_flag_present = true
		DW_AT_name : DW_FORM_strp = "benchmark_harriscorner" (offset 0x3ef2)
		DW_AT_decl_file : DW_FORM_data1 = 4 [04]
		DW_AT_decl_line : DW_FORM_data2 = 281 [0119]
		DW_AT_prototyped : DW_FORM_flag_present = true
		DW_AT_type : DW_FORM_ref4 = 74928 [00000000000124b0]
		DW_AT_external : DW_FORM_flag_present = true
 (DWARFFunctionImporter)  
ERROR Error when processing DWARF information for DIE 11f1d (DWARFFunctionImporter) java.lang.NullPointerException: Cannot invoke "ghidra.app.util.bin.format.dwarf.DWARFRegisterMappings.getStackFrameRegisterOffset()" because the return value of "ghidra.app.util.bin.format.dwarf.DWARFProgram.getRegisterMappings()" is null
	at ghidra.app.util.bin.format.dwarf.DWARFFunction.read(DWARFFunction.java:108)
	at ghidra.app.util.bin.format.dwarf.DWARFFunctionImporter.processSubprogram(DWARFFunctionImporter.java:161)
	at ghidra.app.util.bin.format.dwarf.DWARFFunctionImporter.importFunctions(DWARFFunctionImporter.java:111)
	at ghidra.app.util.bin.format.dwarf.DWARFImporter.performImport(DWARFImporter.java:409)
	at ghidra.app.plugin.core.analysis.DWARFAnalyzer.added(DWARFAnalyzer.java:113)
	at ghidra.app.plugin.core.analysis.AnalysisScheduler.runAnalyzer(AnalysisScheduler.java:186)
	at ghidra.app.plugin.core.analysis.AnalysisTask.applyTo(AnalysisTask.java:37)
	at ghidra.app.plugin.core.analysis.AnalysisTask.applyTo(AnalysisTask.java:24)
	at ghidra.app.plugin.core.analysis.AutoAnalysisManager$AnalysisTaskWrapper.run(AutoAnalysisManager.java:660)
	at ghidra.app.plugin.core.analysis.AutoAnalysisManager.startAnalysis(AutoAnalysisManager.java:760)
	at ghidra.app.plugin.core.analysis.AutoAnalysisManager.startAnalysis(AutoAnalysisManager.java:639)
	at ghidra.app.plugin.core.analysis.AutoAnalysisManager.startAnalysis(AutoAnalysisManager.java:604)
	at ghidra.app.util.headless.HeadlessAnalyzer.analyzeProgram(HeadlessAnalyzer.java:1053)
	at ghidra.app.util.headless.HeadlessAnalyzer.processFileWithImport(HeadlessAnalyzer.java:1584)
	at ghidra.app.util.headless.HeadlessAnalyzer.processWithLoader(HeadlessAnalyzer.java:1744)
	at ghidra.app.util.headless.HeadlessAnalyzer.processWithImport(HeadlessAnalyzer.java:1685)
	at ghidra.app.util.headless.HeadlessAnalyzer.processWithImport(HeadlessAnalyzer.java:1769)
	at ghidra.app.util.headless.HeadlessAnalyzer.processLocal(HeadlessAnalyzer.java:462)
	at ghidra.app.util.headless.AnalyzeHeadless.launch(AnalyzeHeadless.java:199)
	at ghidra.GhidraLauncher.launch(GhidraLauncher.java:81)
	at ghidra.Ghidra.main(Ghidra.java:54)
 
INFO  DIE info:
DIEAgregrate of: DIE [0x11f1d], 
<1><11f1d>: DW_TAG_subprogram [abbrev 26, tag 46, index 6033, children 8]
		DW_AT_low_pc : DW_FORM_addr, addr v4 0x12c48
		DW_AT_high_pc : DW_FORM_data4 = 68 [00000044]
		DW_AT_frame_base : DW_FORM_exprloc = [1]6e
		DW_AT_???? 8471 (0x2117) : DW_FORM_flag_present = true
		DW_AT_name : DW_FORM_strp = "_HAP_debug_v2" (offset 0x13d3)
		DW_AT_decl_file : DW_FORM_data1 = 8 [08]
		DW_AT_decl_line : DW_FORM_data1 = 60 [3c]
		DW_AT_prototyped : DW_FORM_flag_present = true
 (DWARFFunctionImporter)  
ERROR Error when processing DWARF information for DIE 12080 (DWARFFunctionImporter) java.lang.NullPointerException: Cannot invoke "ghidra.app.util.bin.format.dwarf.DWARFRegisterMappings.getStackFrameRegisterOffset()" because the return value of "ghidra.app.util.bin.format.dwarf.DWARFProgram.getRegisterMappings()" is null
	at ghidra.app.util.bin.format.dwarf.DWARFFunction.read(DWARFFunction.java:108)
	at ghidra.app.util.bin.format.dwarf.DWARFFunctionImporter.processSubprogram(DWARFFunctionImporter.java:161)
	at ghidra.app.util.bin.format.dwarf.DWARFFunctionImporter.importFunctions(DWARFFunctionImporter.java:111)
	at ghidra.app.util.bin.format.dwarf.DWARFImporter.performImport(DWARFImporter.java:409)
	at ghidra.app.plugin.core.analysis.DWARFAnalyzer.added(DWARFAnalyzer.java:113)
	at ghidra.app.plugin.core.analysis.AnalysisScheduler.runAnalyzer(AnalysisScheduler.java:186)
	at ghidra.app.plugin.core.analysis.AnalysisTask.applyTo(AnalysisTask.java:37)
	at ghidra.app.plugin.core.analysis.AnalysisTask.applyTo(AnalysisTask.java:24)
	at ghidra.app.plugin.core.analysis.AutoAnalysisManager$AnalysisTaskWrapper.run(AutoAnalysisManager.java:660)
	at ghidra.app.plugin.core.analysis.AutoAnalysisManager.startAnalysis(AutoAnalysisManager.java:760)
	at ghidra.app.plugin.core.analysis.AutoAnalysisManager.startAnalysis(AutoAnalysisManager.java:639)
	at ghidra.app.plugin.core.analysis.AutoAnalysisManager.startAnalysis(AutoAnalysisManager.java:604)
	at ghidra.app.util.headless.HeadlessAnalyzer.analyzeProgram(HeadlessAnalyzer.java:1053)
	at ghidra.app.util.headless.HeadlessAnalyzer.processFileWithImport(HeadlessAnalyzer.java:1584)
	at ghidra.app.util.headless.HeadlessAnalyzer.processWithLoader(HeadlessAnalyzer.java:1744)
	at ghidra.app.util.headless.HeadlessAnalyzer.processWithImport(HeadlessAnalyzer.java:1685)
	at ghidra.app.util.headless.HeadlessAnalyzer.processWithImport(HeadlessAnalyzer.java:1769)
	at ghidra.app.util.headless.HeadlessAnalyzer.processLocal(HeadlessAnalyzer.java:462)
	at ghidra.app.util.headless.AnalyzeHeadless.launch(AnalyzeHeadless.java:199)
	at ghidra.GhidraLauncher.launch(GhidraLauncher.java:81)
	at ghidra.Ghidra.main(Ghidra.java:54)
 
INFO  DIE info:
DIEAgregrate of: DIE [0x12080], 
<1><12080>: DW_TAG_subprogram [abbrev 26, tag 46, index 6077, children 53]
		DW_AT_low_pc : DW_FORM_addr, addr v4 0x12c8c
		DW_AT_high_pc : DW_FORM_data4 = 1360 [00000550]
		DW_AT_frame_base : DW_FORM_exprloc = [1]6e
		DW_AT_???? 8471 (0x2117) : DW_FORM_flag_present = true
		DW_AT_name : DW_FORM_strp = "harriscorner_callback" (offset 0x3f09)
		DW_AT_decl_file : DW_FORM_data1 = 4 [04]
		DW_AT_decl_line : DW_FORM_data1 = -119 or 137 [89]
		DW_AT_prototyped : DW_FORM_flag_present = true
 (DWARFFunctionImporter)  
ERROR Error when processing DWARF information for DIE 15fe2 (DWARFFunctionImporter) java.lang.NullPointerException: Cannot invoke "ghidra.app.util.bin.format.dwarf.DWARFRegisterMappings.getStackFrameRegisterOffset()" because the return value of "ghidra.app.util.bin.format.dwarf.DWARFProgram.getRegisterMappings()" is null
	at ghidra.app.util.bin.format.dwarf.DWARFFunction.read(DWARFFunction.java:108)
	at ghidra.app.util.bin.format.dwarf.DWARFFunctionImporter.processSubprogram(DWARFFunctionImporter.java:161)
	at ghidra.app.util.bin.format.dwarf.DWARFFunctionImporter.importFunctions(DWARFFunctionImporter.java:111)
	at ghidra.app.util.bin.format.dwarf.DWARFImporter.performImport(DWARFImporter.java:409)
	at ghidra.app.plugin.core.analysis.DWARFAnalyzer.added(DWARFAnalyzer.java:113)
	at ghidra.app.plugin.core.analysis.AnalysisScheduler.runAnalyzer(AnalysisScheduler.java:186)
	at ghidra.app.plugin.core.analysis.AnalysisTask.applyTo(AnalysisTask.java:37)
	at ghidra.app.plugin.core.analysis.AnalysisTask.applyTo(AnalysisTask.java:24)
	at ghidra.app.plugin.core.analysis.AutoAnalysisManager$AnalysisTaskWrapper.run(AutoAnalysisManager.java:660)
	at ghidra.app.plugin.core.analysis.AutoAnalysisManager.startAnalysis(AutoAnalysisManager.java:760)
	at ghidra.app.plugin.core.analysis.AutoAnalysisManager.startAnalysis(AutoAnalysisManager.java:639)
	at ghidra.app.plugin.core.analysis.AutoAnalysisManager.startAnalysis(AutoAnalysisManager.java:604)
	at ghidra.app.util.headless.HeadlessAnalyzer.analyzeProgram(HeadlessAnalyzer.java:1053)
	at ghidra.app.util.headless.HeadlessAnalyzer.processFileWithImport(HeadlessAnalyzer.java:1584)
	at ghidra.app.util.headless.HeadlessAnalyzer.processWithLoader(HeadlessAnalyzer.java:1744)
	at ghidra.app.util.headless.HeadlessAnalyzer.processWithImport(HeadlessAnalyzer.java:1685)
	at ghidra.app.util.headless.HeadlessAnalyzer.processWithImport(HeadlessAnalyzer.java:1769)
	at ghidra.app.util.headless.HeadlessAnalyzer.processLocal(HeadlessAnalyzer.java:462)
	at ghidra.app.util.headless.AnalyzeHeadless.launch(AnalyzeHeadless.java:199)
	at ghidra.GhidraLauncher.launch(GhidraLauncher.java:81)
	at ghidra.Ghidra.main(Ghidra.java:54)
 
INFO  DIE info:
DIEAgregrate of: DIE [0x15fe2], 
<1><15fe2>: DW_TAG_subprogram [abbrev 31, tag 46, index 7782, children 35]
		DW_AT_low_pc : DW_FORM_addr, addr v4 0x131dc
		DW_AT_high_pc : DW_FORM_data4 = 13844 [00003614]
		DW_AT_frame_base : DW_FORM_exprloc = [1]6e
		DW_AT_???? 8471 (0x2117) : DW_FORM_flag_present = true
		DW_AT_name : DW_FORM_strp = "benchmark_skel_handle_invoke" (offset 0x478a)
		DW_AT_decl_file : DW_FORM_data1 = 1 [01]
		DW_AT_decl_line : DW_FORM_data2 = 1305 [0519]
		DW_AT_prototyped : DW_FORM_flag_present = true
		DW_AT_type : DW_FORM_ref4 = 75228 [00000000000125dc]
		DW_AT_external : DW_FORM_flag_present = true
 (DWARFFunctionImporter)  
INFO  Added 9031 source map entries (DWARFImporter)  
INFO  DWARF ver[4], 50 compUnits, 8446 DIES, import - total elapsed: 403ms (DWARFImportSummary)  
INFO  DWARF data type import - elapsed: 135ms (DWARFImportSummary)  
INFO  DWARF func & symbol import - elapsed: 84ms (DWARFImportSummary)  
INFO  DWARF types imported: 314 (DWARFImportSummary)  
INFO  DWARF enums from macros - elapsed: 1ms (DWARFImportSummary)  
INFO  DWARF compile dirs: [/local/mnt/workspace/CRMBuilds/CDSP.HT.2.9.c1-00078-HAMOA-1_20251101_183151/b/cdsp_proc/build/ms] (DWARFImportSummary)  
INFO  DWARF producers: [QuIC LLVM Hexagon Clang version 8.6.06] (DWARFImportSummary)  
INFO  DWARF source languages: [DW_LANG_C99, DW_LANG_Mips_Assembler] (DWARFImportSummary)  
INFO  DWARF compUnit: /local/mnt/workspace/CRMBuilds/CDSP.HT.2.9.c1-00078-HAMOA-1_20251101_183151/b/cdsp_proc/performance/dspperfapp/build/shared_libs/qdsp6/hamoa.cdsp.prod/timestamp_libbenchmark_skel.c (DWARFImportSummary)  
INFO  DWARF compUnit: /local/mnt/workspace/CRMBuilds/CDSP.HT.2.9.c1-00078-HAMOA-1_20251101_183151/b/cdsp_proc/performance/dspperfapp/src/hexagon/benchmark/benchmark_version.c (DWARFImportSummary)  
INFO  DWARF compUnit: /local/mnt/workspace/CRMBuilds/CDSP.HT.2.9.c1-00078-HAMOA-1_20251101_183151/b/cdsp_proc/performance/dspperfapp/src/hexagon/hmx_conv3x3.S (DWARFImportSummary)  
INFO  DWARF compUnit: /local/mnt/workspace/CRMBuilds/CDSP.HT.2.9.c1-00078-HAMOA-1_20251101_183151/b/cdsp_proc/performance/dspperfapp/src/hexagon/benchmark/benchmark_imp.c (DWARFImportSummary)  
INFO  DWARF compUnit: /local/mnt/workspace/CRMBuilds/CDSP.HT.2.9.c1-00078-HAMOA-1_20251101_183151/b/cdsp_proc/performance/dspperfapp/src/hexagon/benchmark/bilateral.S (DWARFImportSummary)  
INFO  DWARF compUnit: /local/mnt/workspace/CRMBuilds/CDSP.HT.2.9.c1-00078-HAMOA-1_20251101_183151/b/cdsp_proc/performance/dspperfapp/src/hexagon/benchmark/bilateral_imp.c (DWARFImportSummary)  
INFO  DWARF compUnit: /local/mnt/workspace/CRMBuilds/CDSP.HT.2.9.c1-00078-HAMOA-1_20251101_183151/b/cdsp_proc/performance/dspperfapp/src/hexagon/benchmark/bilateral_v60_imp.c (DWARFImportSummary)  
INFO  DWARF compUnit: /local/mnt/workspace/CRMBuilds/CDSP.HT.2.9.c1-00078-HAMOA-1_20251101_183151/b/cdsp_proc/performance/dspperfapp/src/hexagon/benchmark/bilateral_v65.S (DWARFImportSummary)  
INFO  DWARF compUnit: /local/mnt/workspace/CRMBuilds/CDSP.HT.2.9.c1-00078-HAMOA-1_20251101_183151/b/cdsp_proc/performance/dspperfapp/src/hexagon/benchmark/conv3x3a32_asm.S (DWARFImportSummary)  
INFO  DWARF compUnit: /local/mnt/workspace/CRMBuilds/CDSP.HT.2.9.c1-00078-HAMOA-1_20251101_183151/b/cdsp_proc/performance/dspperfapp/src/hexagon/benchmark/conv3x3a32_imp.c (DWARFImportSummary)  
INFO  DWARF compUnit: /local/mnt/workspace/CRMBuilds/CDSP.HT.2.9.c1-00078-HAMOA-1_20251101_183151/b/cdsp_proc/performance/dspperfapp/src/hexagon/benchmark/convdw_imp.c (DWARFImportSummary)  
INFO  DWARF compUnit: /local/mnt/workspace/CRMBuilds/CDSP.HT.2.9.c1-00078-HAMOA-1_20251101_183151/b/cdsp_proc/performance/dspperfapp/src/hexagon/benchmark/convdw_hvx.S (DWARFImportSummary)  
INFO  DWARF compUnit: /local/mnt/workspace/CRMBuilds/CDSP.HT.2.9.c1-00078-HAMOA-1_20251101_183151/b/cdsp_proc/performance/dspperfapp/src/hexagon/benchmark/crash10_imp.c (DWARFImportSummary)  
INFO  DWARF compUnit: /local/mnt/workspace/CRMBuilds/CDSP.HT.2.9.c1-00078-HAMOA-1_20251101_183151/b/cdsp_proc/performance/dspperfapp/src/hexagon/benchmark/dhrystone_imp.c (DWARFImportSummary)  
INFO  DWARF compUnit: /local/mnt/workspace/CRMBuilds/CDSP.HT.2.9.c1-00078-HAMOA-1_20251101_183151/b/cdsp_proc/performance/dspperfapp/src/hexagon/benchmark/dhry_1.c (DWARFImportSummary)  
INFO  DWARF compUnit: /local/mnt/workspace/CRMBuilds/CDSP.HT.2.9.c1-00078-HAMOA-1_20251101_183151/b/cdsp_proc/performance/dspperfapp/src/hexagon/benchmark/dhry_2.c (DWARFImportSummary)  
INFO  DWARF compUnit: /local/mnt/workspace/CRMBuilds/CDSP.HT.2.9.c1-00078-HAMOA-1_20251101_183151/b/cdsp_proc/performance/dspperfapp/src/hexagon/benchmark/dilate3x3_asm.S (DWARFImportSummary)  
INFO  DWARF compUnit: /local/mnt/workspace/CRMBuilds/CDSP.HT.2.9.c1-00078-HAMOA-1_20251101_183151/b/cdsp_proc/performance/dspperfapp/src/hexagon/benchmark/dilate3x3_imp.c (DWARFImportSummary)  
INFO  DWARF compUnit: /local/mnt/workspace/CRMBuilds/CDSP.HT.2.9.c1-00078-HAMOA-1_20251101_183151/b/cdsp_proc/performance/dspperfapp/src/hexagon/benchmark/dilate5x5_asm.S (DWARFImportSummary)  
INFO  DWARF compUnit: /local/mnt/workspace/CRMBuilds/CDSP.HT.2.9.c1-00078-HAMOA-1_20251101_183151/b/cdsp_proc/performance/dspperfapp/src/hexagon/benchmark/dilate5x5_imp.c (DWARFImportSummary)  
INFO  DWARF compUnit: /local/mnt/workspace/CRMBuilds/CDSP.HT.2.9.c1-00078-HAMOA-1_20251101_183151/b/cdsp_proc/performance/dspperfapp/src/hexagon/benchmark/dwconv_3x3s1_v69.S (DWARFImportSummary)  
INFO  DWARF compUnit: /local/mnt/workspace/CRMBuilds/CDSP.HT.2.9.c1-00078-HAMOA-1_20251101_183151/b/cdsp_proc/performance/dspperfapp/src/hexagon/benchmark/epsilon.S (DWARFImportSummary)  
INFO  DWARF compUnit: /local/mnt/workspace/CRMBuilds/CDSP.HT.2.9.c1-00078-HAMOA-1_20251101_183151/b/cdsp_proc/performance/dspperfapp/src/hexagon/benchmark/epsilon_imp.c (DWARFImportSummary)  
INFO  DWARF compUnit: /local/mnt/workspace/CRMBuilds/CDSP.HT.2.9.c1-00078-HAMOA-1_20251101_183151/b/cdsp_proc/performance/dspperfapp/src/hexagon/benchmark/fast9_coarse.S (DWARFImportSummary)  
INFO  DWARF compUnit: /local/mnt/workspace/CRMBuilds/CDSP.HT.2.9.c1-00078-HAMOA-1_20251101_183151/b/cdsp_proc/performance/dspperfapp/src/hexagon/benchmark/fast9_fine.S (DWARFImportSummary)  
INFO  DWARF compUnit: /local/mnt/workspace/CRMBuilds/CDSP.HT.2.9.c1-00078-HAMOA-1_20251101_183151/b/cdsp_proc/performance/dspperfapp/src/hexagon/benchmark/fast9_imp.c (DWARFImportSummary)  
INFO  DWARF compUnit: /local/mnt/workspace/CRMBuilds/CDSP.HT.2.9.c1-00078-HAMOA-1_20251101_183151/b/cdsp_proc/performance/dspperfapp/src/hexagon/benchmark/gaussian7x7_asm.S (DWARFImportSummary)  
INFO  DWARF compUnit: /local/mnt/workspace/CRMBuilds/CDSP.HT.2.9.c1-00078-HAMOA-1_20251101_183151/b/cdsp_proc/performance/dspperfapp/src/hexagon/benchmark/gaussian7x7_imp.c (DWARFImportSummary)  
INFO  DWARF compUnit: /local/mnt/workspace/CRMBuilds/CDSP.HT.2.9.c1-00078-HAMOA-1_20251101_183151/b/cdsp_proc/performance/dspperfapp/src/hexagon/benchmark/integrate_asm.S (DWARFImportSummary)  
INFO  DWARF compUnit: /local/mnt/workspace/CRMBuilds/CDSP.HT.2.9.c1-00078-HAMOA-1_20251101_183151/b/cdsp_proc/performance/dspperfapp/src/hexagon/benchmark/integrate_imp.c (DWARFImportSummary)  
INFO  DWARF compUnit: /local/mnt/workspace/CRMBuilds/CDSP.HT.2.9.c1-00078-HAMOA-1_20251101_183151/b/cdsp_proc/performance/dspperfapp/src/hexagon/benchmark/mb_hvx_conv_imp.c (DWARFImportSummary)  
INFO  DWARF compUnit: /local/mnt/workspace/CRMBuilds/CDSP.HT.2.9.c1-00078-HAMOA-1_20251101_183151/b/cdsp_proc/performance/dspperfapp/src/hexagon/benchmark/mb_hmx_conv_imp.c (DWARFImportSummary)  
INFO  DWARF compUnit: /local/mnt/workspace/CRMBuilds/CDSP.HT.2.9.c1-00078-HAMOA-1_20251101_183151/b/cdsp_proc/performance/dspperfapp/src/hexagon/benchmark/multithread_scheduler.c (DWARFImportSummary)  
INFO  DWARF compUnit: /local/mnt/workspace/CRMBuilds/CDSP.HT.2.9.c1-00078-HAMOA-1_20251101_183151/b/cdsp_proc/performance/dspperfapp/src/hexagon/benchmark/sobel3x3_C_intrinsics.c (DWARFImportSummary)  
INFO  DWARF compUnit: /local/mnt/workspace/CRMBuilds/CDSP.HT.2.9.c1-00078-HAMOA-1_20251101_183151/b/cdsp_proc/performance/dspperfapp/src/hexagon/benchmark/sobel3x3_imp.c (DWARFImportSummary)  
INFO  DWARF compUnit: /local/mnt/workspace/CRMBuilds/CDSP.HT.2.9.c1-00078-HAMOA-1_20251101_183151/b/cdsp_proc/performance/dspperfapp/src/hexagon/benchmark/fft_imp.c (DWARFImportSummary)  
INFO  DWARF compUnit: /local/mnt/workspace/CRMBuilds/CDSP.HT.2.9.c1-00078-HAMOA-1_20251101_183151/b/cdsp_proc/performance/dspperfapp/src/hexagon/benchmark/fft_imp_v65.c (DWARFImportSummary)  
INFO  DWARF compUnit: /local/mnt/workspace/CRMBuilds/CDSP.HT.2.9.c1-00078-HAMOA-1_20251101_183151/b/cdsp_proc/performance/dspperfapp/src/hexagon/benchmark/histogram_imp.c (DWARFImportSummary)  
INFO  DWARF compUnit: /local/mnt/workspace/CRMBuilds/CDSP.HT.2.9.c1-00078-HAMOA-1_20251101_183151/b/cdsp_proc/performance/dspperfapp/src/hexagon/benchmark/histogram.S (DWARFImportSummary)  
INFO  DWARF compUnit: /local/mnt/workspace/CRMBuilds/CDSP.HT.2.9.c1-00078-HAMOA-1_20251101_183151/b/cdsp_proc/performance/dspperfapp/src/hexagon/benchmark/ncc_imp.c (DWARFImportSummary)  
INFO  DWARF compUnit: /local/mnt/workspace/CRMBuilds/CDSP.HT.2.9.c1-00078-HAMOA-1_20251101_183151/b/cdsp_proc/performance/dspperfapp/src/hexagon/benchmark/ncc.S (DWARFImportSummary)  
INFO  DWARF compUnit: /local/mnt/workspace/CRMBuilds/CDSP.HT.2.9.c1-00078-HAMOA-1_20251101_183151/b/cdsp_proc/performance/dspperfapp/src/hexagon/benchmark/boxfilter.S (DWARFImportSummary)  
INFO  DWARF compUnit: /local/mnt/workspace/CRMBuilds/CDSP.HT.2.9.c1-00078-HAMOA-1_20251101_183151/b/cdsp_proc/performance/dspperfapp/src/hexagon/benchmark/boxfilter11x11_imp.c (DWARFImportSummary)  
INFO  DWARF compUnit: /local/mnt/workspace/CRMBuilds/CDSP.HT.2.9.c1-00078-HAMOA-1_20251101_183151/b/cdsp_proc/performance/dspperfapp/src/hexagon/benchmark/blur5x5.S (DWARFImportSummary)  
INFO  DWARF compUnit: /local/mnt/workspace/CRMBuilds/CDSP.HT.2.9.c1-00078-HAMOA-1_20251101_183151/b/cdsp_proc/performance/dspperfapp/src/hexagon/benchmark/getxpos.S (DWARFImportSummary)  
INFO  DWARF compUnit: /local/mnt/workspace/CRMBuilds/CDSP.HT.2.9.c1-00078-HAMOA-1_20251101_183151/b/cdsp_proc/performance/dspperfapp/src/hexagon/benchmark/gradient.S (DWARFImportSummary)  
INFO  DWARF compUnit: /local/mnt/workspace/CRMBuilds/CDSP.HT.2.9.c1-00078-HAMOA-1_20251101_183151/b/cdsp_proc/performance/dspperfapp/src/hexagon/benchmark/response.S (DWARFImportSummary)  
INFO  DWARF compUnit: /local/mnt/workspace/CRMBuilds/CDSP.HT.2.9.c1-00078-HAMOA-1_20251101_183151/b/cdsp_proc/performance/dspperfapp/src/hexagon/benchmark/search.S (DWARFImportSummary)  
INFO  DWARF compUnit: /local/mnt/workspace/CRMBuilds/CDSP.HT.2.9.c1-00078-HAMOA-1_20251101_183151/b/cdsp_proc/performance/dspperfapp/src/hexagon/benchmark/harriscorner_imp.c (DWARFImportSummary)  
INFO  DWARF compUnit: /local/mnt/workspace/CRMBuilds/CDSP.HT.2.9.c1-00078-HAMOA-1_20251101_183151/b/cdsp_proc/performance/dspperfapp/build/shared_libs/qdsp6/hamoa.cdsp.prod/benchmark_skel.c (DWARFImportSummary)  
WARN  Decompiling 0001db64, pcode error at 0001e320: Unable to resolve constructor at 0001e320 (DecompileCallback)  
WARN  Decompiling 0001db64, pcode error at 0001e320: Unable to resolve constructor at 0001e320 (DecompileCallback)  
WARN  Decompiling 0001fba4, pcode error at 00020360: Unable to resolve constructor at 00020360 (DecompileCallback)  
WARN  Decompiling 0001fba4, pcode error at 00020360: Unable to resolve constructor at 00020360 (DecompileCallback)  
INFO  Packed database cache: /var/tmp/geoca-ghidra/packed-db-cache (PackedDatabaseCache)  
INFO  Applied data type archive: generic_clib (ApplyDataArchiveAnalyzer)  
INFO  -----------------------------------------------------
    ASCII Strings                              0.439 secs
    Apply Data Archives                        0.434 secs
    Basic Constant Reference Analyzer          0.880 secs
    Call Convention ID                         0.004 secs
    Call-Fixup Installer                       0.004 secs
    Create Address Tables                      0.019 secs
    Create Function                            0.006 secs
    DWARF                                      0.526 secs
    Data Reference                             0.010 secs
    Decompiler Switch Analysis                18.288 secs
    Demangler GNU                              0.113 secs
    Disassemble                                0.003 secs
    Disassemble Entry Points                   0.665 secs
    Disassemble Entry Points - One Time        0.002 secs
    Embedded Media                             0.048 secs
    External Entry References                  0.005 secs
    Function ID                                0.023 secs
    Function Start Search                      0.080 secs
    Function Start Search delayed - One Time   0.001 secs
    GCC Exception Handlers                     0.079 secs
    Non-Returning Functions - Known            0.002 secs
    Reference                                  0.018 secs
    Shared Return Calls                        0.029 secs
    Stack                                      1.042 secs
    Subroutine References                      0.017 secs
-----------------------------------------------------
     Total Time   22 secs
-----------------------------------------------------
 (AutoAnalysisManager)  
INFO  REPORT: Analysis succeeded for file: file:///home/geoca/Documents/SP11-PROJECT/00-RE-archive/sp11-driverdump/qcnspmcdm_ext_cdsp8380.inf_arm64_4a8c3ebe3aad408a/CDSP/libbenchmark_skel.so (HeadlessAnalyzer)  
INFO  REPORT: Execute script: DecompileNamed.java '/home/geoca/Documents/SP11-PROJECT/06-camera/SP11X1ECamera/experiments/E004-front-ir-vd55g0/e004dd-shipped-cpz-securepd-worker-reuse-feasibility/ghidra/BENCHMARK-DECOMP.txt' 'benchmark_skel_handle_invoke' 'addTwoVectorsTogether' 'Vmemset' 'benchmark_gaussian7x7' 'benchmark_integrate' 'benchmark_open' 'benchmark_close'  (HeadlessAnalyzer)  
INFO  SCRIPT: /home/geoca/Documents/SP11-PROJECT/06-camera/SP11X1ECamera/experiments/E004-front-ir-vd55g0/e004dd-shipped-cpz-securepd-worker-reuse-feasibility/ghidra/DecompileNamed.java (HeadlessAnalyzer)  
INFO  ANALYZING changes made by post scripts: file:///home/geoca/Documents/SP11-PROJECT/00-RE-archive/sp11-driverdump/qcnspmcdm_ext_cdsp8380.inf_arm64_4a8c3ebe3aad408a/CDSP/libbenchmark_skel.so (HeadlessAnalyzer)  
INFO  REPORT: Post-analysis succeeded for file: file:///home/geoca/Documents/SP11-PROJECT/00-RE-archive/sp11-driverdump/qcnspmcdm_ext_cdsp8380.inf_arm64_4a8c3ebe3aad408a/CDSP/libbenchmark_skel.so (HeadlessAnalyzer)  
INFO  /libbenchmark_skel.so: file created (geoca) (LocalFileSystem)  
INFO  REPORT: Save succeeded for: /libbenchmark_skel.so (E004DD_BENCH:/libbenchmark_skel.so) (HeadlessAnalyzer)  
INFO  REPORT: Import succeeded (HeadlessAnalyzer)  
