offset,address,idle,live1,live2,post,stable_live,stable_nonzero,changed_from_idle,returns_to_idle
0x0000,0x0ace8000,0x80000000,0x00000000,0x00000000,0x80000000,True,False,True,True
0x0004,0x0ace8004,0x80000000,0x00000000,0x00000000,0x80000000,True,False,True,True
0x0008,0x0ace8008,0x80000000,0x00000000,0x00000000,0x80000000,True,False,True,True
0x000c,0x0ace800c,0x80000000,0x00000000,0x00000000,0x80000000,True,False,True,True
0x0010,0x0ace8010,0x80000000,0x00000000,0x00000000,0x80000000,True,False,True,True
0x0014,0x0ace8014,0x80000000,0x00000000,0x00000000,0x80000000,True,False,True,True
0x0018,0x0ace8018,0x80000000,0x00000000,0x00000000,0x80000000,True,False,True,True
0x001c,0x0ace801c,0x80000000,0x00000000,0x00000000,0x80000000,True,False,True,True
0x0020,0x0ace8020,0x80000000,0x00000000,0x00000000,0x80000000,True,False,True,True
0x0024,0x0ace8024,0x80000000,0x00000000,0x00000000,0x80000000,True,False,True,True
0x0028,0x0ace8028,0x80000000,0x00000000,0x00000000,0x80000000,True,False,True,True
0x002c,0x0ace802c,0x80000000,0x00000000,0x00000000,0x80000000,True,False,True,True
0x0030,0x0ace8030,0x80000000,0x00000000,0x00000000,0x80000000,True,False,True,True
0x0034,0x0ace8034,0x80000000,0x00000000,0x00000000,0x80000000,True,False,True,True
0x0038,0x0ace8038,0x80000000,0x00000000,0x00000000,0x80000000,True,False,True,True
0x003c,0x0ace803c,0x80000000,0x00000000,0x00000000,0x80000000,True,False,True,True
0x0040,0x0ace8040,0x80000000,0x00000000,0x00000000,0x80000000,True,False,True,True
0x0044,0x0ace8044,0x80000000,0x00000000,0x00000000,0x80000000,True,False,True,True
0x0048,0x0ace8048,0x80000000,0x00000000,0x00000000,0x80000000,True,False,True,True
0x004c,0x0ace804c,0x80000000,0x00000000,0x00000000,0x80000000,True,False,True,True
0x0050,0x0ace8050,0x80000000,0x00000000,0x00000000,0x80000000,True,False,True,True
0x0054,0x0ace8054,0x80000000,0x00000000,0x00000000,0x80000000,True,False,True,True
0x0058,0x0ace8058,0x80000000,0x00000000,0x00000000,0x80000000,True,False,True,True
0x005c,0x0ace805c,0x80000000,0x00000000,0x00000000,0x80000000,True,False,True,True
0x0060,0x0ace8060,0x80000000,0x00000000,0x00000000,0x80000000,True,False,True,True
0x0064,0x0ace8064,0x80000000,0x00000000,0x00000000,0x80000000,True,False,True,True
0x0068,0x0ace8068,0x80000000,0x00000000,0x00000000,0x80000000,True,False,True,True
0x006c,0x0ace806c,0x80000000,0x00000000,0x00000000,0x80000000,True,False,True,True
0x0070,0x0ace8070,0x80000000,0x00000000,0x00000000,0x80000000,True,False,True,True
0x0074,0x0ace8074,0x80000000,0x00000000,0x00000000,0x80000000,True,False,True,True
0x0078,0x0ace8078,0x80000000,0x00000000,0x00000000,0x80000000,True,False,True,True
0x007c,0x0ace807c,0x80000000,0x00000000,0x00000000,0x80000000,True,False,True,True
0x0080,0x0ace8080,0x80000000,0x00000000,0x00000000,0x80000000,True,False,True,True
0x0084,0x0ace8084,0x80000000,0x00000000,0x00000000,0x80000000,True,False,True,True
0x0088,0x0ace8088,0x80000000,0x00000000,0x00000000,0x80000000,True,False,True,True
0x008c,0x0ace808c,0x80000000,0x00000000,0x00000000,0x80000000,True,False,True,True
0x0090,0x0ace8090,0x80000000,0x00000000,0x00000000,0x80000000,True,False,True,True
0x0094,0x0ace8094,0x80000000,0x00000000,0x00000000,0x80000000,True,False,True,True
0x0098,0x0ace8098,0x80000000,0x00000000,0x00000000,0x80000000,True,False,True,True
0x009c,0x0ace809c,0x80000000,0x00000000,0x00000000,0x80000000,True,False,True,True
0x00a0,0x0ace80a0,0x80000000,0x00000000,0x00000000,0x80000000,True,False,True,True
0x00a4,0x0ace80a4,0x80000000,0x00000000,0x00000000,0x80000000,True,False,True,True
0x00a8,0x0ace80a8,0x80000000,0x00000000,0x00000000,0x80000000,True,False,True,True
0x00ac,0x0ace80ac,0x80000000,0x00000000,0x00000000,0x80000000,True,False,True,True
0x00b0,0x0ace80b0,0x80000000,0x00000000,0x00000000,0x80000000,True,False,True,True
0x00b4,0x0ace80b4,0x80000000,0x00000000,0x00000000,0x80000000,True,False,True,True
0x00b8,0x0ace80b8,0x80000000,0x00000000,0x00000000,0x80000000,True,False,True,True
0x00bc,0x0ace80bc,0x80000000,0x00000000,0x00000000,0x80000000,True,False,True,True
0x00c0,0x0ace80c0,0x80000000,0x00000000,0x00000000,0x80000000,True,False,True,True
0x00c4,0x0ace80c4,0x80000000,0x00000000,0x00000000,0x80000000,True,False,True,True
0x00c8,0x0ace80c8,0x80000000,0x00000000,0x00000000,0x80000000,True,False,True,True
0x00cc,0x0ace80cc,0x80000000,0x00000000,0x00000000,0x80000000,True,False,True,True
0x00d0,0x0ace80d0,0x80000000,0x00000000,0x00000000,0x80000000,True,False,True,True
0x00d4,0x0ace80d4,0x80000000,0x00000000,0x00000000,0x80000000,True,False,True,True
0x00d8,0x0ace80d8,0x80000000,0x00000000,0x00000000,0x80000000,True,False,True,True
0x00dc,0x0ace80dc,0x80000000,0x00000000,0x00000000,0x80000000,True,False,True,True
0x00e0,0x0ace80e0,0x80000000,0x00000000,0x00000000,0x80000000,True,False,True,True
0x00e4,0x0ace80e4,0x80000000,0x00000000,0x00000000,0x80000000,True,False,True,True
0x00e8,0x0ace80e8,0x80000000,0x00000000,0x00000000,0x80000000,True,False,True,True
0x00ec,0x0ace80ec,0x80000000,0x00000000,0x00000000,0x80000000,True,False,True,True
0x00f0,0x0ace80f0,0x80000000,0x00000000,0x00000000,0x80000000,True,False,True,True
0x00f4,0x0ace80f4,0x80000000,0x00000000,0x00000000,0x80000000,True,False,True,True
0x00f8,0x0ace80f8,0x80000000,0x00000000,0x00000000,0x80000000,True,False,True,True
0x00fc,0x0ace80fc,0x80000000,0x00000000,0x00000000,0x80000000,True,False,True,True
0x0100,0x0ace8100,0x80000000,0x00000000,0x00000000,0x80000000,True,False,True,True
0x0104,0x0ace8104,0x80000000,0x00000000,0x00000000,0x80000000,True,False,True,True
0x0108,0x0ace8108,0x80000000,0x00000000,0x00000000,0x80000000,True,False,True,True
0x010c,0x0ace810c,0x80000000,0x00000000,0x00000000,0x80000000,True,False,True,True
0x0110,0x0ace8110,0x80000000,0x00000000,0x00000000,0x80000000,True,False,True,True
0x0114,0x0ace8114,0x80000000,0x00000000,0x00000000,0x80000000,True,False,True,True
0x0118,0x0ace8118,0x80000000,0x00000000,0x00000000,0x80000000,True,False,True,True
0x011c,0x0ace811c,0x80000000,0x00000000,0x00000000,0x80000000,True,False,True,True
0x0120,0x0ace8120,0x80000000,0x00000000,0x00000000,0x80000000,True,False,True,True
0x0124,0x0ace8124,0x80000000,0x00000000,0x00000000,0x80000000,True,False,True,True
0x0128,0x0ace8128,0x80000000,0x00000000,0x00000000,0x80000000,True,False,True,True
0x012c,0x0ace812c,0x80000000,0x00000000,0x00000000,0x80000000,True,False,True,True
0x0130,0x0ace8130,0x80000000,0x00000000,0x00000000,0x80000000,True,False,True,True
0x0134,0x0ace8134,0x80000000,0x00000000,0x00000000,0x80000000,True,False,True,True
0x0138,0x0ace8138,0x80000000,0x00000000,0x00000000,0x80000000,True,False,True,True
0x013c,0x0ace813c,0x80000000,0x00000000,0x00000000,0x80000000,True,False,True,True
0x0140,0x0ace8140,0x80000000,0x00000000,0x00000000,0x80000000,True,False,True,True
0x0144,0x0ace8144,0x80000000,0x00000000,0x00000000,0x80000000,True,False,True,True
0x0148,0x0ace8148,0x80000000,0x00000000,0x00000000,0x80000000,True,False,True,True
0x014c,0x0ace814c,0x80000000,0x00000000,0x00000000,0x80000000,True,False,True,True
0x0150,0x0ace8150,0x80000000,0x00000000,0x00000000,0x80000000,True,False,True,True
0x0154,0x0ace8154,0x80000000,0x00000000,0x00000000,0x80000000,True,False,True,True
0x0158,0x0ace8158,0x80000000,0x00000000,0x00000000,0x80000000,True,False,True,True
0x015c,0x0ace815c,0x80000000,0x00000000,0x00000000,0x80000000,True,False,True,True
0x0160,0x0ace8160,0x80000000,0x00000000,0x00000000,0x80000000,True,False,True,True
0x0164,0x0ace8164,0x80000000,0x00000000,0x00000000,0x80000000,True,False,True,True
0x0168,0x0ace8168,0x80000000,0x00000000,0x00000000,0x80000000,True,False,True,True
0x016c,0x0ace816c,0x80000000,0x00000000,0x00000000,0x80000000,True,False,True,True
0x0170,0x0ace8170,0x80000000,0x00000000,0x00000000,0x80000000,True,False,True,True
0x0174,0x0ace8174,0x80000000,0x00000000,0x00000000,0x80000000,True,False,True,True
0x0178,0x0ace8178,0x80000000,0x00000000,0x00000000,0x80000000,True,False,True,True
0x017c,0x0ace817c,0x80000000,0x00000000,0x00000000,0x80000000,True,False,True,True
0x0180,0x0ace8180,0x80000000,0x00000000,0x00000000,0x80000000,True,False,True,True
0x0184,0x0ace8184,0x80000000,0x00000000,0x00000000,0x80000000,True,False,True,True
0x0188,0x0ace8188,0x80000000,0x00000000,0x00000000,0x80000000,True,False,True,True
0x018c,0x0ace818c,0x80000000,0x00000000,0x00000000,0x80000000,True,False,True,True
0x0190,0x0ace8190,0x80000000,0x00000000,0x00000000,0x80000000,True,False,True,True
0x0194,0x0ace8194,0x80000000,0x00000000,0x00000000,0x80000000,True,False,True,True
0x0198,0x0ace8198,0x80000000,0x00000000,0x00000000,0x80000000,True,False,True,True
0x019c,0x0ace819c,0x80000000,0x00000000,0x00000000,0x80000000,True,False,True,True
0x01a0,0x0ace81a0,0x80000000,0x00000000,0x00000000,0x80000000,True,False,True,True
0x01a4,0x0ace81a4,0x80000000,0x00000000,0x00000000,0x80000000,True,False,True,True
0x01a8,0x0ace81a8,0x80000000,0x00000000,0x00000000,0x80000000,True,False,True,True
0x01ac,0x0ace81ac,0x80000000,0x00000000,0x00000000,0x80000000,True,False,True,True
0x01b0,0x0ace81b0,0x80000000,0x00000000,0x00000000,0x80000000,True,False,True,True
0x01b4,0x0ace81b4,0x80000000,0x00000000,0x00000000,0x80000000,True,False,True,True
0x01b8,0x0ace81b8,0x80000000,0x00000000,0x00000000,0x80000000,True,False,True,True
0x01bc,0x0ace81bc,0x80000000,0x00000000,0x00000000,0x80000000,True,False,True,True
0x01c0,0x0ace81c0,0x80000000,0x00000000,0x00000000,0x80000000,True,False,True,True
0x01c4,0x0ace81c4,0x80000000,0x00000000,0x00000000,0x80000000,True,False,True,True
0x01c8,0x0ace81c8,0x80000000,0x00000000,0x00000000,0x80000000,True,False,True,True
0x01cc,0x0ace81cc,0x80000000,0x00000000,0x00000000,0x80000000,True,False,True,True
0x01d0,0x0ace81d0,0x80000000,0x00000000,0x00000000,0x80000000,True,False,True,True
0x01d4,0x0ace81d4,0x80000000,0x00000000,0x00000000,0x80000000,True,False,True,True
0x01d8,0x0ace81d8,0x80000000,0x00000000,0x00000000,0x80000000,True,False,True,True
0x01dc,0x0ace81dc,0x80000000,0x00000000,0x00000000,0x80000000,True,False,True,True
0x01e0,0x0ace81e0,0x80000000,0x00000000,0x00000000,0x80000000,True,False,True,True
0x01e4,0x0ace81e4,0x80000000,0x00000000,0x00000000,0x80000000,True,False,True,True
0x01e8,0x0ace81e8,0x80000000,0x00000000,0x00000000,0x80000000,True,False,True,True
0x01ec,0x0ace81ec,0x80000000,0x00000000,0x00000000,0x80000000,True,False,True,True
0x01f0,0x0ace81f0,0x80000000,0x00000000,0x00000000,0x80000000,True,False,True,True
0x01f4,0x0ace81f4,0x80000000,0x00000000,0x00000000,0x80000000,True,False,True,True
0x01f8,0x0ace81f8,0x80000000,0x00000000,0x00000000,0x80000000,True,False,True,True
0x01fc,0x0ace81fc,0x80000000,0x00000000,0x00000000,0x80000000,True,False,True,True
0x0200,0x0ace8200,0x80000000,0x00000000,0x00000000,0x80000000,True,False,True,True
0x0204,0x0ace8204,0x80000000,0x00000000,0x00000000,0x80000000,True,False,True,True
0x0208,0x0ace8208,0x80000000,0x00000000,0x00000000,0x80000000,True,False,True,True
0x020c,0x0ace820c,0x80000000,0x00000022,0x00000022,0x80000000,True,True,True,True
0x0210,0x0ace8210,0x80000000,0x00000000,0x00000000,0x80000000,True,False,True,True
0x0214,0x0ace8214,0x80000000,0x00000000,0x00000000,0x80000000,True,False,True,True
0x0218,0x0ace8218,0x80000000,0x0000003e,0x0000003e,0x80000000,True,True,True,True
0x021c,0x0ace821c,0x80000000,0x00000041,0x00000041,0x80000000,True,True,True,True
0x0220,0x0ace8220,0x80000000,0x00000041,0x00000041,0x80000000,True,True,True,True
0x0224,0x0ace8224,0x80000000,0x0000007f,0x0000007f,0x80000000,True,True,True,True
0x0228,0x0ace8228,0x80000000,0x00000000,0x00000000,0x80000000,True,False,True,True
0x022c,0x0ace822c,0x80000000,0x00000000,0x00000000,0x80000000,True,False,True,True
0x0230,0x0ace8230,0x80000000,0x00000000,0x00000000,0x80000000,True,False,True,True
0x0234,0x0ace8234,0x80000000,0x00000000,0x00000000,0x80000000,True,False,True,True
0x0238,0x0ace8238,0x80000000,0x00000000,0x00000000,0x80000000,True,False,True,True
0x023c,0x0ace823c,0x80000000,0x00000000,0x00000000,0x80000000,True,False,True,True
0x0240,0x0ace8240,0x80000000,0x00000000,0x00000000,0x80000000,True,False,True,True
0x0244,0x0ace8244,0x80000000,0x000000b2,0x000000b2,0x80000000,True,True,True,True
0x0248,0x0ace8248,0x80000000,0x00000000,0x00000000,0x80000000,True,False,True,True
0x024c,0x0ace824c,0x80000000,0x00000000,0x00000000,0x80000000,True,False,True,True
0x0250,0x0ace8250,0x80000000,0x00000000,0x00000000,0x80000000,True,False,True,True
0x0254,0x0ace8254,0x80000000,0x00000000,0x00000000,0x80000000,True,False,True,True
0x0258,0x0ace8258,0x80000000,0x00000000,0x00000000,0x80000000,True,False,True,True
0x025c,0x0ace825c,0x80000000,0x00000000,0x00000000,0x80000000,True,False,True,True
0x0260,0x0ace8260,0x80000000,0x000000a8,0x000000a8,0x80000000,True,True,True,True
0x0264,0x0ace8264,0x80000000,0x00000001,0x00000001,0x80000000,True,True,True,True
0x0268,0x0ace8268,0x80000000,0x000000f1,0x000000f1,0x80000000,True,True,True,True
0x026c,0x0ace826c,0x80000000,0x0000003d,0x0000003d,0x80000000,True,True,True,True
0x0270,0x0ace8270,0x80000000,0x00000000,0x00000000,0x80000000,True,False,True,True
0x0274,0x0ace8274,0x80000000,0x00000003,0x00000003,0x80000000,True,True,True,True
0x0278,0x0ace8278,0x80000000,0x00000020,0x00000020,0x80000000,True,True,True,True
0x027c,0x0ace827c,0x80000000,0x00000000,0x00000000,0x80000000,True,False,True,True
0x0280,0x0ace8280,0x80000000,0x00000000,0x00000000,0x80000000,True,False,True,True
0x0284,0x0ace8284,0x80000000,0x00000000,0x00000000,0x80000000,True,False,True,True
0x0288,0x0ace8288,0x80000000,0x00000020,0x00000020,0x80000000,True,True,True,True
0x028c,0x0ace828c,0x80000000,0x00000030,0x00000030,0x80000000,True,True,True,True
0x0290,0x0ace8290,0x80000000,0x00000002,0x00000002,0x80000000,True,True,True,True
0x0294,0x0ace8294,0x80000000,0x00000009,0x00000009,0x80000000,True,True,True,True
0x0298,0x0ace8298,0x80000000,0x00000000,0x00000000,0x80000000,True,False,True,True
0x029c,0x0ace829c,0x80000000,0x00000000,0x00000000,0x80000000,True,False,True,True
0x02a0,0x0ace82a0,0x80000000,0x00000000,0x00000000,0x80000000,True,False,True,True
0x02a4,0x0ace82a4,0x80000000,0x00000000,0x00000000,0x80000000,True,False,True,True
0x02a8,0x0ace82a8,0x80000000,0x00000000,0x00000000,0x80000000,True,False,True,True
0x02ac,0x0ace82ac,0x80000000,0x00000000,0x00000000,0x80000000,True,False,True,True
0x02b0,0x0ace82b0,0x80000000,0x00000000,0x00000000,0x80000000,True,False,True,True
0x02b4,0x0ace82b4,0x80000000,0x00000000,0x00000000,0x80000000,True,False,True,True
0x02b8,0x0ace82b8,0x80000000,0x00000000,0x00000000,0x80000000,True,False,True,True
0x02bc,0x0ace82bc,0x80000000,0x000000d0,0x000000d0,0x80000000,True,True,True,True
0x02c0,0x0ace82c0,0x80000000,0x00000000,0x00000000,0x80000000,True,False,True,True
0x02c4,0x0ace82c4,0x80000000,0x00000000,0x00000000,0x80000000,True,False,True,True
0x02c8,0x0ace82c8,0x80000000,0x00000000,0x00000000,0x80000000,True,False,True,True
0x02cc,0x0ace82cc,0x80000000,0x00000000,0x00000000,0x80000000,True,False,True,True
0x02d0,0x0ace82d0,0x80000000,0x00000000,0x00000000,0x80000000,True,False,True,True
0x02d4,0x0ace82d4,0x80000000,0x00000000,0x00000000,0x80000000,True,False,True,True
0x02d8,0x0ace82d8,0x80000000,0x00000000,0x00000000,0x80000000,True,False,True,True
0x02dc,0x0ace82dc,0x80000000,0x00000000,0x00000000,0x80000000,True,False,True,True
0x02e0,0x0ace82e0,0x80000000,0x00000000,0x00000000,0x80000000,True,False,True,True
0x02e4,0x0ace82e4,0x80000000,0x00000000,0x00000000,0x80000000,True,False,True,True
0x02e8,0x0ace82e8,0x80000000,0x0000007f,0x0000007f,0x80000000,True,True,True,True
0x02ec,0x0ace82ec,0x80000000,0x0000007f,0x0000007f,0x80000000,True,True,True,True
0x02f0,0x0ace82f0,0x80000000,0x000000ef,0x000000ef,0x80000000,True,True,True,True
0x02f4,0x0ace82f4,0x80000000,0x00000000,0x00000000,0x80000000,True,False,True,True
0x02f8,0x0ace82f8,0x80000000,0x00000000,0x00000000,0x80000000,True,False,True,True
0x02fc,0x0ace82fc,0x80000000,0x00000000,0x00000000,0x80000000,True,False,True,True
0x0300,0x0ace8300,0x80000000,0x00000000,0x00000000,0x80000000,True,False,True,True
0x0304,0x0ace8304,0x80000000,0x00000000,0x00000000,0x80000000,True,False,True,True
0x0308,0x0ace8308,0x80000000,0x00000000,0x00000000,0x80000000,True,False,True,True
0x030c,0x0ace830c,0x80000000,0x00000000,0x00000000,0x80000000,True,False,True,True
0x0310,0x0ace8310,0x80000000,0x00000035,0x00000035,0x80000000,True,True,True,True
0x0314,0x0ace8314,0x80000000,0x00000000,0x00000000,0x80000000,True,False,True,True
0x0318,0x0ace8318,0x80000000,0x00000000,0x00000000,0x80000000,True,False,True,True
0x031c,0x0ace831c,0x80000000,0x00000000,0x00000000,0x80000000,True,False,True,True
0x0320,0x0ace8320,0x80000000,0x00000000,0x00000000,0x80000000,True,False,True,True
0x0324,0x0ace8324,0x80000000,0x00000000,0x00000000,0x80000000,True,False,True,True
0x0328,0x0ace8328,0x80000000,0x00000000,0x00000000,0x80000000,True,False,True,True
0x032c,0x0ace832c,0x80000000,0x00000000,0x00000000,0x80000000,True,False,True,True
0x0330,0x0ace8330,0x80000000,0x00000000,0x00000000,0x80000000,True,False,True,True
0x0334,0x0ace8334,0x80000000,0x00000000,0x00000000,0x80000000,True,False,True,True
0x0338,0x0ace8338,0x80000000,0x00000000,0x00000000,0x80000000,True,False,True,True
0x033c,0x0ace833c,0x80000000,0x00000000,0x00000000,0x80000000,True,False,True,True
0x0340,0x0ace8340,0x80000000,0x00000067,0x00000067,0x80000000,True,True,True,True
0x0344,0x0ace8344,0x80000000,0x00000000,0x00000000,0x80000000,True,False,True,True
0x0348,0x0ace8348,0x80000000,0x00000000,0x00000000,0x80000000,True,False,True,True
0x034c,0x0ace834c,0x80000000,0x00000000,0x00000000,0x80000000,True,False,True,True
0x0350,0x0ace8350,0x80000000,0x00000000,0x00000000,0x80000000,True,False,True,True
0x0354,0x0ace8354,0x80000000,0x00000000,0x00000000,0x80000000,True,False,True,True
0x0358,0x0ace8358,0x80000000,0x00000000,0x00000000,0x80000000,True,False,True,True
0x035c,0x0ace835c,0x80000000,0x00000000,0x00000000,0x80000000,True,False,True,True
0x0360,0x0ace8360,0x80000000,0x00000070,0x000000b0,0x80000000,False,False,True,True
0x0364,0x0ace8364,0x80000000,0x000000ff,0x000000ff,0x80000000,True,True,True,True
0x0368,0x0ace8368,0x80000000,0x00000000,0x00000000,0x80000000,True,False,True,True
0x036c,0x0ace836c,0x80000000,0x00000000,0x00000000,0x80000000,True,False,True,True
0x0370,0x0ace8370,0x80000000,0x00000000,0x00000000,0x80000000,True,False,True,True
0x0374,0x0ace8374,0x80000000,0x00000000,0x00000000,0x80000000,True,False,True,True
0x0378,0x0ace8378,0x80000000,0x0000006b,0x0000006a,0x80000000,False,False,True,True
0x037c,0x0ace837c,0x80000000,0x00000067,0x00000066,0x80000000,False,False,True,True
0x0380,0x0ace8380,0x80000000,0x00000037,0x00000038,0x80000000,False,False,True,True
0x0384,0x0ace8384,0x80000000,0x00000000,0x00000000,0x80000000,True,False,True,True
0x0388,0x0ace8388,0x80000000,0x00000000,0x00000000,0x80000000,True,False,True,True
0x038c,0x0ace838c,0x80000000,0x00000003,0x00000003,0x80000000,True,True,True,True
0x0390,0x0ace8390,0x80000000,0x00000000,0x00000000,0x80000000,True,False,True,True
0x0394,0x0ace8394,0x80000000,0x00000000,0x00000000,0x80000000,True,False,True,True
0x0398,0x0ace8398,0x80000000,0x00000000,0x00000000,0x80000000,True,False,True,True
0x039c,0x0ace839c,0x80000000,0x00000000,0x00000000,0x80000000,True,False,True,True
0x03a0,0x0ace83a0,0x80000000,0x00000037,0x00000038,0x80000000,False,False,True,True
0x03a4,0x0ace83a4,0x80000000,0x00000000,0x00000000,0x80000000,True,False,True,True
0x03a8,0x0ace83a8,0x80000000,0x00000000,0x00000000,0x80000000,True,False,True,True
0x03ac,0x0ace83ac,0x80000000,0x00000003,0x00000003,0x80000000,True,True,True,True
0x03b0,0x0ace83b0,0x80000000,0x00000000,0x00000000,0x80000000,True,False,True,True
0x03b4,0x0ace83b4,0x80000000,0x00000000,0x00000000,0x80000000,True,False,True,True
0x03b8,0x0ace83b8,0x80000000,0x00000000,0x00000000,0x80000000,True,False,True,True
0x03bc,0x0ace83bc,0x80000000,0x00000000,0x00000000,0x80000000,True,False,True,True
0x03c0,0x0ace83c0,0x80000000,0x00000037,0x00000038,0x80000000,False,False,True,True
0x03c4,0x0ace83c4,0x80000000,0x00000000,0x00000000,0x80000000,True,False,True,True
0x03c8,0x0ace83c8,0x80000000,0x00000000,0x00000000,0x80000000,True,False,True,True
0x03cc,0x0ace83cc,0x80000000,0x00000003,0x00000003,0x80000000,True,True,True,True
0x03d0,0x0ace83d0,0x80000000,0x00000000,0x00000000,0x80000000,True,False,True,True
0x03d4,0x0ace83d4,0x80000000,0x00000000,0x00000000,0x80000000,True,False,True,True
0x03d8,0x0ace83d8,0x80000000,0x00000000,0x00000000,0x80000000,True,False,True,True
0x03dc,0x0ace83dc,0x80000000,0x00000000,0x00000000,0x80000000,True,False,True,True
0x03e0,0x0ace83e0,0x80000000,0x00000037,0x00000038,0x80000000,False,False,True,True
0x03e4,0x0ace83e4,0x80000000,0x00000000,0x00000000,0x80000000,True,False,True,True
0x03e8,0x0ace83e8,0x80000000,0x00000000,0x00000000,0x80000000,True,False,True,True
0x03ec,0x0ace83ec,0x80000000,0x00000003,0x00000003,0x80000000,True,True,True,True
0x03f0,0x0ace83f0,0x80000000,0x00000000,0x00000000,0x80000000,True,False,True,True
0x03f4,0x0ace83f4,0x80000000,0x00000000,0x00000000,0x80000000,True,False,True,True
0x03f8,0x0ace83f8,0x80000000,0x00000000,0x00000000,0x80000000,True,False,True,True
0x03fc,0x0ace83fc,0x80000000,0x00000000,0x00000000,0x80000000,True,False,True,True
0x0400,0x0ace8400,0x80000000,0x00000000,0x00000000,0x80000000,True,False,True,True
0x0404,0x0ace8404,0x80000000,0x00000000,0x00000000,0x80000000,True,False,True,True
0x0408,0x0ace8408,0x80000000,0x00000000,0x00000000,0x80000000,True,False,True,True
0x040c,0x0ace840c,0x80000000,0x00000000,0x00000000,0x80000000,True,False,True,True
0x0410,0x0ace8410,0x80000000,0x00000000,0x00000000,0x80000000,True,False,True,True
0x0414,0x0ace8414,0x80000000,0x00000000,0x00000000,0x80000000,True,False,True,True
0x0418,0x0ace8418,0x80000000,0x00000000,0x00000000,0x80000000,True,False,True,True
0x041c,0x0ace841c,0x80000000,0x00000000,0x00000000,0x80000000,True,False,True,True
0x0420,0x0ace8420,0x80000000,0x00000000,0x00000000,0x80000000,True,False,True,True
0x0424,0x0ace8424,0x80000000,0x00000000,0x00000000,0x80000000,True,False,True,True
0x0428,0x0ace8428,0x80000000,0x00000000,0x00000000,0x80000000,True,False,True,True
0x042c,0x0ace842c,0x80000000,0x00000000,0x00000000,0x80000000,True,False,True,True
0x0430,0x0ace8430,0x80000000,0x00000000,0x00000000,0x80000000,True,False,True,True
0x0434,0x0ace8434,0x80000000,0x00000000,0x00000000,0x80000000,True,False,True,True
0x0438,0x0ace8438,0x80000000,0x00000000,0x00000000,0x80000000,True,False,True,True
0x043c,0x0ace843c,0x80000000,0x00000000,0x00000000,0x80000000,True,False,True,True
0x0440,0x0ace8440,0x80000000,0x00000000,0x00000000,0x80000000,True,False,True,True
0x0444,0x0ace8444,0x80000000,0x00000000,0x00000000,0x80000000,True,False,True,True
0x0448,0x0ace8448,0x80000000,0x00000000,0x00000000,0x80000000,True,False,True,True
0x044c,0x0ace844c,0x80000000,0x00000000,0x00000000,0x80000000,True,False,True,True
0x0450,0x0ace8450,0x80000000,0x00000000,0x00000000,0x80000000,True,False,True,True
0x0454,0x0ace8454,0x80000000,0x00000000,0x00000000,0x80000000,True,False,True,True
0x0458,0x0ace8458,0x80000000,0x00000000,0x00000000,0x80000000,True,False,True,True
0x045c,0x0ace845c,0x80000000,0x00000000,0x00000000,0x80000000,True,False,True,True
0x0460,0x0ace8460,0x80000000,0x00000000,0x00000000,0x80000000,True,False,True,True
0x0464,0x0ace8464,0x80000000,0x00000000,0x00000000,0x80000000,True,False,True,True
0x0468,0x0ace8468,0x80000000,0x00000000,0x00000000,0x80000000,True,False,True,True
0x046c,0x0ace846c,0x80000000,0x00000000,0x00000000,0x80000000,True,False,True,True
0x0470,0x0ace8470,0x80000000,0x00000000,0x00000000,0x80000000,True,False,True,True
0x0474,0x0ace8474,0x80000000,0x00000000,0x00000000,0x80000000,True,False,True,True
0x0478,0x0ace8478,0x80000000,0x00000000,0x00000000,0x80000000,True,False,True,True
0x047c,0x0ace847c,0x80000000,0x00000000,0x00000000,0x80000000,True,False,True,True
0x0480,0x0ace8480,0x80000000,0x00000000,0x00000000,0x80000000,True,False,True,True
0x0484,0x0ace8484,0x80000000,0x00000000,0x00000000,0x80000000,True,False,True,True
0x0488,0x0ace8488,0x80000000,0x00000000,0x00000000,0x80000000,True,False,True,True
0x048c,0x0ace848c,0x80000000,0x00000000,0x00000000,0x80000000,True,False,True,True
0x0490,0x0ace8490,0x80000000,0x00000000,0x00000000,0x80000000,True,False,True,True
0x0494,0x0ace8494,0x80000000,0x00000000,0x00000000,0x80000000,True,False,True,True
0x0498,0x0ace8498,0x80000000,0x00000000,0x00000000,0x80000000,True,False,True,True
0x049c,0x0ace849c,0x80000000,0x00000000,0x00000000,0x80000000,True,False,True,True
0x04a0,0x0ace84a0,0x80000000,0x00000000,0x00000000,0x80000000,True,False,True,True
0x04a4,0x0ace84a4,0x80000000,0x00000000,0x00000000,0x80000000,True,False,True,True
0x04a8,0x0ace84a8,0x80000000,0x00000000,0x00000000,0x80000000,True,False,True,True
0x04ac,0x0ace84ac,0x80000000,0x00000000,0x00000000,0x80000000,True,False,True,True
0x04b0,0x0ace84b0,0x80000000,0x00000000,0x00000000,0x80000000,True,False,True,True
0x04b4,0x0ace84b4,0x80000000,0x00000000,0x00000000,0x80000000,True,False,True,True
0x04b8,0x0ace84b8,0x80000000,0x00000000,0x00000000,0x80000000,True,False,True,True
0x04bc,0x0ace84bc,0x80000000,0x00000000,0x00000000,0x80000000,True,False,True,True
0x04c0,0x0ace84c0,0x80000000,0x00000000,0x00000000,0x80000000,True,False,True,True
0x04c4,0x0ace84c4,0x80000000,0x00000000,0x00000000,0x80000000,True,False,True,True
0x04c8,0x0ace84c8,0x80000000,0x00000000,0x00000000,0x80000000,True,False,True,True
0x04cc,0x0ace84cc,0x80000000,0x00000000,0x00000000,0x80000000,True,False,True,True
0x04d0,0x0ace84d0,0x80000000,0x00000000,0x00000000,0x80000000,True,False,True,True
0x04d4,0x0ace84d4,0x80000000,0x00000000,0x00000000,0x80000000,True,False,True,True
0x04d8,0x0ace84d8,0x80000000,0x00000000,0x00000000,0x80000000,True,False,True,True
0x04dc,0x0ace84dc,0x80000000,0x00000000,0x00000000,0x80000000,True,False,True,True
0x04e0,0x0ace84e0,0x80000000,0x00000000,0x00000000,0x80000000,True,False,True,True
0x04e4,0x0ace84e4,0x80000000,0x00000000,0x00000000,0x80000000,True,False,True,True
0x04e8,0x0ace84e8,0x80000000,0x00000000,0x00000000,0x80000000,True,False,True,True
0x04ec,0x0ace84ec,0x80000000,0x00000000,0x00000000,0x80000000,True,False,True,True
0x04f0,0x0ace84f0,0x80000000,0x00000000,0x00000000,0x80000000,True,False,True,True
0x04f4,0x0ace84f4,0x80000000,0x00000000,0x00000000,0x80000000,True,False,True,True
0x04f8,0x0ace84f8,0x80000000,0x00000000,0x00000000,0x80000000,True,False,True,True
0x04fc,0x0ace84fc,0x80000000,0x00000000,0x00000000,0x80000000,True,False,True,True
0x0500,0x0ace8500,0x80000000,0x00000000,0x00000000,0x80000000,True,False,True,True
0x0504,0x0ace8504,0x80000000,0x00000000,0x00000000,0x80000000,True,False,True,True
0x0508,0x0ace8508,0x80000000,0x00000000,0x00000000,0x80000000,True,False,True,True
0x050c,0x0ace850c,0x80000000,0x00000000,0x00000000,0x80000000,True,False,True,True
0x0510,0x0ace8510,0x80000000,0x00000000,0x00000000,0x80000000,True,False,True,True
0x0514,0x0ace8514,0x80000000,0x00000000,0x00000000,0x80000000,True,False,True,True
0x0518,0x0ace8518,0x80000000,0x00000000,0x00000000,0x80000000,True,False,True,True
0x051c,0x0ace851c,0x80000000,0x00000000,0x00000000,0x80000000,True,False,True,True
0x0520,0x0ace8520,0x80000000,0x00000000,0x00000000,0x80000000,True,False,True,True
0x0524,0x0ace8524,0x80000000,0x00000000,0x00000000,0x80000000,True,False,True,True
0x0528,0x0ace8528,0x80000000,0x00000000,0x00000000,0x80000000,True,False,True,True
0x052c,0x0ace852c,0x80000000,0x00000000,0x00000000,0x80000000,True,False,True,True
0x0530,0x0ace8530,0x80000000,0x00000000,0x00000000,0x80000000,True,False,True,True
0x0534,0x0ace8534,0x80000000,0x00000000,0x00000000,0x80000000,True,False,True,True
0x0538,0x0ace8538,0x80000000,0x00000000,0x00000000,0x80000000,True,False,True,True
0x053c,0x0ace853c,0x80000000,0x00000000,0x00000000,0x80000000,True,False,True,True
0x0540,0x0ace8540,0x80000000,0x00000000,0x00000000,0x80000000,True,False,True,True
0x0544,0x0ace8544,0x80000000,0x00000000,0x00000000,0x80000000,True,False,True,True
0x0548,0x0ace8548,0x80000000,0x00000000,0x00000000,0x80000000,True,False,True,True
0x054c,0x0ace854c,0x80000000,0x00000000,0x00000000,0x80000000,True,False,True,True
0x0550,0x0ace8550,0x80000000,0x00000000,0x00000000,0x80000000,True,False,True,True
0x0554,0x0ace8554,0x80000000,0x00000000,0x00000000,0x80000000,True,False,True,True
0x0558,0x0ace8558,0x80000000,0x00000000,0x00000000,0x80000000,True,False,True,True
0x055c,0x0ace855c,0x80000000,0x00000000,0x00000000,0x80000000,True,False,True,True
0x0560,0x0ace8560,0x80000000,0x00000000,0x00000000,0x80000000,True,False,True,True
0x0564,0x0ace8564,0x80000000,0x00000000,0x00000000,0x80000000,True,False,True,True
0x0568,0x0ace8568,0x80000000,0x00000000,0x00000000,0x80000000,True,False,True,True
0x056c,0x0ace856c,0x80000000,0x00000000,0x00000000,0x80000000,True,False,True,True
0x0570,0x0ace8570,0x80000000,0x00000000,0x00000000,0x80000000,True,False,True,True
0x0574,0x0ace8574,0x80000000,0x00000000,0x00000000,0x80000000,True,False,True,True
0x0578,0x0ace8578,0x80000000,0x00000000,0x00000000,0x80000000,True,False,True,True
0x057c,0x0ace857c,0x80000000,0x00000000,0x00000000,0x80000000,True,False,True,True
0x0580,0x0ace8580,0x80000000,0x00000000,0x00000000,0x80000000,True,False,True,True
0x0584,0x0ace8584,0x80000000,0x00000000,0x00000000,0x80000000,True,False,True,True
0x0588,0x0ace8588,0x80000000,0x00000000,0x00000000,0x80000000,True,False,True,True
0x058c,0x0ace858c,0x80000000,0x00000000,0x00000000,0x80000000,True,False,True,True
0x0590,0x0ace8590,0x80000000,0x00000000,0x00000000,0x80000000,True,False,True,True
0x0594,0x0ace8594,0x80000000,0x00000000,0x00000000,0x80000000,True,False,True,True
0x0598,0x0ace8598,0x80000000,0x00000000,0x00000000,0x80000000,True,False,True,True
0x059c,0x0ace859c,0x80000000,0x00000000,0x00000000,0x80000000,True,False,True,True
0x05a0,0x0ace85a0,0x80000000,0x00000000,0x00000000,0x80000000,True,False,True,True
0x05a4,0x0ace85a4,0x80000000,0x00000000,0x00000000,0x80000000,True,False,True,True
0x05a8,0x0ace85a8,0x80000000,0x00000000,0x00000000,0x80000000,True,False,True,True
0x05ac,0x0ace85ac,0x80000000,0x00000000,0x00000000,0x80000000,True,False,True,True
0x05b0,0x0ace85b0,0x80000000,0x00000000,0x00000000,0x80000000,True,False,True,True
0x05b4,0x0ace85b4,0x80000000,0x00000000,0x00000000,0x80000000,True,False,True,True
0x05b8,0x0ace85b8,0x80000000,0x00000000,0x00000000,0x80000000,True,False,True,True
0x05bc,0x0ace85bc,0x80000000,0x00000000,0x00000000,0x80000000,True,False,True,True
0x05c0,0x0ace85c0,0x80000000,0x00000000,0x00000000,0x80000000,True,False,True,True
0x05c4,0x0ace85c4,0x80000000,0x00000000,0x00000000,0x80000000,True,False,True,True
0x05c8,0x0ace85c8,0x80000000,0x00000000,0x00000000,0x80000000,True,False,True,True
0x05cc,0x0ace85cc,0x80000000,0x00000000,0x00000000,0x80000000,True,False,True,True
0x05d0,0x0ace85d0,0x80000000,0x00000000,0x00000000,0x80000000,True,False,True,True
0x05d4,0x0ace85d4,0x80000000,0x00000000,0x00000000,0x80000000,True,False,True,True
0x05d8,0x0ace85d8,0x80000000,0x00000000,0x00000000,0x80000000,True,False,True,True
0x05dc,0x0ace85dc,0x80000000,0x00000000,0x00000000,0x80000000,True,False,True,True
0x05e0,0x0ace85e0,0x80000000,0x00000000,0x00000000,0x80000000,True,False,True,True
0x05e4,0x0ace85e4,0x80000000,0x00000000,0x00000000,0x80000000,True,False,True,True
0x05e8,0x0ace85e8,0x80000000,0x00000000,0x00000000,0x80000000,True,False,True,True
0x05ec,0x0ace85ec,0x80000000,0x00000000,0x00000000,0x80000000,True,False,True,True
0x05f0,0x0ace85f0,0x80000000,0x00000000,0x00000000,0x80000000,True,False,True,True
0x05f4,0x0ace85f4,0x80000000,0x00000000,0x00000000,0x80000000,True,False,True,True
0x05f8,0x0ace85f8,0x80000000,0x00000000,0x00000000,0x80000000,True,False,True,True
0x05fc,0x0ace85fc,0x80000000,0x00000000,0x00000000,0x80000000,True,False,True,True
0x0600,0x0ace8600,0x80000000,0x00000000,0x00000000,0x80000000,True,False,True,True
0x0604,0x0ace8604,0x80000000,0x00000000,0x00000000,0x80000000,True,False,True,True
0x0608,0x0ace8608,0x80000000,0x00000000,0x00000000,0x80000000,True,False,True,True
0x060c,0x0ace860c,0x80000000,0x00000022,0x00000022,0x80000000,True,True,True,True
0x0610,0x0ace8610,0x80000000,0x00000000,0x00000000,0x80000000,True,False,True,True
0x0614,0x0ace8614,0x80000000,0x00000000,0x00000000,0x80000000,True,False,True,True
0x0618,0x0ace8618,0x80000000,0x0000003e,0x0000003e,0x80000000,True,True,True,True
0x061c,0x0ace861c,0x80000000,0x00000041,0x00000041,0x80000000,True,True,True,True
0x0620,0x0ace8620,0x80000000,0x00000041,0x00000041,0x80000000,True,True,True,True
0x0624,0x0ace8624,0x80000000,0x0000007f,0x0000007f,0x80000000,True,True,True,True
0x0628,0x0ace8628,0x80000000,0x00000000,0x00000000,0x80000000,True,False,True,True
0x062c,0x0ace862c,0x80000000,0x00000000,0x00000000,0x80000000,True,False,True,True
0x0630,0x0ace8630,0x80000000,0x00000000,0x00000000,0x80000000,True,False,True,True
0x0634,0x0ace8634,0x80000000,0x00000000,0x00000000,0x80000000,True,False,True,True
0x0638,0x0ace8638,0x80000000,0x00000000,0x00000000,0x80000000,True,False,True,True
0x063c,0x0ace863c,0x80000000,0x00000000,0x00000000,0x80000000,True,False,True,True
0x0640,0x0ace8640,0x80000000,0x00000000,0x00000000,0x80000000,True,False,True,True
0x0644,0x0ace8644,0x80000000,0x000000b2,0x000000b2,0x80000000,True,True,True,True
0x0648,0x0ace8648,0x80000000,0x00000000,0x00000000,0x80000000,True,False,True,True
0x064c,0x0ace864c,0x80000000,0x00000000,0x00000000,0x80000000,True,False,True,True
0x0650,0x0ace8650,0x80000000,0x00000000,0x00000000,0x80000000,True,False,True,True
0x0654,0x0ace8654,0x80000000,0x00000000,0x00000000,0x80000000,True,False,True,True
0x0658,0x0ace8658,0x80000000,0x00000000,0x00000000,0x80000000,True,False,True,True
0x065c,0x0ace865c,0x80000000,0x00000000,0x00000000,0x80000000,True,False,True,True
0x0660,0x0ace8660,0x80000000,0x000000a8,0x000000a8,0x80000000,True,True,True,True
0x0664,0x0ace8664,0x80000000,0x00000001,0x00000001,0x80000000,True,True,True,True
0x0668,0x0ace8668,0x80000000,0x000000f1,0x000000f1,0x80000000,True,True,True,True
0x066c,0x0ace866c,0x80000000,0x0000003d,0x0000003d,0x80000000,True,True,True,True
0x0670,0x0ace8670,0x80000000,0x00000000,0x00000000,0x80000000,True,False,True,True
0x0674,0x0ace8674,0x80000000,0x00000003,0x00000003,0x80000000,True,True,True,True
0x0678,0x0ace8678,0x80000000,0x00000020,0x00000020,0x80000000,True,True,True,True
0x067c,0x0ace867c,0x80000000,0x00000000,0x00000000,0x80000000,True,False,True,True
0x0680,0x0ace8680,0x80000000,0x00000000,0x00000000,0x80000000,True,False,True,True
0x0684,0x0ace8684,0x80000000,0x00000000,0x00000000,0x80000000,True,False,True,True
0x0688,0x0ace8688,0x80000000,0x00000020,0x00000020,0x80000000,True,True,True,True
0x068c,0x0ace868c,0x80000000,0x00000030,0x00000030,0x80000000,True,True,True,True
0x0690,0x0ace8690,0x80000000,0x00000002,0x00000002,0x80000000,True,True,True,True
0x0694,0x0ace8694,0x80000000,0x00000009,0x00000009,0x80000000,True,True,True,True
0x0698,0x0ace8698,0x80000000,0x00000000,0x00000000,0x80000000,True,False,True,True
0x069c,0x0ace869c,0x80000000,0x00000000,0x00000000,0x80000000,True,False,True,True
0x06a0,0x0ace86a0,0x80000000,0x00000000,0x00000000,0x80000000,True,False,True,True
0x06a4,0x0ace86a4,0x80000000,0x00000000,0x00000000,0x80000000,True,False,True,True
0x06a8,0x0ace86a8,0x80000000,0x00000000,0x00000000,0x80000000,True,False,True,True
0x06ac,0x0ace86ac,0x80000000,0x00000000,0x00000000,0x80000000,True,False,True,True
0x06b0,0x0ace86b0,0x80000000,0x00000000,0x00000000,0x80000000,True,False,True,True
0x06b4,0x0ace86b4,0x80000000,0x00000000,0x00000000,0x80000000,True,False,True,True
0x06b8,0x0ace86b8,0x80000000,0x00000000,0x00000000,0x80000000,True,False,True,True
0x06bc,0x0ace86bc,0x80000000,0x000000d0,0x000000d0,0x80000000,True,True,True,True
0x06c0,0x0ace86c0,0x80000000,0x00000000,0x00000000,0x80000000,True,False,True,True
0x06c4,0x0ace86c4,0x80000000,0x00000000,0x00000000,0x80000000,True,False,True,True
0x06c8,0x0ace86c8,0x80000000,0x00000000,0x00000000,0x80000000,True,False,True,True
0x06cc,0x0ace86cc,0x80000000,0x00000000,0x00000000,0x80000000,True,False,True,True
0x06d0,0x0ace86d0,0x80000000,0x00000000,0x00000000,0x80000000,True,False,True,True
0x06d4,0x0ace86d4,0x80000000,0x00000000,0x00000000,0x80000000,True,False,True,True
0x06d8,0x0ace86d8,0x80000000,0x00000000,0x00000000,0x80000000,True,False,True,True
0x06dc,0x0ace86dc,0x80000000,0x00000000,0x00000000,0x80000000,True,False,True,True
0x06e0,0x0ace86e0,0x80000000,0x00000000,0x00000000,0x80000000,True,False,True,True
0x06e4,0x0ace86e4,0x80000000,0x00000000,0x00000000,0x80000000,True,False,True,True
0x06e8,0x0ace86e8,0x80000000,0x0000007f,0x0000007f,0x80000000,True,True,True,True
0x06ec,0x0ace86ec,0x80000000,0x0000007f,0x0000007f,0x80000000,True,True,True,True
0x06f0,0x0ace86f0,0x80000000,0x000000ef,0x000000ef,0x80000000,True,True,True,True
0x06f4,0x0ace86f4,0x80000000,0x00000000,0x00000000,0x80000000,True,False,True,True
0x06f8,0x0ace86f8,0x80000000,0x00000000,0x00000000,0x80000000,True,False,True,True
0x06fc,0x0ace86fc,0x80000000,0x00000000,0x00000000,0x80000000,True,False,True,True
0x0700,0x0ace8700,0x80000000,0x00000000,0x00000000,0x80000000,True,False,True,True
0x0704,0x0ace8704,0x80000000,0x00000000,0x00000000,0x80000000,True,False,True,True
0x0708,0x0ace8708,0x80000000,0x00000000,0x00000000,0x80000000,True,False,True,True
0x070c,0x0ace870c,0x80000000,0x00000000,0x00000000,0x80000000,True,False,True,True
0x0710,0x0ace8710,0x80000000,0x00000035,0x00000035,0x80000000,True,True,True,True
0x0714,0x0ace8714,0x80000000,0x00000000,0x00000000,0x80000000,True,False,True,True
0x0718,0x0ace8718,0x80000000,0x00000000,0x00000000,0x80000000,True,False,True,True
0x071c,0x0ace871c,0x80000000,0x00000000,0x00000000,0x80000000,True,False,True,True
0x0720,0x0ace8720,0x80000000,0x00000000,0x00000000,0x80000000,True,False,True,True
0x0724,0x0ace8724,0x80000000,0x00000000,0x00000000,0x80000000,True,False,True,True
0x0728,0x0ace8728,0x80000000,0x00000000,0x00000000,0x80000000,True,False,True,True
0x072c,0x0ace872c,0x80000000,0x00000000,0x00000000,0x80000000,True,False,True,True
0x0730,0x0ace8730,0x80000000,0x00000000,0x00000000,0x80000000,True,False,True,True
0x0734,0x0ace8734,0x80000000,0x00000000,0x00000000,0x80000000,True,False,True,True
0x0738,0x0ace8738,0x80000000,0x00000000,0x00000000,0x80000000,True,False,True,True
0x073c,0x0ace873c,0x80000000,0x00000000,0x00000000,0x80000000,True,False,True,True
0x0740,0x0ace8740,0x80000000,0x00000000,0x00000000,0x80000000,True,False,True,True
0x0744,0x0ace8744,0x80000000,0x00000000,0x00000000,0x80000000,True,False,True,True
0x0748,0x0ace8748,0x80000000,0x00000000,0x00000000,0x80000000,True,False,True,True
0x074c,0x0ace874c,0x80000000,0x00000000,0x00000000,0x80000000,True,False,True,True
0x0750,0x0ace8750,0x80000000,0x00000000,0x00000000,0x80000000,True,False,True,True
0x0754,0x0ace8754,0x80000000,0x00000000,0x00000000,0x80000000,True,False,True,True
0x0758,0x0ace8758,0x80000000,0x00000000,0x00000000,0x80000000,True,False,True,True
0x075c,0x0ace875c,0x80000000,0x00000000,0x00000000,0x80000000,True,False,True,True
0x0760,0x0ace8760,0x80000000,0x00000000,0x00000000,0x80000000,True,False,True,True
0x0764,0x0ace8764,0x80000000,0x00000000,0x00000000,0x80000000,True,False,True,True
0x0768,0x0ace8768,0x80000000,0x00000000,0x00000000,0x80000000,True,False,True,True
0x076c,0x0ace876c,0x80000000,0x00000000,0x00000000,0x80000000,True,False,True,True
0x0770,0x0ace8770,0x80000000,0x00000000,0x00000000,0x80000000,True,False,True,True
0x0774,0x0ace8774,0x80000000,0x00000000,0x00000000,0x80000000,True,False,True,True
0x0778,0x0ace8778,0x80000000,0x0000007e,0x0000007e,0x80000000,True,True,True,True
0x077c,0x0ace877c,0x80000000,0x0000007e,0x0000007e,0x80000000,True,True,True,True
0x0780,0x0ace8780,0x80000000,0x0000007e,0x0000007e,0x80000000,True,True,True,True
0x0784,0x0ace8784,0x80000000,0x00000000,0x00000000,0x80000000,True,False,True,True
0x0788,0x0ace8788,0x80000000,0x00000000,0x00000000,0x80000000,True,False,True,True
0x078c,0x0ace878c,0x80000000,0x00000000,0x00000000,0x80000000,True,False,True,True
0x0790,0x0ace8790,0x80000000,0x00000000,0x00000000,0x80000000,True,False,True,True
0x0794,0x0ace8794,0x80000000,0x00000000,0x00000000,0x80000000,True,False,True,True
0x0798,0x0ace8798,0x80000000,0x00000000,0x00000000,0x80000000,True,False,True,True
0x079c,0x0ace879c,0x80000000,0x00000000,0x00000000,0x80000000,True,False,True,True
0x07a0,0x0ace87a0,0x80000000,0x0000007e,0x0000007e,0x80000000,True,True,True,True
0x07a4,0x0ace87a4,0x80000000,0x00000000,0x00000000,0x80000000,True,False,True,True
0x07a8,0x0ace87a8,0x80000000,0x00000000,0x00000000,0x80000000,True,False,True,True
0x07ac,0x0ace87ac,0x80000000,0x00000000,0x00000000,0x80000000,True,False,True,True
0x07b0,0x0ace87b0,0x80000000,0x00000000,0x00000000,0x80000000,True,False,True,True
0x07b4,0x0ace87b4,0x80000000,0x00000000,0x00000000,0x80000000,True,False,True,True
0x07b8,0x0ace87b8,0x80000000,0x00000000,0x00000000,0x80000000,True,False,True,True
0x07bc,0x0ace87bc,0x80000000,0x00000000,0x00000000,0x80000000,True,False,True,True
0x07c0,0x0ace87c0,0x80000000,0x0000007e,0x0000007e,0x80000000,True,True,True,True
0x07c4,0x0ace87c4,0x80000000,0x00000000,0x00000000,0x80000000,True,False,True,True
0x07c8,0x0ace87c8,0x80000000,0x00000000,0x00000000,0x80000000,True,False,True,True
0x07cc,0x0ace87cc,0x80000000,0x00000000,0x00000000,0x80000000,True,False,True,True
0x07d0,0x0ace87d0,0x80000000,0x00000000,0x00000000,0x80000000,True,False,True,True
0x07d4,0x0ace87d4,0x80000000,0x00000000,0x00000000,0x80000000,True,False,True,True
0x07d8,0x0ace87d8,0x80000000,0x00000000,0x00000000,0x80000000,True,False,True,True
0x07dc,0x0ace87dc,0x80000000,0x00000000,0x00000000,0x80000000,True,False,True,True
0x07e0,0x0ace87e0,0x80000000,0x0000007e,0x0000007e,0x80000000,True,True,True,True
0x07e4,0x0ace87e4,0x80000000,0x00000000,0x00000000,0x80000000,True,False,True,True
0x07e8,0x0ace87e8,0x80000000,0x00000000,0x00000000,0x80000000,True,False,True,True
0x07ec,0x0ace87ec,0x80000000,0x00000000,0x00000000,0x80000000,True,False,True,True
0x07f0,0x0ace87f0,0x80000000,0x00000000,0x00000000,0x80000000,True,False,True,True
0x07f4,0x0ace87f4,0x80000000,0x00000000,0x00000000,0x80000000,True,False,True,True
0x07f8,0x0ace87f8,0x80000000,0x00000000,0x00000000,0x80000000,True,False,True,True
0x07fc,0x0ace87fc,0x80000000,0x00000000,0x00000000,0x80000000,True,False,True,True
0x0800,0x0ace8800,0x80000000,0x00000000,0x00000000,0x80000000,True,False,True,True
0x0804,0x0ace8804,0x80000000,0x00000000,0x00000000,0x80000000,True,False,True,True
0x0808,0x0ace8808,0x80000000,0x00000000,0x00000000,0x80000000,True,False,True,True
0x080c,0x0ace880c,0x80000000,0x00000000,0x00000000,0x80000000,True,False,True,True
0x0810,0x0ace8810,0x80000000,0x00000000,0x00000000,0x80000000,True,False,True,True
0x0814,0x0ace8814,0x80000000,0x00000000,0x00000000,0x80000000,True,False,True,True
0x0818,0x0ace8818,0x80000000,0x00000000,0x00000000,0x80000000,True,False,True,True
0x081c,0x0ace881c,0x80000000,0x00000000,0x00000000,0x80000000,True,False,True,True
0x0820,0x0ace8820,0x80000000,0x00000000,0x00000000,0x80000000,True,False,True,True
0x0824,0x0ace8824,0x80000000,0x00000000,0x00000000,0x80000000,True,False,True,True
0x0828,0x0ace8828,0x80000000,0x00000000,0x00000000,0x80000000,True,False,True,True
0x082c,0x0ace882c,0x80000000,0x00000000,0x00000000,0x80000000,True,False,True,True
0x0830,0x0ace8830,0x80000000,0x00000000,0x00000000,0x80000000,True,False,True,True
0x0834,0x0ace8834,0x80000000,0x00000000,0x00000000,0x80000000,True,False,True,True
0x0838,0x0ace8838,0x80000000,0x00000000,0x00000000,0x80000000,True,False,True,True
0x083c,0x0ace883c,0x80000000,0x00000000,0x00000000,0x80000000,True,False,True,True
0x0840,0x0ace8840,0x80000000,0x00000000,0x00000000,0x80000000,True,False,True,True
0x0844,0x0ace8844,0x80000000,0x00000000,0x00000000,0x80000000,True,False,True,True
0x0848,0x0ace8848,0x80000000,0x00000000,0x00000000,0x80000000,True,False,True,True
0x084c,0x0ace884c,0x80000000,0x00000000,0x00000000,0x80000000,True,False,True,True
0x0850,0x0ace8850,0x80000000,0x00000000,0x00000000,0x80000000,True,False,True,True
0x0854,0x0ace8854,0x80000000,0x00000000,0x00000000,0x80000000,True,False,True,True
0x0858,0x0ace8858,0x80000000,0x00000000,0x00000000,0x80000000,True,False,True,True
0x085c,0x0ace885c,0x80000000,0x00000000,0x00000000,0x80000000,True,False,True,True
0x0860,0x0ace8860,0x80000000,0x00000000,0x00000000,0x80000000,True,False,True,True
0x0864,0x0ace8864,0x80000000,0x00000000,0x00000000,0x80000000,True,False,True,True
0x0868,0x0ace8868,0x80000000,0x00000000,0x00000000,0x80000000,True,False,True,True
0x086c,0x0ace886c,0x80000000,0x00000000,0x00000000,0x80000000,True,False,True,True
0x0870,0x0ace8870,0x80000000,0x00000000,0x00000000,0x80000000,True,False,True,True
0x0874,0x0ace8874,0x80000000,0x00000000,0x00000000,0x80000000,True,False,True,True
0x0878,0x0ace8878,0x80000000,0x00000000,0x00000000,0x80000000,True,False,True,True
0x087c,0x0ace887c,0x80000000,0x00000000,0x00000000,0x80000000,True,False,True,True
0x0880,0x0ace8880,0x80000000,0x00000000,0x00000000,0x80000000,True,False,True,True
0x0884,0x0ace8884,0x80000000,0x00000000,0x00000000,0x80000000,True,False,True,True
0x0888,0x0ace8888,0x80000000,0x00000000,0x00000000,0x80000000,True,False,True,True
0x088c,0x0ace888c,0x80000000,0x00000000,0x00000000,0x80000000,True,False,True,True
0x0890,0x0ace8890,0x80000000,0x00000000,0x00000000,0x80000000,True,False,True,True
0x0894,0x0ace8894,0x80000000,0x00000000,0x00000000,0x80000000,True,False,True,True
0x0898,0x0ace8898,0x80000000,0x00000000,0x00000000,0x80000000,True,False,True,True
0x089c,0x0ace889c,0x80000000,0x00000000,0x00000000,0x80000000,True,False,True,True
0x08a0,0x0ace88a0,0x80000000,0x00000000,0x00000000,0x80000000,True,False,True,True
0x08a4,0x0ace88a4,0x80000000,0x00000000,0x00000000,0x80000000,True,False,True,True
0x08a8,0x0ace88a8,0x80000000,0x00000000,0x00000000,0x80000000,True,False,True,True
0x08ac,0x0ace88ac,0x80000000,0x00000000,0x00000000,0x80000000,True,False,True,True
0x08b0,0x0ace88b0,0x80000000,0x00000000,0x00000000,0x80000000,True,False,True,True
0x08b4,0x0ace88b4,0x80000000,0x00000000,0x00000000,0x80000000,True,False,True,True
0x08b8,0x0ace88b8,0x80000000,0x00000000,0x00000000,0x80000000,True,False,True,True
0x08bc,0x0ace88bc,0x80000000,0x00000000,0x00000000,0x80000000,True,False,True,True
0x08c0,0x0ace88c0,0x80000000,0x00000000,0x00000000,0x80000000,True,False,True,True
0x08c4,0x0ace88c4,0x80000000,0x00000000,0x00000000,0x80000000,True,False,True,True
0x08c8,0x0ace88c8,0x80000000,0x00000000,0x00000000,0x80000000,True,False,True,True
0x08cc,0x0ace88cc,0x80000000,0x00000000,0x00000000,0x80000000,True,False,True,True
0x08d0,0x0ace88d0,0x80000000,0x00000000,0x00000000,0x80000000,True,False,True,True
0x08d4,0x0ace88d4,0x80000000,0x00000000,0x00000000,0x80000000,True,False,True,True
0x08d8,0x0ace88d8,0x80000000,0x00000000,0x00000000,0x80000000,True,False,True,True
0x08dc,0x0ace88dc,0x80000000,0x00000000,0x00000000,0x80000000,True,False,True,True
0x08e0,0x0ace88e0,0x80000000,0x00000000,0x00000000,0x80000000,True,False,True,True
0x08e4,0x0ace88e4,0x80000000,0x00000000,0x00000000,0x80000000,True,False,True,True
0x08e8,0x0ace88e8,0x80000000,0x00000000,0x00000000,0x80000000,True,False,True,True
0x08ec,0x0ace88ec,0x80000000,0x00000000,0x00000000,0x80000000,True,False,True,True
0x08f0,0x0ace88f0,0x80000000,0x00000000,0x00000000,0x80000000,True,False,True,True
0x08f4,0x0ace88f4,0x80000000,0x00000000,0x00000000,0x80000000,True,False,True,True
0x08f8,0x0ace88f8,0x80000000,0x00000000,0x00000000,0x80000000,True,False,True,True
0x08fc,0x0ace88fc,0x80000000,0x00000000,0x00000000,0x80000000,True,False,True,True
0x0900,0x0ace8900,0x80000000,0x00000000,0x00000000,0x80000000,True,False,True,True
0x0904,0x0ace8904,0x80000000,0x00000000,0x00000000,0x80000000,True,False,True,True
0x0908,0x0ace8908,0x80000000,0x00000000,0x00000000,0x80000000,True,False,True,True
0x090c,0x0ace890c,0x80000000,0x00000000,0x00000000,0x80000000,True,False,True,True
0x0910,0x0ace8910,0x80000000,0x00000000,0x00000000,0x80000000,True,False,True,True
0x0914,0x0ace8914,0x80000000,0x00000000,0x00000000,0x80000000,True,False,True,True
0x0918,0x0ace8918,0x80000000,0x00000000,0x00000000,0x80000000,True,False,True,True
0x091c,0x0ace891c,0x80000000,0x00000000,0x00000000,0x80000000,True,False,True,True
0x0920,0x0ace8920,0x80000000,0x00000000,0x00000000,0x80000000,True,False,True,True
0x0924,0x0ace8924,0x80000000,0x00000000,0x00000000,0x80000000,True,False,True,True
0x0928,0x0ace8928,0x80000000,0x00000000,0x00000000,0x80000000,True,False,True,True
0x092c,0x0ace892c,0x80000000,0x00000000,0x00000000,0x80000000,True,False,True,True
0x0930,0x0ace8930,0x80000000,0x00000000,0x00000000,0x80000000,True,False,True,True
0x0934,0x0ace8934,0x80000000,0x00000000,0x00000000,0x80000000,True,False,True,True
0x0938,0x0ace8938,0x80000000,0x00000000,0x00000000,0x80000000,True,False,True,True
0x093c,0x0ace893c,0x80000000,0x00000000,0x00000000,0x80000000,True,False,True,True
0x0940,0x0ace8940,0x80000000,0x00000000,0x00000000,0x80000000,True,False,True,True
0x0944,0x0ace8944,0x80000000,0x00000000,0x00000000,0x80000000,True,False,True,True
0x0948,0x0ace8948,0x80000000,0x00000000,0x00000000,0x80000000,True,False,True,True
0x094c,0x0ace894c,0x80000000,0x00000000,0x00000000,0x80000000,True,False,True,True
0x0950,0x0ace8950,0x80000000,0x00000000,0x00000000,0x80000000,True,False,True,True
0x0954,0x0ace8954,0x80000000,0x00000000,0x00000000,0x80000000,True,False,True,True
0x0958,0x0ace8958,0x80000000,0x00000000,0x00000000,0x80000000,True,False,True,True
0x095c,0x0ace895c,0x80000000,0x00000000,0x00000000,0x80000000,True,False,True,True
0x0960,0x0ace8960,0x80000000,0x00000000,0x00000000,0x80000000,True,False,True,True
0x0964,0x0ace8964,0x80000000,0x00000000,0x00000000,0x80000000,True,False,True,True
0x0968,0x0ace8968,0x80000000,0x00000000,0x00000000,0x80000000,True,False,True,True
0x096c,0x0ace896c,0x80000000,0x00000000,0x00000000,0x80000000,True,False,True,True
0x0970,0x0ace8970,0x80000000,0x00000000,0x00000000,0x80000000,True,False,True,True
0x0974,0x0ace8974,0x80000000,0x00000000,0x00000000,0x80000000,True,False,True,True
0x0978,0x0ace8978,0x80000000,0x00000000,0x00000000,0x80000000,True,False,True,True
0x097c,0x0ace897c,0x80000000,0x00000000,0x00000000,0x80000000,True,False,True,True
0x0980,0x0ace8980,0x80000000,0x00000000,0x00000000,0x80000000,True,False,True,True
0x0984,0x0ace8984,0x80000000,0x00000000,0x00000000,0x80000000,True,False,True,True
0x0988,0x0ace8988,0x80000000,0x00000000,0x00000000,0x80000000,True,False,True,True
0x098c,0x0ace898c,0x80000000,0x00000000,0x00000000,0x80000000,True,False,True,True
0x0990,0x0ace8990,0x80000000,0x00000000,0x00000000,0x80000000,True,False,True,True
0x0994,0x0ace8994,0x80000000,0x00000000,0x00000000,0x80000000,True,False,True,True
0x0998,0x0ace8998,0x80000000,0x00000000,0x00000000,0x80000000,True,False,True,True
0x099c,0x0ace899c,0x80000000,0x00000000,0x00000000,0x80000000,True,False,True,True
0x09a0,0x0ace89a0,0x80000000,0x00000000,0x00000000,0x80000000,True,False,True,True
0x09a4,0x0ace89a4,0x80000000,0x00000000,0x00000000,0x80000000,True,False,True,True
0x09a8,0x0ace89a8,0x80000000,0x00000000,0x00000000,0x80000000,True,False,True,True
0x09ac,0x0ace89ac,0x80000000,0x00000000,0x00000000,0x80000000,True,False,True,True
0x09b0,0x0ace89b0,0x80000000,0x00000000,0x00000000,0x80000000,True,False,True,True
0x09b4,0x0ace89b4,0x80000000,0x00000000,0x00000000,0x80000000,True,False,True,True
0x09b8,0x0ace89b8,0x80000000,0x00000000,0x00000000,0x80000000,True,False,True,True
0x09bc,0x0ace89bc,0x80000000,0x00000000,0x00000000,0x80000000,True,False,True,True
0x09c0,0x0ace89c0,0x80000000,0x00000000,0x00000000,0x80000000,True,False,True,True
0x09c4,0x0ace89c4,0x80000000,0x00000000,0x00000000,0x80000000,True,False,True,True
0x09c8,0x0ace89c8,0x80000000,0x00000000,0x00000000,0x80000000,True,False,True,True
0x09cc,0x0ace89cc,0x80000000,0x00000000,0x00000000,0x80000000,True,False,True,True
0x09d0,0x0ace89d0,0x80000000,0x00000000,0x00000000,0x80000000,True,False,True,True
0x09d4,0x0ace89d4,0x80000000,0x00000000,0x00000000,0x80000000,True,False,True,True
0x09d8,0x0ace89d8,0x80000000,0x00000000,0x00000000,0x80000000,True,False,True,True
0x09dc,0x0ace89dc,0x80000000,0x00000000,0x00000000,0x80000000,True,False,True,True
0x09e0,0x0ace89e0,0x80000000,0x00000000,0x00000000,0x80000000,True,False,True,True
0x09e4,0x0ace89e4,0x80000000,0x00000000,0x00000000,0x80000000,True,False,True,True
0x09e8,0x0ace89e8,0x80000000,0x00000000,0x00000000,0x80000000,True,False,True,True
0x09ec,0x0ace89ec,0x80000000,0x00000000,0x00000000,0x80000000,True,False,True,True
0x09f0,0x0ace89f0,0x80000000,0x00000000,0x00000000,0x80000000,True,False,True,True
0x09f4,0x0ace89f4,0x80000000,0x00000000,0x00000000,0x80000000,True,False,True,True
0x09f8,0x0ace89f8,0x80000000,0x00000000,0x00000000,0x80000000,True,False,True,True
0x09fc,0x0ace89fc,0x80000000,0x00000000,0x00000000,0x80000000,True,False,True,True
0x0a00,0x0ace8a00,0x80000000,0x00000000,0x00000000,0x80000000,True,False,True,True
0x0a04,0x0ace8a04,0x80000000,0x00000000,0x00000000,0x80000000,True,False,True,True
0x0a08,0x0ace8a08,0x80000000,0x00000000,0x00000000,0x80000000,True,False,True,True
0x0a0c,0x0ace8a0c,0x80000000,0x00000022,0x00000022,0x80000000,True,True,True,True
0x0a10,0x0ace8a10,0x80000000,0x00000000,0x00000000,0x80000000,True,False,True,True
0x0a14,0x0ace8a14,0x80000000,0x00000000,0x00000000,0x80000000,True,False,True,True
0x0a18,0x0ace8a18,0x80000000,0x0000003e,0x0000003e,0x80000000,True,True,True,True
0x0a1c,0x0ace8a1c,0x80000000,0x00000041,0x00000041,0x80000000,True,True,True,True
0x0a20,0x0ace8a20,0x80000000,0x00000041,0x00000041,0x80000000,True,True,True,True
0x0a24,0x0ace8a24,0x80000000,0x0000007f,0x0000007f,0x80000000,True,True,True,True
0x0a28,0x0ace8a28,0x80000000,0x00000000,0x00000000,0x80000000,True,False,True,True
0x0a2c,0x0ace8a2c,0x80000000,0x00000000,0x00000000,0x80000000,True,False,True,True
0x0a30,0x0ace8a30,0x80000000,0x00000000,0x00000000,0x80000000,True,False,True,True
0x0a34,0x0ace8a34,0x80000000,0x00000000,0x00000000,0x80000000,True,False,True,True
0x0a38,0x0ace8a38,0x80000000,0x00000000,0x00000000,0x80000000,True,False,True,True
0x0a3c,0x0ace8a3c,0x80000000,0x00000000,0x00000000,0x80000000,True,False,True,True
0x0a40,0x0ace8a40,0x80000000,0x00000000,0x00000000,0x80000000,True,False,True,True
0x0a44,0x0ace8a44,0x80000000,0x000000b2,0x000000b2,0x80000000,True,True,True,True
0x0a48,0x0ace8a48,0x80000000,0x00000000,0x00000000,0x80000000,True,False,True,True
0x0a4c,0x0ace8a4c,0x80000000,0x00000000,0x00000000,0x80000000,True,False,True,True
0x0a50,0x0ace8a50,0x80000000,0x00000000,0x00000000,0x80000000,True,False,True,True
0x0a54,0x0ace8a54,0x80000000,0x00000000,0x00000000,0x80000000,True,False,True,True
0x0a58,0x0ace8a58,0x80000000,0x00000000,0x00000000,0x80000000,True,False,True,True
0x0a5c,0x0ace8a5c,0x80000000,0x00000000,0x00000000,0x80000000,True,False,True,True
0x0a60,0x0ace8a60,0x80000000,0x000000a8,0x000000a8,0x80000000,True,True,True,True
0x0a64,0x0ace8a64,0x80000000,0x00000001,0x00000001,0x80000000,True,True,True,True
0x0a68,0x0ace8a68,0x80000000,0x000000f1,0x000000f1,0x80000000,True,True,True,True
0x0a6c,0x0ace8a6c,0x80000000,0x0000003d,0x0000003d,0x80000000,True,True,True,True
0x0a70,0x0ace8a70,0x80000000,0x00000000,0x00000000,0x80000000,True,False,True,True
0x0a74,0x0ace8a74,0x80000000,0x00000003,0x00000003,0x80000000,True,True,True,True
0x0a78,0x0ace8a78,0x80000000,0x00000020,0x00000020,0x80000000,True,True,True,True
0x0a7c,0x0ace8a7c,0x80000000,0x00000000,0x00000000,0x80000000,True,False,True,True
0x0a80,0x0ace8a80,0x80000000,0x00000000,0x00000000,0x80000000,True,False,True,True
0x0a84,0x0ace8a84,0x80000000,0x00000000,0x00000000,0x80000000,True,False,True,True
0x0a88,0x0ace8a88,0x80000000,0x00000020,0x00000020,0x80000000,True,True,True,True
0x0a8c,0x0ace8a8c,0x80000000,0x00000030,0x00000030,0x80000000,True,True,True,True
0x0a90,0x0ace8a90,0x80000000,0x00000002,0x00000002,0x80000000,True,True,True,True
0x0a94,0x0ace8a94,0x80000000,0x00000009,0x00000009,0x80000000,True,True,True,True
0x0a98,0x0ace8a98,0x80000000,0x00000000,0x00000000,0x80000000,True,False,True,True
0x0a9c,0x0ace8a9c,0x80000000,0x00000000,0x00000000,0x80000000,True,False,True,True
0x0aa0,0x0ace8aa0,0x80000000,0x00000000,0x00000000,0x80000000,True,False,True,True
0x0aa4,0x0ace8aa4,0x80000000,0x00000000,0x00000000,0x80000000,True,False,True,True
0x0aa8,0x0ace8aa8,0x80000000,0x00000000,0x00000000,0x80000000,True,False,True,True
0x0aac,0x0ace8aac,0x80000000,0x00000000,0x00000000,0x80000000,True,False,True,True
0x0ab0,0x0ace8ab0,0x80000000,0x00000000,0x00000000,0x80000000,True,False,True,True
0x0ab4,0x0ace8ab4,0x80000000,0x00000000,0x00000000,0x80000000,True,False,True,True
0x0ab8,0x0ace8ab8,0x80000000,0x00000000,0x00000000,0x80000000,True,False,True,True
0x0abc,0x0ace8abc,0x80000000,0x000000d0,0x000000d0,0x80000000,True,True,True,True
0x0ac0,0x0ace8ac0,0x80000000,0x00000000,0x00000000,0x80000000,True,False,True,True
0x0ac4,0x0ace8ac4,0x80000000,0x00000000,0x00000000,0x80000000,True,False,True,True
0x0ac8,0x0ace8ac8,0x80000000,0x00000000,0x00000000,0x80000000,True,False,True,True
0x0acc,0x0ace8acc,0x80000000,0x00000000,0x00000000,0x80000000,True,False,True,True
0x0ad0,0x0ace8ad0,0x80000000,0x00000000,0x00000000,0x80000000,True,False,True,True
0x0ad4,0x0ace8ad4,0x80000000,0x00000000,0x00000000,0x80000000,True,False,True,True
0x0ad8,0x0ace8ad8,0x80000000,0x00000000,0x00000000,0x80000000,True,False,True,True
0x0adc,0x0ace8adc,0x80000000,0x00000000,0x00000000,0x80000000,True,False,True,True
0x0ae0,0x0ace8ae0,0x80000000,0x00000000,0x00000000,0x80000000,True,False,True,True
0x0ae4,0x0ace8ae4,0x80000000,0x00000000,0x00000000,0x80000000,True,False,True,True
0x0ae8,0x0ace8ae8,0x80000000,0x0000007f,0x0000007f,0x80000000,True,True,True,True
0x0aec,0x0ace8aec,0x80000000,0x0000007f,0x0000007f,0x80000000,True,True,True,True
0x0af0,0x0ace8af0,0x80000000,0x000000ef,0x000000ef,0x80000000,True,True,True,True
0x0af4,0x0ace8af4,0x80000000,0x00000000,0x00000000,0x80000000,True,False,True,True
0x0af8,0x0ace8af8,0x80000000,0x00000000,0x00000000,0x80000000,True,False,True,True
0x0afc,0x0ace8afc,0x80000000,0x00000000,0x00000000,0x80000000,True,False,True,True
0x0b00,0x0ace8b00,0x80000000,0x00000000,0x00000000,0x80000000,True,False,True,True
0x0b04,0x0ace8b04,0x80000000,0x00000000,0x00000000,0x80000000,True,False,True,True
0x0b08,0x0ace8b08,0x80000000,0x00000000,0x00000000,0x80000000,True,False,True,True
0x0b0c,0x0ace8b0c,0x80000000,0x00000000,0x00000000,0x80000000,True,False,True,True
0x0b10,0x0ace8b10,0x80000000,0x00000035,0x00000035,0x80000000,True,True,True,True
0x0b14,0x0ace8b14,0x80000000,0x00000000,0x00000000,0x80000000,True,False,True,True
0x0b18,0x0ace8b18,0x80000000,0x00000000,0x00000000,0x80000000,True,False,True,True
0x0b1c,0x0ace8b1c,0x80000000,0x00000000,0x00000000,0x80000000,True,False,True,True
0x0b20,0x0ace8b20,0x80000000,0x00000000,0x00000000,0x80000000,True,False,True,True
0x0b24,0x0ace8b24,0x80000000,0x00000000,0x00000000,0x80000000,True,False,True,True
0x0b28,0x0ace8b28,0x80000000,0x00000000,0x00000000,0x80000000,True,False,True,True
0x0b2c,0x0ace8b2c,0x80000000,0x00000000,0x00000000,0x80000000,True,False,True,True
0x0b30,0x0ace8b30,0x80000000,0x00000000,0x00000000,0x80000000,True,False,True,True
0x0b34,0x0ace8b34,0x80000000,0x00000000,0x00000000,0x80000000,True,False,True,True
0x0b38,0x0ace8b38,0x80000000,0x00000000,0x00000000,0x80000000,True,False,True,True
0x0b3c,0x0ace8b3c,0x80000000,0x00000000,0x00000000,0x80000000,True,False,True,True
0x0b40,0x0ace8b40,0x80000000,0x00000000,0x00000000,0x80000000,True,False,True,True
0x0b44,0x0ace8b44,0x80000000,0x00000000,0x00000000,0x80000000,True,False,True,True
0x0b48,0x0ace8b48,0x80000000,0x00000000,0x00000000,0x80000000,True,False,True,True
0x0b4c,0x0ace8b4c,0x80000000,0x00000000,0x00000000,0x80000000,True,False,True,True
0x0b50,0x0ace8b50,0x80000000,0x00000000,0x00000000,0x80000000,True,False,True,True
0x0b54,0x0ace8b54,0x80000000,0x00000000,0x00000000,0x80000000,True,False,True,True
0x0b58,0x0ace8b58,0x80000000,0x00000000,0x00000000,0x80000000,True,False,True,True
0x0b5c,0x0ace8b5c,0x80000000,0x00000000,0x00000000,0x80000000,True,False,True,True
0x0b60,0x0ace8b60,0x80000000,0x00000000,0x00000000,0x80000000,True,False,True,True
0x0b64,0x0ace8b64,0x80000000,0x00000000,0x00000000,0x80000000,True,False,True,True
0x0b68,0x0ace8b68,0x80000000,0x00000000,0x00000000,0x80000000,True,False,True,True
0x0b6c,0x0ace8b6c,0x80000000,0x00000000,0x00000000,0x80000000,True,False,True,True
0x0b70,0x0ace8b70,0x80000000,0x00000000,0x00000000,0x80000000,True,False,True,True
0x0b74,0x0ace8b74,0x80000000,0x00000000,0x00000000,0x80000000,True,False,True,True
0x0b78,0x0ace8b78,0x80000000,0x0000007e,0x0000007e,0x80000000,True,True,True,True
0x0b7c,0x0ace8b7c,0x80000000,0x0000007e,0x0000007e,0x80000000,True,True,True,True
0x0b80,0x0ace8b80,0x80000000,0x0000007e,0x0000007e,0x80000000,True,True,True,True
0x0b84,0x0ace8b84,0x80000000,0x00000000,0x00000000,0x80000000,True,False,True,True
0x0b88,0x0ace8b88,0x80000000,0x00000000,0x00000000,0x80000000,True,False,True,True
0x0b8c,0x0ace8b8c,0x80000000,0x00000000,0x00000000,0x80000000,True,False,True,True
0x0b90,0x0ace8b90,0x80000000,0x00000000,0x00000000,0x80000000,True,False,True,True
0x0b94,0x0ace8b94,0x80000000,0x00000000,0x00000000,0x80000000,True,False,True,True
0x0b98,0x0ace8b98,0x80000000,0x00000000,0x00000000,0x80000000,True,False,True,True
0x0b9c,0x0ace8b9c,0x80000000,0x00000000,0x00000000,0x80000000,True,False,True,True
0x0ba0,0x0ace8ba0,0x80000000,0x0000007e,0x0000007e,0x80000000,True,True,True,True
0x0ba4,0x0ace8ba4,0x80000000,0x00000000,0x00000000,0x80000000,True,False,True,True
0x0ba8,0x0ace8ba8,0x80000000,0x00000000,0x00000000,0x80000000,True,False,True,True
0x0bac,0x0ace8bac,0x80000000,0x00000000,0x00000000,0x80000000,True,False,True,True
0x0bb0,0x0ace8bb0,0x80000000,0x00000000,0x00000000,0x80000000,True,False,True,True
0x0bb4,0x0ace8bb4,0x80000000,0x00000000,0x00000000,0x80000000,True,False,True,True
0x0bb8,0x0ace8bb8,0x80000000,0x00000000,0x00000000,0x80000000,True,False,True,True
0x0bbc,0x0ace8bbc,0x80000000,0x00000000,0x00000000,0x80000000,True,False,True,True
0x0bc0,0x0ace8bc0,0x80000000,0x0000007e,0x0000007e,0x80000000,True,True,True,True
0x0bc4,0x0ace8bc4,0x80000000,0x00000000,0x00000000,0x80000000,True,False,True,True
0x0bc8,0x0ace8bc8,0x80000000,0x00000000,0x00000000,0x80000000,True,False,True,True
0x0bcc,0x0ace8bcc,0x80000000,0x00000000,0x00000000,0x80000000,True,False,True,True
0x0bd0,0x0ace8bd0,0x80000000,0x00000000,0x00000000,0x80000000,True,False,True,True
0x0bd4,0x0ace8bd4,0x80000000,0x00000000,0x00000000,0x80000000,True,False,True,True
0x0bd8,0x0ace8bd8,0x80000000,0x00000000,0x00000000,0x80000000,True,False,True,True
0x0bdc,0x0ace8bdc,0x80000000,0x00000000,0x00000000,0x80000000,True,False,True,True
0x0be0,0x0ace8be0,0x80000000,0x0000007e,0x0000007e,0x80000000,True,True,True,True
0x0be4,0x0ace8be4,0x80000000,0x00000000,0x00000000,0x80000000,True,False,True,True
0x0be8,0x0ace8be8,0x80000000,0x00000000,0x00000000,0x80000000,True,False,True,True
0x0bec,0x0ace8bec,0x80000000,0x00000000,0x00000000,0x80000000,True,False,True,True
0x0bf0,0x0ace8bf0,0x80000000,0x00000000,0x00000000,0x80000000,True,False,True,True
0x0bf4,0x0ace8bf4,0x80000000,0x00000000,0x00000000,0x80000000,True,False,True,True
0x0bf8,0x0ace8bf8,0x80000000,0x00000000,0x00000000,0x80000000,True,False,True,True
0x0bfc,0x0ace8bfc,0x80000000,0x00000000,0x00000000,0x80000000,True,False,True,True
0x0c00,0x0ace8c00,0x80000000,0x00000000,0x00000000,0x80000000,True,False,True,True
0x0c04,0x0ace8c04,0x80000000,0x00000000,0x00000000,0x80000000,True,False,True,True
0x0c08,0x0ace8c08,0x80000000,0x00000000,0x00000000,0x80000000,True,False,True,True
0x0c0c,0x0ace8c0c,0x80000000,0x00000000,0x00000000,0x80000000,True,False,True,True
0x0c10,0x0ace8c10,0x80000000,0x00000000,0x00000000,0x80000000,True,False,True,True
0x0c14,0x0ace8c14,0x80000000,0x00000000,0x00000000,0x80000000,True,False,True,True
0x0c18,0x0ace8c18,0x80000000,0x00000000,0x00000000,0x80000000,True,False,True,True
0x0c1c,0x0ace8c1c,0x80000000,0x00000000,0x00000000,0x80000000,True,False,True,True
0x0c20,0x0ace8c20,0x80000000,0x00000000,0x00000000,0x80000000,True,False,True,True
0x0c24,0x0ace8c24,0x80000000,0x00000000,0x00000000,0x80000000,True,False,True,True
0x0c28,0x0ace8c28,0x80000000,0x00000000,0x00000000,0x80000000,True,False,True,True
0x0c2c,0x0ace8c2c,0x80000000,0x00000000,0x00000000,0x80000000,True,False,True,True
0x0c30,0x0ace8c30,0x80000000,0x00000000,0x00000000,0x80000000,True,False,True,True
0x0c34,0x0ace8c34,0x80000000,0x00000000,0x00000000,0x80000000,True,False,True,True
0x0c38,0x0ace8c38,0x80000000,0x00000000,0x00000000,0x80000000,True,False,True,True
0x0c3c,0x0ace8c3c,0x80000000,0x00000000,0x00000000,0x80000000,True,False,True,True
0x0c40,0x0ace8c40,0x80000000,0x00000000,0x00000000,0x80000000,True,False,True,True
0x0c44,0x0ace8c44,0x80000000,0x00000000,0x00000000,0x80000000,True,False,True,True
0x0c48,0x0ace8c48,0x80000000,0x00000000,0x00000000,0x80000000,True,False,True,True
0x0c4c,0x0ace8c4c,0x80000000,0x00000000,0x00000000,0x80000000,True,False,True,True
0x0c50,0x0ace8c50,0x80000000,0x00000000,0x00000000,0x80000000,True,False,True,True
0x0c54,0x0ace8c54,0x80000000,0x00000000,0x00000000,0x80000000,True,False,True,True
0x0c58,0x0ace8c58,0x80000000,0x00000000,0x00000000,0x80000000,True,False,True,True
0x0c5c,0x0ace8c5c,0x80000000,0x00000000,0x00000000,0x80000000,True,False,True,True
0x0c60,0x0ace8c60,0x80000000,0x00000000,0x00000000,0x80000000,True,False,True,True
0x0c64,0x0ace8c64,0x80000000,0x00000000,0x00000000,0x80000000,True,False,True,True
0x0c68,0x0ace8c68,0x80000000,0x00000000,0x00000000,0x80000000,True,False,True,True
0x0c6c,0x0ace8c6c,0x80000000,0x00000000,0x00000000,0x80000000,True,False,True,True
0x0c70,0x0ace8c70,0x80000000,0x00000000,0x00000000,0x80000000,True,False,True,True
0x0c74,0x0ace8c74,0x80000000,0x00000000,0x00000000,0x80000000,True,False,True,True
0x0c78,0x0ace8c78,0x80000000,0x00000000,0x00000000,0x80000000,True,False,True,True
0x0c7c,0x0ace8c7c,0x80000000,0x00000000,0x00000000,0x80000000,True,False,True,True
0x0c80,0x0ace8c80,0x80000000,0x00000000,0x00000000,0x80000000,True,False,True,True
0x0c84,0x0ace8c84,0x80000000,0x00000000,0x00000000,0x80000000,True,False,True,True
0x0c88,0x0ace8c88,0x80000000,0x00000000,0x00000000,0x80000000,True,False,True,True
0x0c8c,0x0ace8c8c,0x80000000,0x00000000,0x00000000,0x80000000,True,False,True,True
0x0c90,0x0ace8c90,0x80000000,0x00000000,0x00000000,0x80000000,True,False,True,True
0x0c94,0x0ace8c94,0x80000000,0x00000000,0x00000000,0x80000000,True,False,True,True
0x0c98,0x0ace8c98,0x80000000,0x00000000,0x00000000,0x80000000,True,False,True,True
0x0c9c,0x0ace8c9c,0x80000000,0x00000000,0x00000000,0x80000000,True,False,True,True
0x0ca0,0x0ace8ca0,0x80000000,0x00000000,0x00000000,0x80000000,True,False,True,True
0x0ca4,0x0ace8ca4,0x80000000,0x00000000,0x00000000,0x80000000,True,False,True,True
0x0ca8,0x0ace8ca8,0x80000000,0x00000000,0x00000000,0x80000000,True,False,True,True
0x0cac,0x0ace8cac,0x80000000,0x00000000,0x00000000,0x80000000,True,False,True,True
0x0cb0,0x0ace8cb0,0x80000000,0x00000000,0x00000000,0x80000000,True,False,True,True
0x0cb4,0x0ace8cb4,0x80000000,0x00000000,0x00000000,0x80000000,True,False,True,True
0x0cb8,0x0ace8cb8,0x80000000,0x00000000,0x00000000,0x80000000,True,False,True,True
0x0cbc,0x0ace8cbc,0x80000000,0x00000000,0x00000000,0x80000000,True,False,True,True
0x0cc0,0x0ace8cc0,0x80000000,0x00000000,0x00000000,0x80000000,True,False,True,True
0x0cc4,0x0ace8cc4,0x80000000,0x00000000,0x00000000,0x80000000,True,False,True,True
0x0cc8,0x0ace8cc8,0x80000000,0x00000000,0x00000000,0x80000000,True,False,True,True
0x0ccc,0x0ace8ccc,0x80000000,0x00000000,0x00000000,0x80000000,True,False,True,True
0x0cd0,0x0ace8cd0,0x80000000,0x00000000,0x00000000,0x80000000,True,False,True,True
0x0cd4,0x0ace8cd4,0x80000000,0x00000000,0x00000000,0x80000000,True,False,True,True
0x0cd8,0x0ace8cd8,0x80000000,0x00000000,0x00000000,0x80000000,True,False,True,True
0x0cdc,0x0ace8cdc,0x80000000,0x00000000,0x00000000,0x80000000,True,False,True,True
0x0ce0,0x0ace8ce0,0x80000000,0x00000000,0x00000000,0x80000000,True,False,True,True
0x0ce4,0x0ace8ce4,0x80000000,0x00000000,0x00000000,0x80000000,True,False,True,True
0x0ce8,0x0ace8ce8,0x80000000,0x00000000,0x00000000,0x80000000,True,False,True,True
0x0cec,0x0ace8cec,0x80000000,0x00000000,0x00000000,0x80000000,True,False,True,True
0x0cf0,0x0ace8cf0,0x80000000,0x00000000,0x00000000,0x80000000,True,False,True,True
0x0cf4,0x0ace8cf4,0x80000000,0x00000000,0x00000000,0x80000000,True,False,True,True
0x0cf8,0x0ace8cf8,0x80000000,0x00000000,0x00000000,0x80000000,True,False,True,True
0x0cfc,0x0ace8cfc,0x80000000,0x00000000,0x00000000,0x80000000,True,False,True,True
0x0d00,0x0ace8d00,0x80000000,0x00000000,0x00000000,0x80000000,True,False,True,True
0x0d04,0x0ace8d04,0x80000000,0x00000000,0x00000000,0x80000000,True,False,True,True
0x0d08,0x0ace8d08,0x80000000,0x00000000,0x00000000,0x80000000,True,False,True,True
0x0d0c,0x0ace8d0c,0x80000000,0x00000000,0x00000000,0x80000000,True,False,True,True
0x0d10,0x0ace8d10,0x80000000,0x00000000,0x00000000,0x80000000,True,False,True,True
0x0d14,0x0ace8d14,0x80000000,0x00000000,0x00000000,0x80000000,True,False,True,True
0x0d18,0x0ace8d18,0x80000000,0x00000000,0x00000000,0x80000000,True,False,True,True
0x0d1c,0x0ace8d1c,0x80000000,0x00000000,0x00000000,0x80000000,True,False,True,True
0x0d20,0x0ace8d20,0x80000000,0x00000000,0x00000000,0x80000000,True,False,True,True
0x0d24,0x0ace8d24,0x80000000,0x00000000,0x00000000,0x80000000,True,False,True,True
0x0d28,0x0ace8d28,0x80000000,0x00000000,0x00000000,0x80000000,True,False,True,True
0x0d2c,0x0ace8d2c,0x80000000,0x00000000,0x00000000,0x80000000,True,False,True,True
0x0d30,0x0ace8d30,0x80000000,0x00000000,0x00000000,0x80000000,True,False,True,True
0x0d34,0x0ace8d34,0x80000000,0x00000000,0x00000000,0x80000000,True,False,True,True
0x0d38,0x0ace8d38,0x80000000,0x00000000,0x00000000,0x80000000,True,False,True,True
0x0d3c,0x0ace8d3c,0x80000000,0x00000000,0x00000000,0x80000000,True,False,True,True
0x0d40,0x0ace8d40,0x80000000,0x00000000,0x00000000,0x80000000,True,False,True,True
0x0d44,0x0ace8d44,0x80000000,0x00000000,0x00000000,0x80000000,True,False,True,True
0x0d48,0x0ace8d48,0x80000000,0x00000000,0x00000000,0x80000000,True,False,True,True
0x0d4c,0x0ace8d4c,0x80000000,0x00000000,0x00000000,0x80000000,True,False,True,True
0x0d50,0x0ace8d50,0x80000000,0x00000000,0x00000000,0x80000000,True,False,True,True
0x0d54,0x0ace8d54,0x80000000,0x00000000,0x00000000,0x80000000,True,False,True,True
0x0d58,0x0ace8d58,0x80000000,0x00000000,0x00000000,0x80000000,True,False,True,True
0x0d5c,0x0ace8d5c,0x80000000,0x00000000,0x00000000,0x80000000,True,False,True,True
0x0d60,0x0ace8d60,0x80000000,0x00000000,0x00000000,0x80000000,True,False,True,True
0x0d64,0x0ace8d64,0x80000000,0x00000000,0x00000000,0x80000000,True,False,True,True
0x0d68,0x0ace8d68,0x80000000,0x00000000,0x00000000,0x80000000,True,False,True,True
0x0d6c,0x0ace8d6c,0x80000000,0x00000000,0x00000000,0x80000000,True,False,True,True
0x0d70,0x0ace8d70,0x80000000,0x00000000,0x00000000,0x80000000,True,False,True,True
0x0d74,0x0ace8d74,0x80000000,0x00000000,0x00000000,0x80000000,True,False,True,True
0x0d78,0x0ace8d78,0x80000000,0x00000000,0x00000000,0x80000000,True,False,True,True
0x0d7c,0x0ace8d7c,0x80000000,0x00000000,0x00000000,0x80000000,True,False,True,True
0x0d80,0x0ace8d80,0x80000000,0x00000000,0x00000000,0x80000000,True,False,True,True
0x0d84,0x0ace8d84,0x80000000,0x00000000,0x00000000,0x80000000,True,False,True,True
0x0d88,0x0ace8d88,0x80000000,0x00000000,0x00000000,0x80000000,True,False,True,True
0x0d8c,0x0ace8d8c,0x80000000,0x00000000,0x00000000,0x80000000,True,False,True,True
0x0d90,0x0ace8d90,0x80000000,0x00000000,0x00000000,0x80000000,True,False,True,True
0x0d94,0x0ace8d94,0x80000000,0x00000000,0x00000000,0x80000000,True,False,True,True
0x0d98,0x0ace8d98,0x80000000,0x00000000,0x00000000,0x80000000,True,False,True,True
0x0d9c,0x0ace8d9c,0x80000000,0x00000000,0x00000000,0x80000000,True,False,True,True
0x0da0,0x0ace8da0,0x80000000,0x00000000,0x00000000,0x80000000,True,False,True,True
0x0da4,0x0ace8da4,0x80000000,0x00000000,0x00000000,0x80000000,True,False,True,True
0x0da8,0x0ace8da8,0x80000000,0x00000000,0x00000000,0x80000000,True,False,True,True
0x0dac,0x0ace8dac,0x80000000,0x00000000,0x00000000,0x80000000,True,False,True,True
0x0db0,0x0ace8db0,0x80000000,0x00000000,0x00000000,0x80000000,True,False,True,True
0x0db4,0x0ace8db4,0x80000000,0x00000000,0x00000000,0x80000000,True,False,True,True
0x0db8,0x0ace8db8,0x80000000,0x00000000,0x00000000,0x80000000,True,False,True,True
0x0dbc,0x0ace8dbc,0x80000000,0x00000000,0x00000000,0x80000000,True,False,True,True
0x0dc0,0x0ace8dc0,0x80000000,0x00000000,0x00000000,0x80000000,True,False,True,True
0x0dc4,0x0ace8dc4,0x80000000,0x00000000,0x00000000,0x80000000,True,False,True,True
0x0dc8,0x0ace8dc8,0x80000000,0x00000000,0x00000000,0x80000000,True,False,True,True
0x0dcc,0x0ace8dcc,0x80000000,0x00000000,0x00000000,0x80000000,True,False,True,True
0x0dd0,0x0ace8dd0,0x80000000,0x00000000,0x00000000,0x80000000,True,False,True,True
0x0dd4,0x0ace8dd4,0x80000000,0x00000000,0x00000000,0x80000000,True,False,True,True
0x0dd8,0x0ace8dd8,0x80000000,0x00000000,0x00000000,0x80000000,True,False,True,True
0x0ddc,0x0ace8ddc,0x80000000,0x00000000,0x00000000,0x80000000,True,False,True,True
0x0de0,0x0ace8de0,0x80000000,0x00000000,0x00000000,0x80000000,True,False,True,True
0x0de4,0x0ace8de4,0x80000000,0x00000000,0x00000000,0x80000000,True,False,True,True
0x0de8,0x0ace8de8,0x80000000,0x00000000,0x00000000,0x80000000,True,False,True,True
0x0dec,0x0ace8dec,0x80000000,0x00000000,0x00000000,0x80000000,True,False,True,True
0x0df0,0x0ace8df0,0x80000000,0x00000000,0x00000000,0x80000000,True,False,True,True
0x0df4,0x0ace8df4,0x80000000,0x00000000,0x00000000,0x80000000,True,False,True,True
0x0df8,0x0ace8df8,0x80000000,0x00000000,0x00000000,0x80000000,True,False,True,True
0x0dfc,0x0ace8dfc,0x80000000,0x00000000,0x00000000,0x80000000,True,False,True,True
0x0e00,0x0ace8e00,0x80000000,0x00000000,0x00000000,0x80000000,True,False,True,True
0x0e04,0x0ace8e04,0x80000000,0x00000000,0x00000000,0x80000000,True,False,True,True
0x0e08,0x0ace8e08,0x80000000,0x00000000,0x00000000,0x80000000,True,False,True,True
0x0e0c,0x0ace8e0c,0x80000000,0x00000000,0x00000000,0x80000000,True,False,True,True
0x0e10,0x0ace8e10,0x80000000,0x00000000,0x00000000,0x80000000,True,False,True,True
0x0e14,0x0ace8e14,0x80000000,0x00000000,0x00000000,0x80000000,True,False,True,True
0x0e18,0x0ace8e18,0x80000000,0x00000000,0x00000000,0x80000000,True,False,True,True
0x0e1c,0x0ace8e1c,0x80000000,0x00000000,0x00000000,0x80000000,True,False,True,True
0x0e20,0x0ace8e20,0x80000000,0x00000000,0x00000000,0x80000000,True,False,True,True
0x0e24,0x0ace8e24,0x80000000,0x00000000,0x00000000,0x80000000,True,False,True,True
0x0e28,0x0ace8e28,0x80000000,0x00000000,0x00000000,0x80000000,True,False,True,True
0x0e2c,0x0ace8e2c,0x80000000,0x00000000,0x00000000,0x80000000,True,False,True,True
0x0e30,0x0ace8e30,0x80000000,0x00000000,0x00000000,0x80000000,True,False,True,True
0x0e34,0x0ace8e34,0x80000000,0x00000000,0x00000000,0x80000000,True,False,True,True
0x0e38,0x0ace8e38,0x80000000,0x00000000,0x00000000,0x80000000,True,False,True,True
0x0e3c,0x0ace8e3c,0x80000000,0x00000000,0x00000000,0x80000000,True,False,True,True
0x0e40,0x0ace8e40,0x80000000,0x00000000,0x00000000,0x80000000,True,False,True,True
0x0e44,0x0ace8e44,0x80000000,0x00000000,0x00000000,0x80000000,True,False,True,True
0x0e48,0x0ace8e48,0x80000000,0x00000000,0x00000000,0x80000000,True,False,True,True
0x0e4c,0x0ace8e4c,0x80000000,0x00000000,0x00000000,0x80000000,True,False,True,True
0x0e50,0x0ace8e50,0x80000000,0x00000000,0x00000000,0x80000000,True,False,True,True
0x0e54,0x0ace8e54,0x80000000,0x00000000,0x00000000,0x80000000,True,False,True,True
0x0e58,0x0ace8e58,0x80000000,0x00000000,0x00000000,0x80000000,True,False,True,True
0x0e5c,0x0ace8e5c,0x80000000,0x00000000,0x00000000,0x80000000,True,False,True,True
0x0e60,0x0ace8e60,0x80000000,0x00000000,0x00000000,0x80000000,True,False,True,True
0x0e64,0x0ace8e64,0x80000000,0x00000000,0x00000000,0x80000000,True,False,True,True
0x0e68,0x0ace8e68,0x80000000,0x00000000,0x00000000,0x80000000,True,False,True,True
0x0e6c,0x0ace8e6c,0x80000000,0x00000000,0x00000000,0x80000000,True,False,True,True
0x0e70,0x0ace8e70,0x80000000,0x00000000,0x00000000,0x80000000,True,False,True,True
0x0e74,0x0ace8e74,0x80000000,0x00000000,0x00000000,0x80000000,True,False,True,True
0x0e78,0x0ace8e78,0x80000000,0x00000000,0x00000000,0x80000000,True,False,True,True
0x0e7c,0x0ace8e7c,0x80000000,0x00000000,0x00000000,0x80000000,True,False,True,True
0x0e80,0x0ace8e80,0x80000000,0x00000000,0x00000000,0x80000000,True,False,True,True
0x0e84,0x0ace8e84,0x80000000,0x00000000,0x00000000,0x80000000,True,False,True,True
0x0e88,0x0ace8e88,0x80000000,0x00000000,0x00000000,0x80000000,True,False,True,True
0x0e8c,0x0ace8e8c,0x80000000,0x00000000,0x00000000,0x80000000,True,False,True,True
0x0e90,0x0ace8e90,0x80000000,0x00000000,0x00000000,0x80000000,True,False,True,True
0x0e94,0x0ace8e94,0x80000000,0x00000000,0x00000000,0x80000000,True,False,True,True
0x0e98,0x0ace8e98,0x80000000,0x00000000,0x00000000,0x80000000,True,False,True,True
0x0e9c,0x0ace8e9c,0x80000000,0x00000000,0x00000000,0x80000000,True,False,True,True
0x0ea0,0x0ace8ea0,0x80000000,0x00000000,0x00000000,0x80000000,True,False,True,True
0x0ea4,0x0ace8ea4,0x80000000,0x00000000,0x00000000,0x80000000,True,False,True,True
0x0ea8,0x0ace8ea8,0x80000000,0x00000000,0x00000000,0x80000000,True,False,True,True
0x0eac,0x0ace8eac,0x80000000,0x00000000,0x00000000,0x80000000,True,False,True,True
0x0eb0,0x0ace8eb0,0x80000000,0x00000000,0x00000000,0x80000000,True,False,True,True
0x0eb4,0x0ace8eb4,0x80000000,0x00000000,0x00000000,0x80000000,True,False,True,True
0x0eb8,0x0ace8eb8,0x80000000,0x00000000,0x00000000,0x80000000,True,False,True,True
0x0ebc,0x0ace8ebc,0x80000000,0x00000000,0x00000000,0x80000000,True,False,True,True
0x0ec0,0x0ace8ec0,0x80000000,0x00000000,0x00000000,0x80000000,True,False,True,True
0x0ec4,0x0ace8ec4,0x80000000,0x00000000,0x00000000,0x80000000,True,False,True,True
0x0ec8,0x0ace8ec8,0x80000000,0x00000000,0x00000000,0x80000000,True,False,True,True
0x0ecc,0x0ace8ecc,0x80000000,0x00000000,0x00000000,0x80000000,True,False,True,True
0x0ed0,0x0ace8ed0,0x80000000,0x00000000,0x00000000,0x80000000,True,False,True,True
0x0ed4,0x0ace8ed4,0x80000000,0x00000000,0x00000000,0x80000000,True,False,True,True
0x0ed8,0x0ace8ed8,0x80000000,0x00000000,0x00000000,0x80000000,True,False,True,True
0x0edc,0x0ace8edc,0x80000000,0x00000000,0x00000000,0x80000000,True,False,True,True
0x0ee0,0x0ace8ee0,0x80000000,0x00000000,0x00000000,0x80000000,True,False,True,True
0x0ee4,0x0ace8ee4,0x80000000,0x00000000,0x00000000,0x80000000,True,False,True,True
0x0ee8,0x0ace8ee8,0x80000000,0x00000000,0x00000000,0x80000000,True,False,True,True
0x0eec,0x0ace8eec,0x80000000,0x00000000,0x00000000,0x80000000,True,False,True,True
0x0ef0,0x0ace8ef0,0x80000000,0x00000000,0x00000000,0x80000000,True,False,True,True
0x0ef4,0x0ace8ef4,0x80000000,0x00000000,0x00000000,0x80000000,True,False,True,True
0x0ef8,0x0ace8ef8,0x80000000,0x00000000,0x00000000,0x80000000,True,False,True,True
0x0efc,0x0ace8efc,0x80000000,0x00000000,0x00000000,0x80000000,True,False,True,True
0x0f00,0x0ace8f00,0x80000000,0x00000000,0x00000000,0x80000000,True,False,True,True
0x0f04,0x0ace8f04,0x80000000,0x00000000,0x00000000,0x80000000,True,False,True,True
0x0f08,0x0ace8f08,0x80000000,0x00000000,0x00000000,0x80000000,True,False,True,True
0x0f0c,0x0ace8f0c,0x80000000,0x00000000,0x00000000,0x80000000,True,False,True,True
0x0f10,0x0ace8f10,0x80000000,0x00000000,0x00000000,0x80000000,True,False,True,True
0x0f14,0x0ace8f14,0x80000000,0x00000000,0x00000000,0x80000000,True,False,True,True
0x0f18,0x0ace8f18,0x80000000,0x00000000,0x00000000,0x80000000,True,False,True,True
0x0f1c,0x0ace8f1c,0x80000000,0x00000000,0x00000000,0x80000000,True,False,True,True
0x0f20,0x0ace8f20,0x80000000,0x00000000,0x00000000,0x80000000,True,False,True,True
0x0f24,0x0ace8f24,0x80000000,0x00000000,0x00000000,0x80000000,True,False,True,True
0x0f28,0x0ace8f28,0x80000000,0x00000000,0x00000000,0x80000000,True,False,True,True
0x0f2c,0x0ace8f2c,0x80000000,0x00000000,0x00000000,0x80000000,True,False,True,True
0x0f30,0x0ace8f30,0x80000000,0x00000000,0x00000000,0x80000000,True,False,True,True
0x0f34,0x0ace8f34,0x80000000,0x00000000,0x00000000,0x80000000,True,False,True,True
0x0f38,0x0ace8f38,0x80000000,0x00000000,0x00000000,0x80000000,True,False,True,True
0x0f3c,0x0ace8f3c,0x80000000,0x00000000,0x00000000,0x80000000,True,False,True,True
0x0f40,0x0ace8f40,0x80000000,0x00000000,0x00000000,0x80000000,True,False,True,True
0x0f44,0x0ace8f44,0x80000000,0x00000000,0x00000000,0x80000000,True,False,True,True
0x0f48,0x0ace8f48,0x80000000,0x00000000,0x00000000,0x80000000,True,False,True,True
0x0f4c,0x0ace8f4c,0x80000000,0x00000000,0x00000000,0x80000000,True,False,True,True
0x0f50,0x0ace8f50,0x80000000,0x00000000,0x00000000,0x80000000,True,False,True,True
0x0f54,0x0ace8f54,0x80000000,0x00000000,0x00000000,0x80000000,True,False,True,True
0x0f58,0x0ace8f58,0x80000000,0x00000000,0x00000000,0x80000000,True,False,True,True
0x0f5c,0x0ace8f5c,0x80000000,0x00000000,0x00000000,0x80000000,True,False,True,True
0x0f60,0x0ace8f60,0x80000000,0x00000000,0x00000000,0x80000000,True,False,True,True
0x0f64,0x0ace8f64,0x80000000,0x00000000,0x00000000,0x80000000,True,False,True,True
0x0f68,0x0ace8f68,0x80000000,0x00000000,0x00000000,0x80000000,True,False,True,True
0x0f6c,0x0ace8f6c,0x80000000,0x00000000,0x00000000,0x80000000,True,False,True,True
0x0f70,0x0ace8f70,0x80000000,0x00000000,0x00000000,0x80000000,True,False,True,True
0x0f74,0x0ace8f74,0x80000000,0x00000000,0x00000000,0x80000000,True,False,True,True
0x0f78,0x0ace8f78,0x80000000,0x00000000,0x00000000,0x80000000,True,False,True,True
0x0f7c,0x0ace8f7c,0x80000000,0x00000000,0x00000000,0x80000000,True,False,True,True
0x0f80,0x0ace8f80,0x80000000,0x00000000,0x00000000,0x80000000,True,False,True,True
0x0f84,0x0ace8f84,0x80000000,0x00000000,0x00000000,0x80000000,True,False,True,True
0x0f88,0x0ace8f88,0x80000000,0x00000000,0x00000000,0x80000000,True,False,True,True
0x0f8c,0x0ace8f8c,0x80000000,0x00000000,0x00000000,0x80000000,True,False,True,True
0x0f90,0x0ace8f90,0x80000000,0x00000000,0x00000000,0x80000000,True,False,True,True
0x0f94,0x0ace8f94,0x80000000,0x00000000,0x00000000,0x80000000,True,False,True,True
0x0f98,0x0ace8f98,0x80000000,0x00000000,0x00000000,0x80000000,True,False,True,True
0x0f9c,0x0ace8f9c,0x80000000,0x00000000,0x00000000,0x80000000,True,False,True,True
0x0fa0,0x0ace8fa0,0x80000000,0x00000000,0x00000000,0x80000000,True,False,True,True
0x0fa4,0x0ace8fa4,0x80000000,0x00000000,0x00000000,0x80000000,True,False,True,True
0x0fa8,0x0ace8fa8,0x80000000,0x00000000,0x00000000,0x80000000,True,False,True,True
0x0fac,0x0ace8fac,0x80000000,0x00000000,0x00000000,0x80000000,True,False,True,True
0x0fb0,0x0ace8fb0,0x80000000,0x00000000,0x00000000,0x80000000,True,False,True,True
0x0fb4,0x0ace8fb4,0x80000000,0x00000000,0x00000000,0x80000000,True,False,True,True
0x0fb8,0x0ace8fb8,0x80000000,0x00000000,0x00000000,0x80000000,True,False,True,True
0x0fbc,0x0ace8fbc,0x80000000,0x00000000,0x00000000,0x80000000,True,False,True,True
0x0fc0,0x0ace8fc0,0x80000000,0x00000000,0x00000000,0x80000000,True,False,True,True
0x0fc4,0x0ace8fc4,0x80000000,0x00000000,0x00000000,0x80000000,True,False,True,True
0x0fc8,0x0ace8fc8,0x80000000,0x00000000,0x00000000,0x80000000,True,False,True,True
0x0fcc,0x0ace8fcc,0x80000000,0x00000000,0x00000000,0x80000000,True,False,True,True
0x0fd0,0x0ace8fd0,0x80000000,0x00000000,0x00000000,0x80000000,True,False,True,True
0x0fd4,0x0ace8fd4,0x80000000,0x00000000,0x00000000,0x80000000,True,False,True,True
0x0fd8,0x0ace8fd8,0x80000000,0x00000000,0x00000000,0x80000000,True,False,True,True
0x0fdc,0x0ace8fdc,0x80000000,0x00000000,0x00000000,0x80000000,True,False,True,True
0x0fe0,0x0ace8fe0,0x80000000,0x00000000,0x00000000,0x80000000,True,False,True,True
0x0fe4,0x0ace8fe4,0x80000000,0x00000000,0x00000000,0x80000000,True,False,True,True
0x0fe8,0x0ace8fe8,0x80000000,0x00000000,0x00000000,0x80000000,True,False,True,True
0x0fec,0x0ace8fec,0x80000000,0x00000000,0x00000000,0x80000000,True,False,True,True
0x0ff0,0x0ace8ff0,0x80000000,0x00000000,0x00000000,0x80000000,True,False,True,True
0x0ff4,0x0ace8ff4,0x80000000,0x00000000,0x00000000,0x80000000,True,False,True,True
0x0ff8,0x0ace8ff8,0x80000000,0x00000000,0x00000000,0x80000000,True,False,True,True
0x0ffc,0x0ace8ffc,0x80000000,0x00000000,0x00000000,0x80000000,True,False,True,True
0x1000,0x0ace9000,0x80000000,0x0000000e,0x0000000e,0x80000000,True,True,True,True
0x1004,0x0ace9004,0x80000000,0x00000000,0x00000000,0x80000000,True,False,True,True
0x1008,0x0ace9008,0x80000000,0x00000000,0x00000000,0x80000000,True,False,True,True
0x100c,0x0ace900c,0x80000000,0x00000000,0x00000000,0x80000000,True,False,True,True
0x1010,0x0ace9010,0x80000000,0x00000000,0x00000000,0x80000000,True,False,True,True
0x1014,0x0ace9014,0x80000000,0x00000002,0x00000002,0x80000000,True,True,True,True
0x1018,0x0ace9018,0x80000000,0x00000001,0x00000001,0x80000000,True,True,True,True
0x101c,0x0ace901c,0x80000000,0x0000007a,0x0000007a,0x80000000,True,True,True,True
0x1020,0x0ace9020,0x80000000,0x00000000,0x00000000,0x80000000,True,False,True,True
0x1024,0x0ace9024,0x80000000,0x00000000,0x00000000,0x80000000,True,False,True,True
0x1028,0x0ace9028,0x80000000,0x00000000,0x00000000,0x80000000,True,False,True,True
0x102c,0x0ace902c,0x80000000,0x000000ff,0x000000ff,0x80000000,True,True,True,True
0x1030,0x0ace9030,0x80000000,0x000000fe,0x000000fe,0x80000000,True,True,True,True
0x1034,0x0ace9034,0x80000000,0x000000e2,0x000000e2,0x80000000,True,True,True,True
0x1038,0x0ace9038,0x80000000,0x000000df,0x000000df,0x80000000,True,True,True,True
0x103c,0x0ace903c,0x80000000,0x0000005f,0x0000005f,0x80000000,True,True,True,True
0x1040,0x0ace9040,0x80000000,0x000000fc,0x000000fc,0x80000000,True,True,True,True
0x1044,0x0ace9044,0x80000000,0x000000fb,0x000000fb,0x80000000,True,True,True,True
0x1048,0x0ace9048,0x80000000,0x0000008b,0x0000008b,0x80000000,True,True,True,True
0x104c,0x0ace904c,0x80000000,0x0000007f,0x0000007f,0x80000000,True,True,True,True
0x1050,0x0ace9050,0x80000000,0x000000bf,0x000000bf,0x80000000,True,True,True,True
0x1054,0x0ace9054,0x80000000,0x000000ff,0x000000ff,0x80000000,True,True,True,True
0x1058,0x0ace9058,0x80000000,0x00000000,0x00000000,0x80000000,True,False,True,True
0x105c,0x0ace905c,0x80000000,0x00000000,0x00000000,0x80000000,True,False,True,True
0x1060,0x0ace9060,0x80000000,0x00000000,0x00000000,0x80000000,True,False,True,True
0x1064,0x0ace9064,0x80000000,0x00000000,0x00000000,0x80000000,True,False,True,True
0x1068,0x0ace9068,0x80000000,0x00000000,0x00000000,0x80000000,True,False,True,True
0x106c,0x0ace906c,0x80000000,0x00000000,0x00000000,0x80000000,True,False,True,True
0x1070,0x0ace9070,0x80000000,0x00000000,0x00000000,0x80000000,True,False,True,True
0x1074,0x0ace9074,0x80000000,0x00000000,0x00000000,0x80000000,True,False,True,True
0x1078,0x0ace9078,0x80000000,0x00000000,0x00000000,0x80000000,True,False,True,True
0x107c,0x0ace907c,0x80000000,0x00000000,0x00000000,0x80000000,True,False,True,True
0x1080,0x0ace9080,0x80000000,0x00000000,0x00000000,0x80000000,True,False,True,True
0x1084,0x0ace9084,0x80000000,0x00000000,0x00000000,0x80000000,True,False,True,True
0x1088,0x0ace9088,0x80000000,0x00000000,0x00000000,0x80000000,True,False,True,True
0x108c,0x0ace908c,0x80000000,0x00000000,0x00000000,0x80000000,True,False,True,True
0x1090,0x0ace9090,0x80000000,0x00000000,0x00000000,0x80000000,True,False,True,True
0x1094,0x0ace9094,0x80000000,0x00000000,0x00000000,0x80000000,True,False,True,True
0x1098,0x0ace9098,0x80000000,0x00000000,0x00000000,0x80000000,True,False,True,True
0x109c,0x0ace909c,0x80000000,0x00000000,0x00000000,0x80000000,True,False,True,True
0x10a0,0x0ace90a0,0x80000000,0x00000000,0x00000000,0x80000000,True,False,True,True
0x10a4,0x0ace90a4,0x80000000,0x00000000,0x00000000,0x80000000,True,False,True,True
0x10a8,0x0ace90a8,0x80000000,0x00000000,0x00000000,0x80000000,True,False,True,True
0x10ac,0x0ace90ac,0x80000000,0x00000000,0x00000000,0x80000000,True,False,True,True
0x10b0,0x0ace90b0,0x80000000,0x00000000,0x00000000,0x80000000,True,False,True,True
0x10b4,0x0ace90b4,0x80000000,0x00000000,0x00000000,0x80000000,True,False,True,True
0x10b8,0x0ace90b8,0x80000000,0x0000001b,0x0000001b,0x80000000,True,True,True,True
0x10bc,0x0ace90bc,0x80000000,0x00000000,0x00000000,0x80000000,True,False,True,True
0x10c0,0x0ace90c0,0x80000000,0x00000000,0x00000000,0x80000000,True,False,True,True
0x10c4,0x0ace90c4,0x80000000,0x00000000,0x00000000,0x80000000,True,False,True,True
0x10c8,0x0ace90c8,0x80000000,0x00000000,0x00000000,0x80000000,True,False,True,True
0x10cc,0x0ace90cc,0x80000000,0x00000000,0x00000000,0x80000000,True,False,True,True
0x10d0,0x0ace90d0,0x80000000,0x00000000,0x00000000,0x80000000,True,False,True,True
0x10d4,0x0ace90d4,0x80000000,0x00000000,0x00000000,0x80000000,True,False,True,True
0x10d8,0x0ace90d8,0x80000000,0x00000000,0x00000000,0x80000000,True,False,True,True
0x10dc,0x0ace90dc,0x80000000,0x00000002,0x00000002,0x80000000,True,True,True,True
0x10e0,0x0ace90e0,0x80000000,0x00000000,0x00000000,0x80000000,True,False,True,True
0x10e4,0x0ace90e4,0x80000000,0x00000000,0x00000000,0x80000000,True,False,True,True
0x10e8,0x0ace90e8,0x80000000,0x00000000,0x00000000,0x80000000,True,False,True,True
0x10ec,0x0ace90ec,0x80000000,0x00000000,0x00000000,0x80000000,True,False,True,True
0x10f0,0x0ace90f0,0x80000000,0x00000000,0x00000000,0x80000000,True,False,True,True
0x10f4,0x0ace90f4,0x80000000,0x00000000,0x00000000,0x80000000,True,False,True,True
0x10f8,0x0ace90f8,0x80000000,0x00000000,0x00000000,0x80000000,True,False,True,True
0x10fc,0x0ace90fc,0x80000000,0x000000d6,0x000000d6,0x80000000,True,True,True,True
0x1100,0x0ace9100,0x80000000,0x00000000,0x00000000,0x80000000,True,False,True,True
0x1104,0x0ace9104,0x80000000,0x00000000,0x00000000,0x80000000,True,False,True,True
0x1108,0x0ace9108,0x80000000,0x00000000,0x00000000,0x80000000,True,False,True,True
0x110c,0x0ace910c,0x80000000,0x00000000,0x00000000,0x80000000,True,False,True,True
0x1110,0x0ace9110,0x80000000,0x00000000,0x00000000,0x80000000,True,False,True,True
0x1114,0x0ace9114,0x80000000,0x00000000,0x00000000,0x80000000,True,False,True,True
0x1118,0x0ace9118,0x80000000,0x00000000,0x00000000,0x80000000,True,False,True,True
0x111c,0x0ace911c,0x80000000,0x00000000,0x00000000,0x80000000,True,False,True,True
0x1120,0x0ace9120,0x80000000,0x00000000,0x00000000,0x80000000,True,False,True,True
0x1124,0x0ace9124,0x80000000,0x00000000,0x00000000,0x80000000,True,False,True,True
0x1128,0x0ace9128,0x80000000,0x00000000,0x00000000,0x80000000,True,False,True,True
0x112c,0x0ace912c,0x80000000,0x00000000,0x00000000,0x80000000,True,False,True,True
0x1130,0x0ace9130,0x80000000,0x00000000,0x00000000,0x80000000,True,False,True,True
0x1134,0x0ace9134,0x80000000,0x00000000,0x00000000,0x80000000,True,False,True,True
0x1138,0x0ace9138,0x80000000,0x00000000,0x00000000,0x80000000,True,False,True,True
0x113c,0x0ace913c,0x80000000,0x00000000,0x00000000,0x80000000,True,False,True,True
0x1140,0x0ace9140,0x80000000,0x00000000,0x00000000,0x80000000,True,False,True,True
0x1144,0x0ace9144,0x80000000,0x00000000,0x00000000,0x80000000,True,False,True,True
0x1148,0x0ace9148,0x80000000,0x00000000,0x00000000,0x80000000,True,False,True,True
0x114c,0x0ace914c,0x80000000,0x00000000,0x00000000,0x80000000,True,False,True,True
0x1150,0x0ace9150,0x80000000,0x00000000,0x00000000,0x80000000,True,False,True,True
0x1154,0x0ace9154,0x80000000,0x00000000,0x00000000,0x80000000,True,False,True,True
0x1158,0x0ace9158,0x80000000,0x00000000,0x00000000,0x80000000,True,False,True,True
0x115c,0x0ace915c,0x80000000,0x00000000,0x00000000,0x80000000,True,False,True,True
0x1160,0x0ace9160,0x80000000,0x00000000,0x00000000,0x80000000,True,False,True,True
0x1164,0x0ace9164,0x80000000,0x00000000,0x00000000,0x80000000,True,False,True,True
0x1168,0x0ace9168,0x80000000,0x00000000,0x00000000,0x80000000,True,False,True,True
0x116c,0x0ace916c,0x80000000,0x00000000,0x00000000,0x80000000,True,False,True,True
0x1170,0x0ace9170,0x80000000,0x00000000,0x00000000,0x80000000,True,False,True,True
0x1174,0x0ace9174,0x80000000,0x00000000,0x00000000,0x80000000,True,False,True,True
0x1178,0x0ace9178,0x80000000,0x00000000,0x00000000,0x80000000,True,False,True,True
0x117c,0x0ace917c,0x80000000,0x00000000,0x00000000,0x80000000,True,False,True,True
0x1180,0x0ace9180,0x80000000,0x00000000,0x00000000,0x80000000,True,False,True,True
0x1184,0x0ace9184,0x80000000,0x00000000,0x00000000,0x80000000,True,False,True,True
0x1188,0x0ace9188,0x80000000,0x00000000,0x00000000,0x80000000,True,False,True,True
0x118c,0x0ace918c,0x80000000,0x00000000,0x00000000,0x80000000,True,False,True,True
0x1190,0x0ace9190,0x80000000,0x00000000,0x00000000,0x80000000,True,False,True,True
0x1194,0x0ace9194,0x80000000,0x00000000,0x00000000,0x80000000,True,False,True,True
0x1198,0x0ace9198,0x80000000,0x00000000,0x00000000,0x80000000,True,False,True,True
0x119c,0x0ace919c,0x80000000,0x00000000,0x00000000,0x80000000,True,False,True,True
0x11a0,0x0ace91a0,0x80000000,0x00000000,0x00000000,0x80000000,True,False,True,True
0x11a4,0x0ace91a4,0x80000000,0x00000000,0x00000000,0x80000000,True,False,True,True
0x11a8,0x0ace91a8,0x80000000,0x00000000,0x00000000,0x80000000,True,False,True,True
0x11ac,0x0ace91ac,0x80000000,0x00000000,0x00000000,0x80000000,True,False,True,True
0x11b0,0x0ace91b0,0x80000000,0x00000000,0x00000000,0x80000000,True,False,True,True
0x11b4,0x0ace91b4,0x80000000,0x00000000,0x00000000,0x80000000,True,False,True,True
0x11b8,0x0ace91b8,0x80000000,0x00000000,0x00000000,0x80000000,True,False,True,True
0x11bc,0x0ace91bc,0x80000000,0x00000000,0x00000000,0x80000000,True,False,True,True
0x11c0,0x0ace91c0,0x80000000,0x00000000,0x00000000,0x80000000,True,False,True,True
0x11c4,0x0ace91c4,0x80000000,0x00000000,0x00000000,0x80000000,True,False,True,True
0x11c8,0x0ace91c8,0x80000000,0x00000000,0x00000000,0x80000000,True,False,True,True
0x11cc,0x0ace91cc,0x80000000,0x00000000,0x00000000,0x80000000,True,False,True,True
0x11d0,0x0ace91d0,0x80000000,0x00000000,0x00000000,0x80000000,True,False,True,True
0x11d4,0x0ace91d4,0x80000000,0x00000000,0x00000000,0x80000000,True,False,True,True
0x11d8,0x0ace91d8,0x80000000,0x00000000,0x00000000,0x80000000,True,False,True,True
0x11dc,0x0ace91dc,0x80000000,0x00000000,0x00000000,0x80000000,True,False,True,True
0x11e0,0x0ace91e0,0x80000000,0x00000000,0x00000000,0x80000000,True,False,True,True
0x11e4,0x0ace91e4,0x80000000,0x00000000,0x00000000,0x80000000,True,False,True,True
0x11e8,0x0ace91e8,0x80000000,0x00000000,0x00000000,0x80000000,True,False,True,True
0x11ec,0x0ace91ec,0x80000000,0x00000000,0x00000000,0x80000000,True,False,True,True
0x11f0,0x0ace91f0,0x80000000,0x00000000,0x00000000,0x80000000,True,False,True,True
0x11f4,0x0ace91f4,0x80000000,0x00000000,0x00000000,0x80000000,True,False,True,True
0x11f8,0x0ace91f8,0x80000000,0x00000000,0x00000000,0x80000000,True,False,True,True
0x11fc,0x0ace91fc,0x80000000,0x00000000,0x00000000,0x80000000,True,False,True,True
0x1200,0x0ace9200,0x80000000,0x00000000,0x00000000,0x80000000,True,False,True,True
0x1204,0x0ace9204,0x80000000,0x00000000,0x00000000,0x80000000,True,False,True,True
0x1208,0x0ace9208,0x80000000,0x00000000,0x00000000,0x80000000,True,False,True,True
0x120c,0x0ace920c,0x80000000,0x00000000,0x00000000,0x80000000,True,False,True,True
0x1210,0x0ace9210,0x80000000,0x00000000,0x00000000,0x80000000,True,False,True,True
0x1214,0x0ace9214,0x80000000,0x00000000,0x00000000,0x80000000,True,False,True,True
0x1218,0x0ace9218,0x80000000,0x00000000,0x00000000,0x80000000,True,False,True,True
0x121c,0x0ace921c,0x80000000,0x00000000,0x00000000,0x80000000,True,False,True,True
0x1220,0x0ace9220,0x80000000,0x00000000,0x00000000,0x80000000,True,False,True,True
0x1224,0x0ace9224,0x80000000,0x00000000,0x00000000,0x80000000,True,False,True,True
0x1228,0x0ace9228,0x80000000,0x00000000,0x00000000,0x80000000,True,False,True,True
0x122c,0x0ace922c,0x80000000,0x00000000,0x00000000,0x80000000,True,False,True,True
0x1230,0x0ace9230,0x80000000,0x00000000,0x00000000,0x80000000,True,False,True,True
0x1234,0x0ace9234,0x80000000,0x00000000,0x00000000,0x80000000,True,False,True,True
0x1238,0x0ace9238,0x80000000,0x00000000,0x00000000,0x80000000,True,False,True,True
0x123c,0x0ace923c,0x80000000,0x00000000,0x00000000,0x80000000,True,False,True,True
0x1240,0x0ace9240,0x80000000,0x00000000,0x00000000,0x80000000,True,False,True,True
0x1244,0x0ace9244,0x80000000,0x00000000,0x00000000,0x80000000,True,False,True,True
0x1248,0x0ace9248,0x80000000,0x00000000,0x00000000,0x80000000,True,False,True,True
0x124c,0x0ace924c,0x80000000,0x00000000,0x00000000,0x80000000,True,False,True,True
0x1250,0x0ace9250,0x80000000,0x00000000,0x00000000,0x80000000,True,False,True,True
0x1254,0x0ace9254,0x80000000,0x00000000,0x00000000,0x80000000,True,False,True,True
0x1258,0x0ace9258,0x80000000,0x00000000,0x00000000,0x80000000,True,False,True,True
0x125c,0x0ace925c,0x80000000,0x00000000,0x00000000,0x80000000,True,False,True,True
0x1260,0x0ace9260,0x80000000,0x00000000,0x00000000,0x80000000,True,False,True,True
0x1264,0x0ace9264,0x80000000,0x00000000,0x00000000,0x80000000,True,False,True,True
0x1268,0x0ace9268,0x80000000,0x00000000,0x00000000,0x80000000,True,False,True,True
0x126c,0x0ace926c,0x80000000,0x00000000,0x00000000,0x80000000,True,False,True,True
0x1270,0x0ace9270,0x80000000,0x00000000,0x00000000,0x80000000,True,False,True,True
0x1274,0x0ace9274,0x80000000,0x00000000,0x00000000,0x80000000,True,False,True,True
0x1278,0x0ace9278,0x80000000,0x00000000,0x00000000,0x80000000,True,False,True,True
0x127c,0x0ace927c,0x80000000,0x00000000,0x00000000,0x80000000,True,False,True,True
0x1280,0x0ace9280,0x80000000,0x00000000,0x00000000,0x80000000,True,False,True,True
0x1284,0x0ace9284,0x80000000,0x00000000,0x00000000,0x80000000,True,False,True,True
0x1288,0x0ace9288,0x80000000,0x00000000,0x00000000,0x80000000,True,False,True,True
0x128c,0x0ace928c,0x80000000,0x00000000,0x00000000,0x80000000,True,False,True,True
0x1290,0x0ace9290,0x80000000,0x00000000,0x00000000,0x80000000,True,False,True,True
0x1294,0x0ace9294,0x80000000,0x00000000,0x00000000,0x80000000,True,False,True,True
0x1298,0x0ace9298,0x80000000,0x00000000,0x00000000,0x80000000,True,False,True,True
0x129c,0x0ace929c,0x80000000,0x00000000,0x00000000,0x80000000,True,False,True,True
0x12a0,0x0ace92a0,0x80000000,0x00000000,0x00000000,0x80000000,True,False,True,True
0x12a4,0x0ace92a4,0x80000000,0x00000000,0x00000000,0x80000000,True,False,True,True
0x12a8,0x0ace92a8,0x80000000,0x00000000,0x00000000,0x80000000,True,False,True,True
0x12ac,0x0ace92ac,0x80000000,0x00000000,0x00000000,0x80000000,True,False,True,True
0x12b0,0x0ace92b0,0x80000000,0x00000000,0x00000000,0x80000000,True,False,True,True
0x12b4,0x0ace92b4,0x80000000,0x00000000,0x00000000,0x80000000,True,False,True,True
0x12b8,0x0ace92b8,0x80000000,0x00000000,0x00000000,0x80000000,True,False,True,True
0x12bc,0x0ace92bc,0x80000000,0x00000000,0x00000000,0x80000000,True,False,True,True
0x12c0,0x0ace92c0,0x80000000,0x00000000,0x00000000,0x80000000,True,False,True,True
0x12c4,0x0ace92c4,0x80000000,0x00000000,0x00000000,0x80000000,True,False,True,True
0x12c8,0x0ace92c8,0x80000000,0x00000000,0x00000000,0x80000000,True,False,True,True
0x12cc,0x0ace92cc,0x80000000,0x00000000,0x00000000,0x80000000,True,False,True,True
0x12d0,0x0ace92d0,0x80000000,0x00000000,0x00000000,0x80000000,True,False,True,True
0x12d4,0x0ace92d4,0x80000000,0x00000000,0x00000000,0x80000000,True,False,True,True
0x12d8,0x0ace92d8,0x80000000,0x00000000,0x00000000,0x80000000,True,False,True,True
0x12dc,0x0ace92dc,0x80000000,0x00000000,0x00000000,0x80000000,True,False,True,True
0x12e0,0x0ace92e0,0x80000000,0x00000000,0x00000000,0x80000000,True,False,True,True
0x12e4,0x0ace92e4,0x80000000,0x00000000,0x00000000,0x80000000,True,False,True,True
0x12e8,0x0ace92e8,0x80000000,0x00000000,0x00000000,0x80000000,True,False,True,True
0x12ec,0x0ace92ec,0x80000000,0x00000000,0x00000000,0x80000000,True,False,True,True
0x12f0,0x0ace92f0,0x80000000,0x00000000,0x00000000,0x80000000,True,False,True,True
0x12f4,0x0ace92f4,0x80000000,0x00000000,0x00000000,0x80000000,True,False,True,True
0x12f8,0x0ace92f8,0x80000000,0x00000000,0x00000000,0x80000000,True,False,True,True
0x12fc,0x0ace92fc,0x80000000,0x00000000,0x00000000,0x80000000,True,False,True,True
0x1300,0x0ace9300,0x80000000,0x00000000,0x00000000,0x80000000,True,False,True,True
0x1304,0x0ace9304,0x80000000,0x00000000,0x00000000,0x80000000,True,False,True,True
0x1308,0x0ace9308,0x80000000,0x00000000,0x00000000,0x80000000,True,False,True,True
0x130c,0x0ace930c,0x80000000,0x00000000,0x00000000,0x80000000,True,False,True,True
0x1310,0x0ace9310,0x80000000,0x00000000,0x00000000,0x80000000,True,False,True,True
0x1314,0x0ace9314,0x80000000,0x00000000,0x00000000,0x80000000,True,False,True,True
0x1318,0x0ace9318,0x80000000,0x00000000,0x00000000,0x80000000,True,False,True,True
0x131c,0x0ace931c,0x80000000,0x00000000,0x00000000,0x80000000,True,False,True,True
0x1320,0x0ace9320,0x80000000,0x00000000,0x00000000,0x80000000,True,False,True,True
0x1324,0x0ace9324,0x80000000,0x00000000,0x00000000,0x80000000,True,False,True,True
0x1328,0x0ace9328,0x80000000,0x00000000,0x00000000,0x80000000,True,False,True,True
0x132c,0x0ace932c,0x80000000,0x00000000,0x00000000,0x80000000,True,False,True,True
0x1330,0x0ace9330,0x80000000,0x00000000,0x00000000,0x80000000,True,False,True,True
0x1334,0x0ace9334,0x80000000,0x00000000,0x00000000,0x80000000,True,False,True,True
0x1338,0x0ace9338,0x80000000,0x00000000,0x00000000,0x80000000,True,False,True,True
0x133c,0x0ace933c,0x80000000,0x00000000,0x00000000,0x80000000,True,False,True,True
0x1340,0x0ace9340,0x80000000,0x00000000,0x00000000,0x80000000,True,False,True,True
0x1344,0x0ace9344,0x80000000,0x00000000,0x00000000,0x80000000,True,False,True,True
0x1348,0x0ace9348,0x80000000,0x00000000,0x00000000,0x80000000,True,False,True,True
0x134c,0x0ace934c,0x80000000,0x00000000,0x00000000,0x80000000,True,False,True,True
0x1350,0x0ace9350,0x80000000,0x00000000,0x00000000,0x80000000,True,False,True,True
0x1354,0x0ace9354,0x80000000,0x00000000,0x00000000,0x80000000,True,False,True,True
0x1358,0x0ace9358,0x80000000,0x00000000,0x00000000,0x80000000,True,False,True,True
0x135c,0x0ace935c,0x80000000,0x00000000,0x00000000,0x80000000,True,False,True,True
0x1360,0x0ace9360,0x80000000,0x00000000,0x00000000,0x80000000,True,False,True,True
0x1364,0x0ace9364,0x80000000,0x00000000,0x00000000,0x80000000,True,False,True,True
0x1368,0x0ace9368,0x80000000,0x00000000,0x00000000,0x80000000,True,False,True,True
0x136c,0x0ace936c,0x80000000,0x00000000,0x00000000,0x80000000,True,False,True,True
0x1370,0x0ace9370,0x80000000,0x00000000,0x00000000,0x80000000,True,False,True,True
0x1374,0x0ace9374,0x80000000,0x00000000,0x00000000,0x80000000,True,False,True,True
0x1378,0x0ace9378,0x80000000,0x00000000,0x00000000,0x80000000,True,False,True,True
0x137c,0x0ace937c,0x80000000,0x00000000,0x00000000,0x80000000,True,False,True,True
0x1380,0x0ace9380,0x80000000,0x00000000,0x00000000,0x80000000,True,False,True,True
0x1384,0x0ace9384,0x80000000,0x00000000,0x00000000,0x80000000,True,False,True,True
0x1388,0x0ace9388,0x80000000,0x00000000,0x00000000,0x80000000,True,False,True,True
0x138c,0x0ace938c,0x80000000,0x00000000,0x00000000,0x80000000,True,False,True,True
0x1390,0x0ace9390,0x80000000,0x00000000,0x00000000,0x80000000,True,False,True,True
0x1394,0x0ace9394,0x80000000,0x00000000,0x00000000,0x80000000,True,False,True,True
0x1398,0x0ace9398,0x80000000,0x00000000,0x00000000,0x80000000,True,False,True,True
0x139c,0x0ace939c,0x80000000,0x00000000,0x00000000,0x80000000,True,False,True,True
0x13a0,0x0ace93a0,0x80000000,0x00000000,0x00000000,0x80000000,True,False,True,True
0x13a4,0x0ace93a4,0x80000000,0x00000000,0x00000000,0x80000000,True,False,True,True
0x13a8,0x0ace93a8,0x80000000,0x00000000,0x00000000,0x80000000,True,False,True,True
0x13ac,0x0ace93ac,0x80000000,0x00000000,0x00000000,0x80000000,True,False,True,True
0x13b0,0x0ace93b0,0x80000000,0x00000000,0x00000000,0x80000000,True,False,True,True
0x13b4,0x0ace93b4,0x80000000,0x00000000,0x00000000,0x80000000,True,False,True,True
0x13b8,0x0ace93b8,0x80000000,0x00000000,0x00000000,0x80000000,True,False,True,True
0x13bc,0x0ace93bc,0x80000000,0x00000000,0x00000000,0x80000000,True,False,True,True
0x13c0,0x0ace93c0,0x80000000,0x00000000,0x00000000,0x80000000,True,False,True,True
0x13c4,0x0ace93c4,0x80000000,0x00000000,0x00000000,0x80000000,True,False,True,True
0x13c8,0x0ace93c8,0x80000000,0x00000000,0x00000000,0x80000000,True,False,True,True
0x13cc,0x0ace93cc,0x80000000,0x00000000,0x00000000,0x80000000,True,False,True,True
0x13d0,0x0ace93d0,0x80000000,0x00000000,0x00000000,0x80000000,True,False,True,True
0x13d4,0x0ace93d4,0x80000000,0x00000000,0x00000000,0x80000000,True,False,True,True
0x13d8,0x0ace93d8,0x80000000,0x00000000,0x00000000,0x80000000,True,False,True,True
0x13dc,0x0ace93dc,0x80000000,0x00000000,0x00000000,0x80000000,True,False,True,True
0x13e0,0x0ace93e0,0x80000000,0x00000000,0x00000000,0x80000000,True,False,True,True
0x13e4,0x0ace93e4,0x80000000,0x00000000,0x00000000,0x80000000,True,False,True,True
0x13e8,0x0ace93e8,0x80000000,0x00000000,0x00000000,0x80000000,True,False,True,True
0x13ec,0x0ace93ec,0x80000000,0x00000000,0x00000000,0x80000000,True,False,True,True
0x13f0,0x0ace93f0,0x80000000,0x00000000,0x00000000,0x80000000,True,False,True,True
0x13f4,0x0ace93f4,0x80000000,0x00000000,0x00000000,0x80000000,True,False,True,True
0x13f8,0x0ace93f8,0x80000000,0x00000000,0x00000000,0x80000000,True,False,True,True
0x13fc,0x0ace93fc,0x80000000,0x00000000,0x00000000,0x80000000,True,False,True,True
0x1400,0x0ace9400,0x80000000,0x00000000,0x00000000,0x80000000,True,False,True,True
0x1404,0x0ace9404,0x80000000,0x00000000,0x00000000,0x80000000,True,False,True,True
0x1408,0x0ace9408,0x80000000,0x00000000,0x00000000,0x80000000,True,False,True,True
0x140c,0x0ace940c,0x80000000,0x00000000,0x00000000,0x80000000,True,False,True,True
0x1410,0x0ace9410,0x80000000,0x00000000,0x00000000,0x80000000,True,False,True,True
0x1414,0x0ace9414,0x80000000,0x00000000,0x00000000,0x80000000,True,False,True,True
0x1418,0x0ace9418,0x80000000,0x00000000,0x00000000,0x80000000,True,False,True,True
0x141c,0x0ace941c,0x80000000,0x00000000,0x00000000,0x80000000,True,False,True,True
0x1420,0x0ace9420,0x80000000,0x00000000,0x00000000,0x80000000,True,False,True,True
0x1424,0x0ace9424,0x80000000,0x00000000,0x00000000,0x80000000,True,False,True,True
0x1428,0x0ace9428,0x80000000,0x00000000,0x00000000,0x80000000,True,False,True,True
0x142c,0x0ace942c,0x80000000,0x00000000,0x00000000,0x80000000,True,False,True,True
0x1430,0x0ace9430,0x80000000,0x00000000,0x00000000,0x80000000,True,False,True,True
0x1434,0x0ace9434,0x80000000,0x00000000,0x00000000,0x80000000,True,False,True,True
0x1438,0x0ace9438,0x80000000,0x00000000,0x00000000,0x80000000,True,False,True,True
0x143c,0x0ace943c,0x80000000,0x00000000,0x00000000,0x80000000,True,False,True,True
0x1440,0x0ace9440,0x80000000,0x00000000,0x00000000,0x80000000,True,False,True,True
0x1444,0x0ace9444,0x80000000,0x00000000,0x00000000,0x80000000,True,False,True,True
0x1448,0x0ace9448,0x80000000,0x00000000,0x00000000,0x80000000,True,False,True,True
0x144c,0x0ace944c,0x80000000,0x00000000,0x00000000,0x80000000,True,False,True,True
0x1450,0x0ace9450,0x80000000,0x00000000,0x00000000,0x80000000,True,False,True,True
0x1454,0x0ace9454,0x80000000,0x00000000,0x00000000,0x80000000,True,False,True,True
0x1458,0x0ace9458,0x80000000,0x00000000,0x00000000,0x80000000,True,False,True,True
0x145c,0x0ace945c,0x80000000,0x00000000,0x00000000,0x80000000,True,False,True,True
0x1460,0x0ace9460,0x80000000,0x00000000,0x00000000,0x80000000,True,False,True,True
0x1464,0x0ace9464,0x80000000,0x00000000,0x00000000,0x80000000,True,False,True,True
0x1468,0x0ace9468,0x80000000,0x00000000,0x00000000,0x80000000,True,False,True,True
0x146c,0x0ace946c,0x80000000,0x00000000,0x00000000,0x80000000,True,False,True,True
0x1470,0x0ace9470,0x80000000,0x00000000,0x00000000,0x80000000,True,False,True,True
0x1474,0x0ace9474,0x80000000,0x00000000,0x00000000,0x80000000,True,False,True,True
0x1478,0x0ace9478,0x80000000,0x00000000,0x00000000,0x80000000,True,False,True,True
0x147c,0x0ace947c,0x80000000,0x00000000,0x00000000,0x80000000,True,False,True,True
0x1480,0x0ace9480,0x80000000,0x00000000,0x00000000,0x80000000,True,False,True,True
0x1484,0x0ace9484,0x80000000,0x00000000,0x00000000,0x80000000,True,False,True,True
0x1488,0x0ace9488,0x80000000,0x00000000,0x00000000,0x80000000,True,False,True,True
0x148c,0x0ace948c,0x80000000,0x00000000,0x00000000,0x80000000,True,False,True,True
0x1490,0x0ace9490,0x80000000,0x00000000,0x00000000,0x80000000,True,False,True,True
0x1494,0x0ace9494,0x80000000,0x00000000,0x00000000,0x80000000,True,False,True,True
0x1498,0x0ace9498,0x80000000,0x00000000,0x00000000,0x80000000,True,False,True,True
0x149c,0x0ace949c,0x80000000,0x00000000,0x00000000,0x80000000,True,False,True,True
0x14a0,0x0ace94a0,0x80000000,0x00000000,0x00000000,0x80000000,True,False,True,True
0x14a4,0x0ace94a4,0x80000000,0x00000000,0x00000000,0x80000000,True,False,True,True
0x14a8,0x0ace94a8,0x80000000,0x00000000,0x00000000,0x80000000,True,False,True,True
0x14ac,0x0ace94ac,0x80000000,0x00000000,0x00000000,0x80000000,True,False,True,True
0x14b0,0x0ace94b0,0x80000000,0x00000000,0x00000000,0x80000000,True,False,True,True
0x14b4,0x0ace94b4,0x80000000,0x00000000,0x00000000,0x80000000,True,False,True,True
0x14b8,0x0ace94b8,0x80000000,0x00000000,0x00000000,0x80000000,True,False,True,True
0x14bc,0x0ace94bc,0x80000000,0x00000000,0x00000000,0x80000000,True,False,True,True
0x14c0,0x0ace94c0,0x80000000,0x00000000,0x00000000,0x80000000,True,False,True,True
0x14c4,0x0ace94c4,0x80000000,0x00000000,0x00000000,0x80000000,True,False,True,True
0x14c8,0x0ace94c8,0x80000000,0x00000000,0x00000000,0x80000000,True,False,True,True
0x14cc,0x0ace94cc,0x80000000,0x00000000,0x00000000,0x80000000,True,False,True,True
0x14d0,0x0ace94d0,0x80000000,0x00000000,0x00000000,0x80000000,True,False,True,True
0x14d4,0x0ace94d4,0x80000000,0x00000000,0x00000000,0x80000000,True,False,True,True
0x14d8,0x0ace94d8,0x80000000,0x00000000,0x00000000,0x80000000,True,False,True,True
0x14dc,0x0ace94dc,0x80000000,0x00000000,0x00000000,0x80000000,True,False,True,True
0x14e0,0x0ace94e0,0x80000000,0x00000000,0x00000000,0x80000000,True,False,True,True
0x14e4,0x0ace94e4,0x80000000,0x00000000,0x00000000,0x80000000,True,False,True,True
0x14e8,0x0ace94e8,0x80000000,0x00000000,0x00000000,0x80000000,True,False,True,True
0x14ec,0x0ace94ec,0x80000000,0x00000000,0x00000000,0x80000000,True,False,True,True
0x14f0,0x0ace94f0,0x80000000,0x00000000,0x00000000,0x80000000,True,False,True,True
0x14f4,0x0ace94f4,0x80000000,0x00000000,0x00000000,0x80000000,True,False,True,True
0x14f8,0x0ace94f8,0x80000000,0x00000000,0x00000000,0x80000000,True,False,True,True
0x14fc,0x0ace94fc,0x80000000,0x00000000,0x00000000,0x80000000,True,False,True,True
0x1500,0x0ace9500,0x80000000,0x00000000,0x00000000,0x80000000,True,False,True,True
0x1504,0x0ace9504,0x80000000,0x00000000,0x00000000,0x80000000,True,False,True,True
0x1508,0x0ace9508,0x80000000,0x00000000,0x00000000,0x80000000,True,False,True,True
0x150c,0x0ace950c,0x80000000,0x00000000,0x00000000,0x80000000,True,False,True,True
0x1510,0x0ace9510,0x80000000,0x00000000,0x00000000,0x80000000,True,False,True,True
0x1514,0x0ace9514,0x80000000,0x00000000,0x00000000,0x80000000,True,False,True,True
0x1518,0x0ace9518,0x80000000,0x00000000,0x00000000,0x80000000,True,False,True,True
0x151c,0x0ace951c,0x80000000,0x00000000,0x00000000,0x80000000,True,False,True,True
0x1520,0x0ace9520,0x80000000,0x00000000,0x00000000,0x80000000,True,False,True,True
0x1524,0x0ace9524,0x80000000,0x00000000,0x00000000,0x80000000,True,False,True,True
0x1528,0x0ace9528,0x80000000,0x00000000,0x00000000,0x80000000,True,False,True,True
0x152c,0x0ace952c,0x80000000,0x00000000,0x00000000,0x80000000,True,False,True,True
0x1530,0x0ace9530,0x80000000,0x00000000,0x00000000,0x80000000,True,False,True,True
0x1534,0x0ace9534,0x80000000,0x00000000,0x00000000,0x80000000,True,False,True,True
0x1538,0x0ace9538,0x80000000,0x00000000,0x00000000,0x80000000,True,False,True,True
0x153c,0x0ace953c,0x80000000,0x00000000,0x00000000,0x80000000,True,False,True,True
0x1540,0x0ace9540,0x80000000,0x00000000,0x00000000,0x80000000,True,False,True,True
0x1544,0x0ace9544,0x80000000,0x00000000,0x00000000,0x80000000,True,False,True,True
0x1548,0x0ace9548,0x80000000,0x00000000,0x00000000,0x80000000,True,False,True,True
0x154c,0x0ace954c,0x80000000,0x00000000,0x00000000,0x80000000,True,False,True,True
0x1550,0x0ace9550,0x80000000,0x00000000,0x00000000,0x80000000,True,False,True,True
0x1554,0x0ace9554,0x80000000,0x00000000,0x00000000,0x80000000,True,False,True,True
0x1558,0x0ace9558,0x80000000,0x00000000,0x00000000,0x80000000,True,False,True,True
0x155c,0x0ace955c,0x80000000,0x00000000,0x00000000,0x80000000,True,False,True,True
0x1560,0x0ace9560,0x80000000,0x00000000,0x00000000,0x80000000,True,False,True,True
0x1564,0x0ace9564,0x80000000,0x00000000,0x00000000,0x80000000,True,False,True,True
0x1568,0x0ace9568,0x80000000,0x00000000,0x00000000,0x80000000,True,False,True,True
0x156c,0x0ace956c,0x80000000,0x00000000,0x00000000,0x80000000,True,False,True,True
0x1570,0x0ace9570,0x80000000,0x00000000,0x00000000,0x80000000,True,False,True,True
0x1574,0x0ace9574,0x80000000,0x00000000,0x00000000,0x80000000,True,False,True,True
0x1578,0x0ace9578,0x80000000,0x00000000,0x00000000,0x80000000,True,False,True,True
0x157c,0x0ace957c,0x80000000,0x00000000,0x00000000,0x80000000,True,False,True,True
0x1580,0x0ace9580,0x80000000,0x00000000,0x00000000,0x80000000,True,False,True,True
0x1584,0x0ace9584,0x80000000,0x00000000,0x00000000,0x80000000,True,False,True,True
0x1588,0x0ace9588,0x80000000,0x00000000,0x00000000,0x80000000,True,False,True,True
0x158c,0x0ace958c,0x80000000,0x00000000,0x00000000,0x80000000,True,False,True,True
0x1590,0x0ace9590,0x80000000,0x00000000,0x00000000,0x80000000,True,False,True,True
0x1594,0x0ace9594,0x80000000,0x00000000,0x00000000,0x80000000,True,False,True,True
0x1598,0x0ace9598,0x80000000,0x00000000,0x00000000,0x80000000,True,False,True,True
0x159c,0x0ace959c,0x80000000,0x00000000,0x00000000,0x80000000,True,False,True,True
0x15a0,0x0ace95a0,0x80000000,0x00000000,0x00000000,0x80000000,True,False,True,True
0x15a4,0x0ace95a4,0x80000000,0x00000000,0x00000000,0x80000000,True,False,True,True
0x15a8,0x0ace95a8,0x80000000,0x00000000,0x00000000,0x80000000,True,False,True,True
0x15ac,0x0ace95ac,0x80000000,0x00000000,0x00000000,0x80000000,True,False,True,True
0x15b0,0x0ace95b0,0x80000000,0x00000000,0x00000000,0x80000000,True,False,True,True
0x15b4,0x0ace95b4,0x80000000,0x00000000,0x00000000,0x80000000,True,False,True,True
0x15b8,0x0ace95b8,0x80000000,0x00000000,0x00000000,0x80000000,True,False,True,True
0x15bc,0x0ace95bc,0x80000000,0x00000000,0x00000000,0x80000000,True,False,True,True
0x15c0,0x0ace95c0,0x80000000,0x00000000,0x00000000,0x80000000,True,False,True,True
0x15c4,0x0ace95c4,0x80000000,0x00000000,0x00000000,0x80000000,True,False,True,True
0x15c8,0x0ace95c8,0x80000000,0x00000000,0x00000000,0x80000000,True,False,True,True
0x15cc,0x0ace95cc,0x80000000,0x00000000,0x00000000,0x80000000,True,False,True,True
0x15d0,0x0ace95d0,0x80000000,0x00000000,0x00000000,0x80000000,True,False,True,True
0x15d4,0x0ace95d4,0x80000000,0x00000000,0x00000000,0x80000000,True,False,True,True
0x15d8,0x0ace95d8,0x80000000,0x00000000,0x00000000,0x80000000,True,False,True,True
0x15dc,0x0ace95dc,0x80000000,0x00000000,0x00000000,0x80000000,True,False,True,True
0x15e0,0x0ace95e0,0x80000000,0x00000000,0x00000000,0x80000000,True,False,True,True
0x15e4,0x0ace95e4,0x80000000,0x00000000,0x00000000,0x80000000,True,False,True,True
0x15e8,0x0ace95e8,0x80000000,0x00000000,0x00000000,0x80000000,True,False,True,True
0x15ec,0x0ace95ec,0x80000000,0x00000000,0x00000000,0x80000000,True,False,True,True
0x15f0,0x0ace95f0,0x80000000,0x00000000,0x00000000,0x80000000,True,False,True,True
0x15f4,0x0ace95f4,0x80000000,0x00000000,0x00000000,0x80000000,True,False,True,True
0x15f8,0x0ace95f8,0x80000000,0x00000000,0x00000000,0x80000000,True,False,True,True
0x15fc,0x0ace95fc,0x80000000,0x00000000,0x00000000,0x80000000,True,False,True,True
0x1600,0x0ace9600,0x80000000,0x00000000,0x00000000,0x80000000,True,False,True,True
0x1604,0x0ace9604,0x80000000,0x00000000,0x00000000,0x80000000,True,False,True,True
0x1608,0x0ace9608,0x80000000,0x00000000,0x00000000,0x80000000,True,False,True,True
0x160c,0x0ace960c,0x80000000,0x00000000,0x00000000,0x80000000,True,False,True,True
0x1610,0x0ace9610,0x80000000,0x00000000,0x00000000,0x80000000,True,False,True,True
0x1614,0x0ace9614,0x80000000,0x00000000,0x00000000,0x80000000,True,False,True,True
0x1618,0x0ace9618,0x80000000,0x00000000,0x00000000,0x80000000,True,False,True,True
0x161c,0x0ace961c,0x80000000,0x00000000,0x00000000,0x80000000,True,False,True,True
0x1620,0x0ace9620,0x80000000,0x00000000,0x00000000,0x80000000,True,False,True,True
0x1624,0x0ace9624,0x80000000,0x00000000,0x00000000,0x80000000,True,False,True,True
0x1628,0x0ace9628,0x80000000,0x00000000,0x00000000,0x80000000,True,False,True,True
0x162c,0x0ace962c,0x80000000,0x00000000,0x00000000,0x80000000,True,False,True,True
0x1630,0x0ace9630,0x80000000,0x00000000,0x00000000,0x80000000,True,False,True,True
0x1634,0x0ace9634,0x80000000,0x00000000,0x00000000,0x80000000,True,False,True,True
0x1638,0x0ace9638,0x80000000,0x00000000,0x00000000,0x80000000,True,False,True,True
0x163c,0x0ace963c,0x80000000,0x00000000,0x00000000,0x80000000,True,False,True,True
0x1640,0x0ace9640,0x80000000,0x00000000,0x00000000,0x80000000,True,False,True,True
0x1644,0x0ace9644,0x80000000,0x00000000,0x00000000,0x80000000,True,False,True,True
0x1648,0x0ace9648,0x80000000,0x00000000,0x00000000,0x80000000,True,False,True,True
0x164c,0x0ace964c,0x80000000,0x00000000,0x00000000,0x80000000,True,False,True,True
0x1650,0x0ace9650,0x80000000,0x00000000,0x00000000,0x80000000,True,False,True,True
0x1654,0x0ace9654,0x80000000,0x00000000,0x00000000,0x80000000,True,False,True,True
0x1658,0x0ace9658,0x80000000,0x00000000,0x00000000,0x80000000,True,False,True,True
0x165c,0x0ace965c,0x80000000,0x00000000,0x00000000,0x80000000,True,False,True,True
0x1660,0x0ace9660,0x80000000,0x00000000,0x00000000,0x80000000,True,False,True,True
0x1664,0x0ace9664,0x80000000,0x00000000,0x00000000,0x80000000,True,False,True,True
0x1668,0x0ace9668,0x80000000,0x00000000,0x00000000,0x80000000,True,False,True,True
0x166c,0x0ace966c,0x80000000,0x00000000,0x00000000,0x80000000,True,False,True,True
0x1670,0x0ace9670,0x80000000,0x00000000,0x00000000,0x80000000,True,False,True,True
0x1674,0x0ace9674,0x80000000,0x00000000,0x00000000,0x80000000,True,False,True,True
0x1678,0x0ace9678,0x80000000,0x00000000,0x00000000,0x80000000,True,False,True,True
0x167c,0x0ace967c,0x80000000,0x00000000,0x00000000,0x80000000,True,False,True,True
0x1680,0x0ace9680,0x80000000,0x00000000,0x00000000,0x80000000,True,False,True,True
0x1684,0x0ace9684,0x80000000,0x00000000,0x00000000,0x80000000,True,False,True,True
0x1688,0x0ace9688,0x80000000,0x00000000,0x00000000,0x80000000,True,False,True,True
0x168c,0x0ace968c,0x80000000,0x00000000,0x00000000,0x80000000,True,False,True,True
0x1690,0x0ace9690,0x80000000,0x00000000,0x00000000,0x80000000,True,False,True,True
0x1694,0x0ace9694,0x80000000,0x00000000,0x00000000,0x80000000,True,False,True,True
0x1698,0x0ace9698,0x80000000,0x00000000,0x00000000,0x80000000,True,False,True,True
0x169c,0x0ace969c,0x80000000,0x00000000,0x00000000,0x80000000,True,False,True,True
0x16a0,0x0ace96a0,0x80000000,0x00000000,0x00000000,0x80000000,True,False,True,True
0x16a4,0x0ace96a4,0x80000000,0x00000000,0x00000000,0x80000000,True,False,True,True
0x16a8,0x0ace96a8,0x80000000,0x00000000,0x00000000,0x80000000,True,False,True,True
0x16ac,0x0ace96ac,0x80000000,0x00000000,0x00000000,0x80000000,True,False,True,True
0x16b0,0x0ace96b0,0x80000000,0x00000000,0x00000000,0x80000000,True,False,True,True
0x16b4,0x0ace96b4,0x80000000,0x00000000,0x00000000,0x80000000,True,False,True,True
0x16b8,0x0ace96b8,0x80000000,0x00000000,0x00000000,0x80000000,True,False,True,True
0x16bc,0x0ace96bc,0x80000000,0x00000000,0x00000000,0x80000000,True,False,True,True
0x16c0,0x0ace96c0,0x80000000,0x00000000,0x00000000,0x80000000,True,False,True,True
0x16c4,0x0ace96c4,0x80000000,0x00000000,0x00000000,0x80000000,True,False,True,True
0x16c8,0x0ace96c8,0x80000000,0x00000000,0x00000000,0x80000000,True,False,True,True
0x16cc,0x0ace96cc,0x80000000,0x00000000,0x00000000,0x80000000,True,False,True,True
0x16d0,0x0ace96d0,0x80000000,0x00000000,0x00000000,0x80000000,True,False,True,True
0x16d4,0x0ace96d4,0x80000000,0x00000000,0x00000000,0x80000000,True,False,True,True
0x16d8,0x0ace96d8,0x80000000,0x00000000,0x00000000,0x80000000,True,False,True,True
0x16dc,0x0ace96dc,0x80000000,0x00000000,0x00000000,0x80000000,True,False,True,True
0x16e0,0x0ace96e0,0x80000000,0x00000000,0x00000000,0x80000000,True,False,True,True
0x16e4,0x0ace96e4,0x80000000,0x00000000,0x00000000,0x80000000,True,False,True,True
0x16e8,0x0ace96e8,0x80000000,0x00000000,0x00000000,0x80000000,True,False,True,True
0x16ec,0x0ace96ec,0x80000000,0x00000000,0x00000000,0x80000000,True,False,True,True
0x16f0,0x0ace96f0,0x80000000,0x00000000,0x00000000,0x80000000,True,False,True,True
0x16f4,0x0ace96f4,0x80000000,0x00000000,0x00000000,0x80000000,True,False,True,True
0x16f8,0x0ace96f8,0x80000000,0x00000000,0x00000000,0x80000000,True,False,True,True
0x16fc,0x0ace96fc,0x80000000,0x00000000,0x00000000,0x80000000,True,False,True,True
0x1700,0x0ace9700,0x80000000,0x00000000,0x00000000,0x80000000,True,False,True,True
0x1704,0x0ace9704,0x80000000,0x00000000,0x00000000,0x80000000,True,False,True,True
0x1708,0x0ace9708,0x80000000,0x00000000,0x00000000,0x80000000,True,False,True,True
0x170c,0x0ace970c,0x80000000,0x00000000,0x00000000,0x80000000,True,False,True,True
0x1710,0x0ace9710,0x80000000,0x00000000,0x00000000,0x80000000,True,False,True,True
0x1714,0x0ace9714,0x80000000,0x00000000,0x00000000,0x80000000,True,False,True,True
0x1718,0x0ace9718,0x80000000,0x00000000,0x00000000,0x80000000,True,False,True,True
0x171c,0x0ace971c,0x80000000,0x00000000,0x00000000,0x80000000,True,False,True,True
0x1720,0x0ace9720,0x80000000,0x00000000,0x00000000,0x80000000,True,False,True,True
0x1724,0x0ace9724,0x80000000,0x00000000,0x00000000,0x80000000,True,False,True,True
0x1728,0x0ace9728,0x80000000,0x00000000,0x00000000,0x80000000,True,False,True,True
0x172c,0x0ace972c,0x80000000,0x00000000,0x00000000,0x80000000,True,False,True,True
0x1730,0x0ace9730,0x80000000,0x00000000,0x00000000,0x80000000,True,False,True,True
0x1734,0x0ace9734,0x80000000,0x00000000,0x00000000,0x80000000,True,False,True,True
0x1738,0x0ace9738,0x80000000,0x00000000,0x00000000,0x80000000,True,False,True,True
0x173c,0x0ace973c,0x80000000,0x00000000,0x00000000,0x80000000,True,False,True,True
0x1740,0x0ace9740,0x80000000,0x00000000,0x00000000,0x80000000,True,False,True,True
0x1744,0x0ace9744,0x80000000,0x00000000,0x00000000,0x80000000,True,False,True,True
0x1748,0x0ace9748,0x80000000,0x00000000,0x00000000,0x80000000,True,False,True,True
0x174c,0x0ace974c,0x80000000,0x00000000,0x00000000,0x80000000,True,False,True,True
0x1750,0x0ace9750,0x80000000,0x00000000,0x00000000,0x80000000,True,False,True,True
0x1754,0x0ace9754,0x80000000,0x00000000,0x00000000,0x80000000,True,False,True,True
0x1758,0x0ace9758,0x80000000,0x00000000,0x00000000,0x80000000,True,False,True,True
0x175c,0x0ace975c,0x80000000,0x00000000,0x00000000,0x80000000,True,False,True,True
0x1760,0x0ace9760,0x80000000,0x00000000,0x00000000,0x80000000,True,False,True,True
0x1764,0x0ace9764,0x80000000,0x00000000,0x00000000,0x80000000,True,False,True,True
0x1768,0x0ace9768,0x80000000,0x00000000,0x00000000,0x80000000,True,False,True,True
0x176c,0x0ace976c,0x80000000,0x00000000,0x00000000,0x80000000,True,False,True,True
0x1770,0x0ace9770,0x80000000,0x00000000,0x00000000,0x80000000,True,False,True,True
0x1774,0x0ace9774,0x80000000,0x00000000,0x00000000,0x80000000,True,False,True,True
0x1778,0x0ace9778,0x80000000,0x00000000,0x00000000,0x80000000,True,False,True,True
0x177c,0x0ace977c,0x80000000,0x00000000,0x00000000,0x80000000,True,False,True,True
0x1780,0x0ace9780,0x80000000,0x00000000,0x00000000,0x80000000,True,False,True,True
0x1784,0x0ace9784,0x80000000,0x00000000,0x00000000,0x80000000,True,False,True,True
0x1788,0x0ace9788,0x80000000,0x00000000,0x00000000,0x80000000,True,False,True,True
0x178c,0x0ace978c,0x80000000,0x00000000,0x00000000,0x80000000,True,False,True,True
0x1790,0x0ace9790,0x80000000,0x00000000,0x00000000,0x80000000,True,False,True,True
0x1794,0x0ace9794,0x80000000,0x00000000,0x00000000,0x80000000,True,False,True,True
0x1798,0x0ace9798,0x80000000,0x00000000,0x00000000,0x80000000,True,False,True,True
0x179c,0x0ace979c,0x80000000,0x00000000,0x00000000,0x80000000,True,False,True,True
0x17a0,0x0ace97a0,0x80000000,0x00000000,0x00000000,0x80000000,True,False,True,True
0x17a4,0x0ace97a4,0x80000000,0x00000000,0x00000000,0x80000000,True,False,True,True
0x17a8,0x0ace97a8,0x80000000,0x00000000,0x00000000,0x80000000,True,False,True,True
0x17ac,0x0ace97ac,0x80000000,0x00000000,0x00000000,0x80000000,True,False,True,True
0x17b0,0x0ace97b0,0x80000000,0x00000000,0x00000000,0x80000000,True,False,True,True
0x17b4,0x0ace97b4,0x80000000,0x00000000,0x00000000,0x80000000,True,False,True,True
0x17b8,0x0ace97b8,0x80000000,0x00000000,0x00000000,0x80000000,True,False,True,True
0x17bc,0x0ace97bc,0x80000000,0x00000000,0x00000000,0x80000000,True,False,True,True
0x17c0,0x0ace97c0,0x80000000,0x00000000,0x00000000,0x80000000,True,False,True,True
0x17c4,0x0ace97c4,0x80000000,0x00000000,0x00000000,0x80000000,True,False,True,True
0x17c8,0x0ace97c8,0x80000000,0x00000000,0x00000000,0x80000000,True,False,True,True
0x17cc,0x0ace97cc,0x80000000,0x00000000,0x00000000,0x80000000,True,False,True,True
0x17d0,0x0ace97d0,0x80000000,0x00000000,0x00000000,0x80000000,True,False,True,True
0x17d4,0x0ace97d4,0x80000000,0x00000000,0x00000000,0x80000000,True,False,True,True
0x17d8,0x0ace97d8,0x80000000,0x00000000,0x00000000,0x80000000,True,False,True,True
0x17dc,0x0ace97dc,0x80000000,0x00000000,0x00000000,0x80000000,True,False,True,True
0x17e0,0x0ace97e0,0x80000000,0x00000000,0x00000000,0x80000000,True,False,True,True
0x17e4,0x0ace97e4,0x80000000,0x00000000,0x00000000,0x80000000,True,False,True,True
0x17e8,0x0ace97e8,0x80000000,0x00000000,0x00000000,0x80000000,True,False,True,True
0x17ec,0x0ace97ec,0x80000000,0x00000000,0x00000000,0x80000000,True,False,True,True
0x17f0,0x0ace97f0,0x80000000,0x00000000,0x00000000,0x80000000,True,False,True,True
0x17f4,0x0ace97f4,0x80000000,0x00000000,0x00000000,0x80000000,True,False,True,True
0x17f8,0x0ace97f8,0x80000000,0x00000000,0x00000000,0x80000000,True,False,True,True
0x17fc,0x0ace97fc,0x80000000,0x00000000,0x00000000,0x80000000,True,False,True,True
0x1800,0x0ace9800,0x80000000,0x00000000,0x00000000,0x80000000,True,False,True,True
0x1804,0x0ace9804,0x80000000,0x00000000,0x00000000,0x80000000,True,False,True,True
0x1808,0x0ace9808,0x80000000,0x00000000,0x00000000,0x80000000,True,False,True,True
0x180c,0x0ace980c,0x80000000,0x00000000,0x00000000,0x80000000,True,False,True,True
0x1810,0x0ace9810,0x80000000,0x00000000,0x00000000,0x80000000,True,False,True,True
0x1814,0x0ace9814,0x80000000,0x00000000,0x00000000,0x80000000,True,False,True,True
0x1818,0x0ace9818,0x80000000,0x00000000,0x00000000,0x80000000,True,False,True,True
0x181c,0x0ace981c,0x80000000,0x00000000,0x00000000,0x80000000,True,False,True,True
0x1820,0x0ace9820,0x80000000,0x00000000,0x00000000,0x80000000,True,False,True,True
0x1824,0x0ace9824,0x80000000,0x00000000,0x00000000,0x80000000,True,False,True,True
0x1828,0x0ace9828,0x80000000,0x00000000,0x00000000,0x80000000,True,False,True,True
0x182c,0x0ace982c,0x80000000,0x00000000,0x00000000,0x80000000,True,False,True,True
0x1830,0x0ace9830,0x80000000,0x00000000,0x00000000,0x80000000,True,False,True,True
0x1834,0x0ace9834,0x80000000,0x00000000,0x00000000,0x80000000,True,False,True,True
0x1838,0x0ace9838,0x80000000,0x00000000,0x00000000,0x80000000,True,False,True,True
0x183c,0x0ace983c,0x80000000,0x00000000,0x00000000,0x80000000,True,False,True,True
0x1840,0x0ace9840,0x80000000,0x00000000,0x00000000,0x80000000,True,False,True,True
0x1844,0x0ace9844,0x80000000,0x00000000,0x00000000,0x80000000,True,False,True,True
0x1848,0x0ace9848,0x80000000,0x00000000,0x00000000,0x80000000,True,False,True,True
0x184c,0x0ace984c,0x80000000,0x00000000,0x00000000,0x80000000,True,False,True,True
0x1850,0x0ace9850,0x80000000,0x00000000,0x00000000,0x80000000,True,False,True,True
0x1854,0x0ace9854,0x80000000,0x00000000,0x00000000,0x80000000,True,False,True,True
0x1858,0x0ace9858,0x80000000,0x00000000,0x00000000,0x80000000,True,False,True,True
0x185c,0x0ace985c,0x80000000,0x00000000,0x00000000,0x80000000,True,False,True,True
0x1860,0x0ace9860,0x80000000,0x00000000,0x00000000,0x80000000,True,False,True,True
0x1864,0x0ace9864,0x80000000,0x00000000,0x00000000,0x80000000,True,False,True,True
0x1868,0x0ace9868,0x80000000,0x00000000,0x00000000,0x80000000,True,False,True,True
0x186c,0x0ace986c,0x80000000,0x00000000,0x00000000,0x80000000,True,False,True,True
0x1870,0x0ace9870,0x80000000,0x00000000,0x00000000,0x80000000,True,False,True,True
0x1874,0x0ace9874,0x80000000,0x00000000,0x00000000,0x80000000,True,False,True,True
0x1878,0x0ace9878,0x80000000,0x00000000,0x00000000,0x80000000,True,False,True,True
0x187c,0x0ace987c,0x80000000,0x00000000,0x00000000,0x80000000,True,False,True,True
0x1880,0x0ace9880,0x80000000,0x00000000,0x00000000,0x80000000,True,False,True,True
0x1884,0x0ace9884,0x80000000,0x00000000,0x00000000,0x80000000,True,False,True,True
0x1888,0x0ace9888,0x80000000,0x00000000,0x00000000,0x80000000,True,False,True,True
0x188c,0x0ace988c,0x80000000,0x00000000,0x00000000,0x80000000,True,False,True,True
0x1890,0x0ace9890,0x80000000,0x00000000,0x00000000,0x80000000,True,False,True,True
0x1894,0x0ace9894,0x80000000,0x00000000,0x00000000,0x80000000,True,False,True,True
0x1898,0x0ace9898,0x80000000,0x00000000,0x00000000,0x80000000,True,False,True,True
0x189c,0x0ace989c,0x80000000,0x00000000,0x00000000,0x80000000,True,False,True,True
0x18a0,0x0ace98a0,0x80000000,0x00000000,0x00000000,0x80000000,True,False,True,True
0x18a4,0x0ace98a4,0x80000000,0x00000000,0x00000000,0x80000000,True,False,True,True
0x18a8,0x0ace98a8,0x80000000,0x00000000,0x00000000,0x80000000,True,False,True,True
0x18ac,0x0ace98ac,0x80000000,0x00000000,0x00000000,0x80000000,True,False,True,True
0x18b0,0x0ace98b0,0x80000000,0x00000000,0x00000000,0x80000000,True,False,True,True
0x18b4,0x0ace98b4,0x80000000,0x00000000,0x00000000,0x80000000,True,False,True,True
0x18b8,0x0ace98b8,0x80000000,0x00000000,0x00000000,0x80000000,True,False,True,True
0x18bc,0x0ace98bc,0x80000000,0x00000000,0x00000000,0x80000000,True,False,True,True
0x18c0,0x0ace98c0,0x80000000,0x00000000,0x00000000,0x80000000,True,False,True,True
0x18c4,0x0ace98c4,0x80000000,0x00000000,0x00000000,0x80000000,True,False,True,True
0x18c8,0x0ace98c8,0x80000000,0x00000000,0x00000000,0x80000000,True,False,True,True
0x18cc,0x0ace98cc,0x80000000,0x00000000,0x00000000,0x80000000,True,False,True,True
0x18d0,0x0ace98d0,0x80000000,0x00000000,0x00000000,0x80000000,True,False,True,True
0x18d4,0x0ace98d4,0x80000000,0x00000000,0x00000000,0x80000000,True,False,True,True
0x18d8,0x0ace98d8,0x80000000,0x00000000,0x00000000,0x80000000,True,False,True,True
0x18dc,0x0ace98dc,0x80000000,0x00000000,0x00000000,0x80000000,True,False,True,True
0x18e0,0x0ace98e0,0x80000000,0x00000000,0x00000000,0x80000000,True,False,True,True
0x18e4,0x0ace98e4,0x80000000,0x00000000,0x00000000,0x80000000,True,False,True,True
0x18e8,0x0ace98e8,0x80000000,0x00000000,0x00000000,0x80000000,True,False,True,True
0x18ec,0x0ace98ec,0x80000000,0x00000000,0x00000000,0x80000000,True,False,True,True
0x18f0,0x0ace98f0,0x80000000,0x00000000,0x00000000,0x80000000,True,False,True,True
0x18f4,0x0ace98f4,0x80000000,0x00000000,0x00000000,0x80000000,True,False,True,True
0x18f8,0x0ace98f8,0x80000000,0x00000000,0x00000000,0x80000000,True,False,True,True
0x18fc,0x0ace98fc,0x80000000,0x00000000,0x00000000,0x80000000,True,False,True,True
0x1900,0x0ace9900,0x80000000,0x00000000,0x00000000,0x80000000,True,False,True,True
0x1904,0x0ace9904,0x80000000,0x00000000,0x00000000,0x80000000,True,False,True,True
0x1908,0x0ace9908,0x80000000,0x00000000,0x00000000,0x80000000,True,False,True,True
0x190c,0x0ace990c,0x80000000,0x00000000,0x00000000,0x80000000,True,False,True,True
0x1910,0x0ace9910,0x80000000,0x00000000,0x00000000,0x80000000,True,False,True,True
0x1914,0x0ace9914,0x80000000,0x00000000,0x00000000,0x80000000,True,False,True,True
0x1918,0x0ace9918,0x80000000,0x00000000,0x00000000,0x80000000,True,False,True,True
0x191c,0x0ace991c,0x80000000,0x00000000,0x00000000,0x80000000,True,False,True,True
0x1920,0x0ace9920,0x80000000,0x00000000,0x00000000,0x80000000,True,False,True,True
0x1924,0x0ace9924,0x80000000,0x00000000,0x00000000,0x80000000,True,False,True,True
0x1928,0x0ace9928,0x80000000,0x00000000,0x00000000,0x80000000,True,False,True,True
0x192c,0x0ace992c,0x80000000,0x00000000,0x00000000,0x80000000,True,False,True,True
0x1930,0x0ace9930,0x80000000,0x00000000,0x00000000,0x80000000,True,False,True,True
0x1934,0x0ace9934,0x80000000,0x00000000,0x00000000,0x80000000,True,False,True,True
0x1938,0x0ace9938,0x80000000,0x00000000,0x00000000,0x80000000,True,False,True,True
0x193c,0x0ace993c,0x80000000,0x00000000,0x00000000,0x80000000,True,False,True,True
0x1940,0x0ace9940,0x80000000,0x00000000,0x00000000,0x80000000,True,False,True,True
0x1944,0x0ace9944,0x80000000,0x00000000,0x00000000,0x80000000,True,False,True,True
0x1948,0x0ace9948,0x80000000,0x00000000,0x00000000,0x80000000,True,False,True,True
0x194c,0x0ace994c,0x80000000,0x00000000,0x00000000,0x80000000,True,False,True,True
0x1950,0x0ace9950,0x80000000,0x00000000,0x00000000,0x80000000,True,False,True,True
0x1954,0x0ace9954,0x80000000,0x00000000,0x00000000,0x80000000,True,False,True,True
0x1958,0x0ace9958,0x80000000,0x00000000,0x00000000,0x80000000,True,False,True,True
0x195c,0x0ace995c,0x80000000,0x00000000,0x00000000,0x80000000,True,False,True,True
0x1960,0x0ace9960,0x80000000,0x00000000,0x00000000,0x80000000,True,False,True,True
0x1964,0x0ace9964,0x80000000,0x00000000,0x00000000,0x80000000,True,False,True,True
0x1968,0x0ace9968,0x80000000,0x00000000,0x00000000,0x80000000,True,False,True,True
0x196c,0x0ace996c,0x80000000,0x00000000,0x00000000,0x80000000,True,False,True,True
0x1970,0x0ace9970,0x80000000,0x00000000,0x00000000,0x80000000,True,False,True,True
0x1974,0x0ace9974,0x80000000,0x00000000,0x00000000,0x80000000,True,False,True,True
0x1978,0x0ace9978,0x80000000,0x00000000,0x00000000,0x80000000,True,False,True,True
0x197c,0x0ace997c,0x80000000,0x00000000,0x00000000,0x80000000,True,False,True,True
0x1980,0x0ace9980,0x80000000,0x00000000,0x00000000,0x80000000,True,False,True,True
0x1984,0x0ace9984,0x80000000,0x00000000,0x00000000,0x80000000,True,False,True,True
0x1988,0x0ace9988,0x80000000,0x00000000,0x00000000,0x80000000,True,False,True,True
0x198c,0x0ace998c,0x80000000,0x00000000,0x00000000,0x80000000,True,False,True,True
0x1990,0x0ace9990,0x80000000,0x00000000,0x00000000,0x80000000,True,False,True,True
0x1994,0x0ace9994,0x80000000,0x00000000,0x00000000,0x80000000,True,False,True,True
0x1998,0x0ace9998,0x80000000,0x00000000,0x00000000,0x80000000,True,False,True,True
0x199c,0x0ace999c,0x80000000,0x00000000,0x00000000,0x80000000,True,False,True,True
0x19a0,0x0ace99a0,0x80000000,0x00000000,0x00000000,0x80000000,True,False,True,True
0x19a4,0x0ace99a4,0x80000000,0x00000000,0x00000000,0x80000000,True,False,True,True
0x19a8,0x0ace99a8,0x80000000,0x00000000,0x00000000,0x80000000,True,False,True,True
0x19ac,0x0ace99ac,0x80000000,0x00000000,0x00000000,0x80000000,True,False,True,True
0x19b0,0x0ace99b0,0x80000000,0x00000000,0x00000000,0x80000000,True,False,True,True
0x19b4,0x0ace99b4,0x80000000,0x00000000,0x00000000,0x80000000,True,False,True,True
0x19b8,0x0ace99b8,0x80000000,0x00000000,0x00000000,0x80000000,True,False,True,True
0x19bc,0x0ace99bc,0x80000000,0x00000000,0x00000000,0x80000000,True,False,True,True
0x19c0,0x0ace99c0,0x80000000,0x00000000,0x00000000,0x80000000,True,False,True,True
0x19c4,0x0ace99c4,0x80000000,0x00000000,0x00000000,0x80000000,True,False,True,True
0x19c8,0x0ace99c8,0x80000000,0x00000000,0x00000000,0x80000000,True,False,True,True
0x19cc,0x0ace99cc,0x80000000,0x00000000,0x00000000,0x80000000,True,False,True,True
0x19d0,0x0ace99d0,0x80000000,0x00000000,0x00000000,0x80000000,True,False,True,True
0x19d4,0x0ace99d4,0x80000000,0x00000000,0x00000000,0x80000000,True,False,True,True
0x19d8,0x0ace99d8,0x80000000,0x00000000,0x00000000,0x80000000,True,False,True,True
0x19dc,0x0ace99dc,0x80000000,0x00000000,0x00000000,0x80000000,True,False,True,True
0x19e0,0x0ace99e0,0x80000000,0x00000000,0x00000000,0x80000000,True,False,True,True
0x19e4,0x0ace99e4,0x80000000,0x00000000,0x00000000,0x80000000,True,False,True,True
0x19e8,0x0ace99e8,0x80000000,0x00000000,0x00000000,0x80000000,True,False,True,True
0x19ec,0x0ace99ec,0x80000000,0x00000000,0x00000000,0x80000000,True,False,True,True
0x19f0,0x0ace99f0,0x80000000,0x00000000,0x00000000,0x80000000,True,False,True,True
0x19f4,0x0ace99f4,0x80000000,0x00000000,0x00000000,0x80000000,True,False,True,True
0x19f8,0x0ace99f8,0x80000000,0x00000000,0x00000000,0x80000000,True,False,True,True
0x19fc,0x0ace99fc,0x80000000,0x00000000,0x00000000,0x80000000,True,False,True,True
0x1a00,0x0ace9a00,0x80000000,0x00000000,0x00000000,0x80000000,True,False,True,True
0x1a04,0x0ace9a04,0x80000000,0x00000000,0x00000000,0x80000000,True,False,True,True
0x1a08,0x0ace9a08,0x80000000,0x00000000,0x00000000,0x80000000,True,False,True,True
0x1a0c,0x0ace9a0c,0x80000000,0x00000000,0x00000000,0x80000000,True,False,True,True
0x1a10,0x0ace9a10,0x80000000,0x00000000,0x00000000,0x80000000,True,False,True,True
0x1a14,0x0ace9a14,0x80000000,0x00000000,0x00000000,0x80000000,True,False,True,True
0x1a18,0x0ace9a18,0x80000000,0x00000000,0x00000000,0x80000000,True,False,True,True
0x1a1c,0x0ace9a1c,0x80000000,0x00000000,0x00000000,0x80000000,True,False,True,True
0x1a20,0x0ace9a20,0x80000000,0x00000000,0x00000000,0x80000000,True,False,True,True
0x1a24,0x0ace9a24,0x80000000,0x00000000,0x00000000,0x80000000,True,False,True,True
0x1a28,0x0ace9a28,0x80000000,0x00000000,0x00000000,0x80000000,True,False,True,True
0x1a2c,0x0ace9a2c,0x80000000,0x00000000,0x00000000,0x80000000,True,False,True,True
0x1a30,0x0ace9a30,0x80000000,0x00000000,0x00000000,0x80000000,True,False,True,True
0x1a34,0x0ace9a34,0x80000000,0x00000000,0x00000000,0x80000000,True,False,True,True
0x1a38,0x0ace9a38,0x80000000,0x00000000,0x00000000,0x80000000,True,False,True,True
0x1a3c,0x0ace9a3c,0x80000000,0x00000000,0x00000000,0x80000000,True,False,True,True
0x1a40,0x0ace9a40,0x80000000,0x00000000,0x00000000,0x80000000,True,False,True,True
0x1a44,0x0ace9a44,0x80000000,0x00000000,0x00000000,0x80000000,True,False,True,True
0x1a48,0x0ace9a48,0x80000000,0x00000000,0x00000000,0x80000000,True,False,True,True
0x1a4c,0x0ace9a4c,0x80000000,0x00000000,0x00000000,0x80000000,True,False,True,True
0x1a50,0x0ace9a50,0x80000000,0x00000000,0x00000000,0x80000000,True,False,True,True
0x1a54,0x0ace9a54,0x80000000,0x00000000,0x00000000,0x80000000,True,False,True,True
0x1a58,0x0ace9a58,0x80000000,0x00000000,0x00000000,0x80000000,True,False,True,True
0x1a5c,0x0ace9a5c,0x80000000,0x00000000,0x00000000,0x80000000,True,False,True,True
0x1a60,0x0ace9a60,0x80000000,0x00000000,0x00000000,0x80000000,True,False,True,True
0x1a64,0x0ace9a64,0x80000000,0x00000000,0x00000000,0x80000000,True,False,True,True
0x1a68,0x0ace9a68,0x80000000,0x00000000,0x00000000,0x80000000,True,False,True,True
0x1a6c,0x0ace9a6c,0x80000000,0x00000000,0x00000000,0x80000000,True,False,True,True
0x1a70,0x0ace9a70,0x80000000,0x00000000,0x00000000,0x80000000,True,False,True,True
0x1a74,0x0ace9a74,0x80000000,0x00000000,0x00000000,0x80000000,True,False,True,True
0x1a78,0x0ace9a78,0x80000000,0x00000000,0x00000000,0x80000000,True,False,True,True
0x1a7c,0x0ace9a7c,0x80000000,0x00000000,0x00000000,0x80000000,True,False,True,True
0x1a80,0x0ace9a80,0x80000000,0x00000000,0x00000000,0x80000000,True,False,True,True
0x1a84,0x0ace9a84,0x80000000,0x00000000,0x00000000,0x80000000,True,False,True,True
0x1a88,0x0ace9a88,0x80000000,0x00000000,0x00000000,0x80000000,True,False,True,True
0x1a8c,0x0ace9a8c,0x80000000,0x00000000,0x00000000,0x80000000,True,False,True,True
0x1a90,0x0ace9a90,0x80000000,0x00000000,0x00000000,0x80000000,True,False,True,True
0x1a94,0x0ace9a94,0x80000000,0x00000000,0x00000000,0x80000000,True,False,True,True
0x1a98,0x0ace9a98,0x80000000,0x00000000,0x00000000,0x80000000,True,False,True,True
0x1a9c,0x0ace9a9c,0x80000000,0x00000000,0x00000000,0x80000000,True,False,True,True
0x1aa0,0x0ace9aa0,0x80000000,0x00000000,0x00000000,0x80000000,True,False,True,True
0x1aa4,0x0ace9aa4,0x80000000,0x00000000,0x00000000,0x80000000,True,False,True,True
0x1aa8,0x0ace9aa8,0x80000000,0x00000000,0x00000000,0x80000000,True,False,True,True
0x1aac,0x0ace9aac,0x80000000,0x00000000,0x00000000,0x80000000,True,False,True,True
0x1ab0,0x0ace9ab0,0x80000000,0x00000000,0x00000000,0x80000000,True,False,True,True
0x1ab4,0x0ace9ab4,0x80000000,0x00000000,0x00000000,0x80000000,True,False,True,True
0x1ab8,0x0ace9ab8,0x80000000,0x00000000,0x00000000,0x80000000,True,False,True,True
0x1abc,0x0ace9abc,0x80000000,0x00000000,0x00000000,0x80000000,True,False,True,True
0x1ac0,0x0ace9ac0,0x80000000,0x00000000,0x00000000,0x80000000,True,False,True,True
0x1ac4,0x0ace9ac4,0x80000000,0x00000000,0x00000000,0x80000000,True,False,True,True
0x1ac8,0x0ace9ac8,0x80000000,0x00000000,0x00000000,0x80000000,True,False,True,True
0x1acc,0x0ace9acc,0x80000000,0x00000000,0x00000000,0x80000000,True,False,True,True
0x1ad0,0x0ace9ad0,0x80000000,0x00000000,0x00000000,0x80000000,True,False,True,True
0x1ad4,0x0ace9ad4,0x80000000,0x00000000,0x00000000,0x80000000,True,False,True,True
0x1ad8,0x0ace9ad8,0x80000000,0x00000000,0x00000000,0x80000000,True,False,True,True
0x1adc,0x0ace9adc,0x80000000,0x00000000,0x00000000,0x80000000,True,False,True,True
0x1ae0,0x0ace9ae0,0x80000000,0x00000000,0x00000000,0x80000000,True,False,True,True
0x1ae4,0x0ace9ae4,0x80000000,0x00000000,0x00000000,0x80000000,True,False,True,True
0x1ae8,0x0ace9ae8,0x80000000,0x00000000,0x00000000,0x80000000,True,False,True,True
0x1aec,0x0ace9aec,0x80000000,0x00000000,0x00000000,0x80000000,True,False,True,True
0x1af0,0x0ace9af0,0x80000000,0x00000000,0x00000000,0x80000000,True,False,True,True
0x1af4,0x0ace9af4,0x80000000,0x00000000,0x00000000,0x80000000,True,False,True,True
0x1af8,0x0ace9af8,0x80000000,0x00000000,0x00000000,0x80000000,True,False,True,True
0x1afc,0x0ace9afc,0x80000000,0x00000000,0x00000000,0x80000000,True,False,True,True
0x1b00,0x0ace9b00,0x80000000,0x00000000,0x00000000,0x80000000,True,False,True,True
0x1b04,0x0ace9b04,0x80000000,0x00000000,0x00000000,0x80000000,True,False,True,True
0x1b08,0x0ace9b08,0x80000000,0x00000000,0x00000000,0x80000000,True,False,True,True
0x1b0c,0x0ace9b0c,0x80000000,0x00000000,0x00000000,0x80000000,True,False,True,True
0x1b10,0x0ace9b10,0x80000000,0x00000000,0x00000000,0x80000000,True,False,True,True
0x1b14,0x0ace9b14,0x80000000,0x00000000,0x00000000,0x80000000,True,False,True,True
0x1b18,0x0ace9b18,0x80000000,0x00000000,0x00000000,0x80000000,True,False,True,True
0x1b1c,0x0ace9b1c,0x80000000,0x00000000,0x00000000,0x80000000,True,False,True,True
0x1b20,0x0ace9b20,0x80000000,0x00000000,0x00000000,0x80000000,True,False,True,True
0x1b24,0x0ace9b24,0x80000000,0x00000000,0x00000000,0x80000000,True,False,True,True
0x1b28,0x0ace9b28,0x80000000,0x00000000,0x00000000,0x80000000,True,False,True,True
0x1b2c,0x0ace9b2c,0x80000000,0x00000000,0x00000000,0x80000000,True,False,True,True
0x1b30,0x0ace9b30,0x80000000,0x00000000,0x00000000,0x80000000,True,False,True,True
0x1b34,0x0ace9b34,0x80000000,0x00000000,0x00000000,0x80000000,True,False,True,True
0x1b38,0x0ace9b38,0x80000000,0x00000000,0x00000000,0x80000000,True,False,True,True
0x1b3c,0x0ace9b3c,0x80000000,0x00000000,0x00000000,0x80000000,True,False,True,True
0x1b40,0x0ace9b40,0x80000000,0x00000000,0x00000000,0x80000000,True,False,True,True
0x1b44,0x0ace9b44,0x80000000,0x00000000,0x00000000,0x80000000,True,False,True,True
0x1b48,0x0ace9b48,0x80000000,0x00000000,0x00000000,0x80000000,True,False,True,True
0x1b4c,0x0ace9b4c,0x80000000,0x00000000,0x00000000,0x80000000,True,False,True,True
0x1b50,0x0ace9b50,0x80000000,0x00000000,0x00000000,0x80000000,True,False,True,True
0x1b54,0x0ace9b54,0x80000000,0x00000000,0x00000000,0x80000000,True,False,True,True
0x1b58,0x0ace9b58,0x80000000,0x00000000,0x00000000,0x80000000,True,False,True,True
0x1b5c,0x0ace9b5c,0x80000000,0x00000000,0x00000000,0x80000000,True,False,True,True
0x1b60,0x0ace9b60,0x80000000,0x00000000,0x00000000,0x80000000,True,False,True,True
0x1b64,0x0ace9b64,0x80000000,0x00000000,0x00000000,0x80000000,True,False,True,True
0x1b68,0x0ace9b68,0x80000000,0x00000000,0x00000000,0x80000000,True,False,True,True
0x1b6c,0x0ace9b6c,0x80000000,0x00000000,0x00000000,0x80000000,True,False,True,True
0x1b70,0x0ace9b70,0x80000000,0x00000000,0x00000000,0x80000000,True,False,True,True
0x1b74,0x0ace9b74,0x80000000,0x00000000,0x00000000,0x80000000,True,False,True,True
0x1b78,0x0ace9b78,0x80000000,0x00000000,0x00000000,0x80000000,True,False,True,True
0x1b7c,0x0ace9b7c,0x80000000,0x00000000,0x00000000,0x80000000,True,False,True,True
0x1b80,0x0ace9b80,0x80000000,0x00000000,0x00000000,0x80000000,True,False,True,True
0x1b84,0x0ace9b84,0x80000000,0x00000000,0x00000000,0x80000000,True,False,True,True
0x1b88,0x0ace9b88,0x80000000,0x00000000,0x00000000,0x80000000,True,False,True,True
0x1b8c,0x0ace9b8c,0x80000000,0x00000000,0x00000000,0x80000000,True,False,True,True
0x1b90,0x0ace9b90,0x80000000,0x00000000,0x00000000,0x80000000,True,False,True,True
0x1b94,0x0ace9b94,0x80000000,0x00000000,0x00000000,0x80000000,True,False,True,True
0x1b98,0x0ace9b98,0x80000000,0x00000000,0x00000000,0x80000000,True,False,True,True
0x1b9c,0x0ace9b9c,0x80000000,0x00000000,0x00000000,0x80000000,True,False,True,True
0x1ba0,0x0ace9ba0,0x80000000,0x00000000,0x00000000,0x80000000,True,False,True,True
0x1ba4,0x0ace9ba4,0x80000000,0x00000000,0x00000000,0x80000000,True,False,True,True
0x1ba8,0x0ace9ba8,0x80000000,0x00000000,0x00000000,0x80000000,True,False,True,True
0x1bac,0x0ace9bac,0x80000000,0x00000000,0x00000000,0x80000000,True,False,True,True
0x1bb0,0x0ace9bb0,0x80000000,0x00000000,0x00000000,0x80000000,True,False,True,True
0x1bb4,0x0ace9bb4,0x80000000,0x00000000,0x00000000,0x80000000,True,False,True,True
0x1bb8,0x0ace9bb8,0x80000000,0x00000000,0x00000000,0x80000000,True,False,True,True
0x1bbc,0x0ace9bbc,0x80000000,0x00000000,0x00000000,0x80000000,True,False,True,True
0x1bc0,0x0ace9bc0,0x80000000,0x00000000,0x00000000,0x80000000,True,False,True,True
0x1bc4,0x0ace9bc4,0x80000000,0x00000000,0x00000000,0x80000000,True,False,True,True
0x1bc8,0x0ace9bc8,0x80000000,0x00000000,0x00000000,0x80000000,True,False,True,True
0x1bcc,0x0ace9bcc,0x80000000,0x00000000,0x00000000,0x80000000,True,False,True,True
0x1bd0,0x0ace9bd0,0x80000000,0x00000000,0x00000000,0x80000000,True,False,True,True
0x1bd4,0x0ace9bd4,0x80000000,0x00000000,0x00000000,0x80000000,True,False,True,True
0x1bd8,0x0ace9bd8,0x80000000,0x00000000,0x00000000,0x80000000,True,False,True,True
0x1bdc,0x0ace9bdc,0x80000000,0x00000000,0x00000000,0x80000000,True,False,True,True
0x1be0,0x0ace9be0,0x80000000,0x00000000,0x00000000,0x80000000,True,False,True,True
0x1be4,0x0ace9be4,0x80000000,0x00000000,0x00000000,0x80000000,True,False,True,True
0x1be8,0x0ace9be8,0x80000000,0x00000000,0x00000000,0x80000000,True,False,True,True
0x1bec,0x0ace9bec,0x80000000,0x00000000,0x00000000,0x80000000,True,False,True,True
0x1bf0,0x0ace9bf0,0x80000000,0x00000000,0x00000000,0x80000000,True,False,True,True
0x1bf4,0x0ace9bf4,0x80000000,0x00000000,0x00000000,0x80000000,True,False,True,True
0x1bf8,0x0ace9bf8,0x80000000,0x00000000,0x00000000,0x80000000,True,False,True,True
0x1bfc,0x0ace9bfc,0x80000000,0x00000000,0x00000000,0x80000000,True,False,True,True
0x1c00,0x0ace9c00,0x80000000,0x00000000,0x00000000,0x80000000,True,False,True,True
0x1c04,0x0ace9c04,0x80000000,0x00000000,0x00000000,0x80000000,True,False,True,True
0x1c08,0x0ace9c08,0x80000000,0x00000000,0x00000000,0x80000000,True,False,True,True
0x1c0c,0x0ace9c0c,0x80000000,0x00000000,0x00000000,0x80000000,True,False,True,True
0x1c10,0x0ace9c10,0x80000000,0x00000000,0x00000000,0x80000000,True,False,True,True
0x1c14,0x0ace9c14,0x80000000,0x00000000,0x00000000,0x80000000,True,False,True,True
0x1c18,0x0ace9c18,0x80000000,0x00000000,0x00000000,0x80000000,True,False,True,True
0x1c1c,0x0ace9c1c,0x80000000,0x00000000,0x00000000,0x80000000,True,False,True,True
0x1c20,0x0ace9c20,0x80000000,0x00000000,0x00000000,0x80000000,True,False,True,True
0x1c24,0x0ace9c24,0x80000000,0x00000000,0x00000000,0x80000000,True,False,True,True
0x1c28,0x0ace9c28,0x80000000,0x00000000,0x00000000,0x80000000,True,False,True,True
0x1c2c,0x0ace9c2c,0x80000000,0x00000000,0x00000000,0x80000000,True,False,True,True
0x1c30,0x0ace9c30,0x80000000,0x00000000,0x00000000,0x80000000,True,False,True,True
0x1c34,0x0ace9c34,0x80000000,0x00000000,0x00000000,0x80000000,True,False,True,True
0x1c38,0x0ace9c38,0x80000000,0x00000000,0x00000000,0x80000000,True,False,True,True
0x1c3c,0x0ace9c3c,0x80000000,0x00000000,0x00000000,0x80000000,True,False,True,True
0x1c40,0x0ace9c40,0x80000000,0x00000000,0x00000000,0x80000000,True,False,True,True
0x1c44,0x0ace9c44,0x80000000,0x00000000,0x00000000,0x80000000,True,False,True,True
0x1c48,0x0ace9c48,0x80000000,0x00000000,0x00000000,0x80000000,True,False,True,True
0x1c4c,0x0ace9c4c,0x80000000,0x00000000,0x00000000,0x80000000,True,False,True,True
0x1c50,0x0ace9c50,0x80000000,0x00000000,0x00000000,0x80000000,True,False,True,True
0x1c54,0x0ace9c54,0x80000000,0x00000000,0x00000000,0x80000000,True,False,True,True
0x1c58,0x0ace9c58,0x80000000,0x00000000,0x00000000,0x80000000,True,False,True,True
0x1c5c,0x0ace9c5c,0x80000000,0x00000000,0x00000000,0x80000000,True,False,True,True
0x1c60,0x0ace9c60,0x80000000,0x00000000,0x00000000,0x80000000,True,False,True,True
0x1c64,0x0ace9c64,0x80000000,0x00000000,0x00000000,0x80000000,True,False,True,True
0x1c68,0x0ace9c68,0x80000000,0x00000000,0x00000000,0x80000000,True,False,True,True
0x1c6c,0x0ace9c6c,0x80000000,0x00000000,0x00000000,0x80000000,True,False,True,True
0x1c70,0x0ace9c70,0x80000000,0x00000000,0x00000000,0x80000000,True,False,True,True
0x1c74,0x0ace9c74,0x80000000,0x00000000,0x00000000,0x80000000,True,False,True,True
0x1c78,0x0ace9c78,0x80000000,0x00000000,0x00000000,0x80000000,True,False,True,True
0x1c7c,0x0ace9c7c,0x80000000,0x00000000,0x00000000,0x80000000,True,False,True,True
0x1c80,0x0ace9c80,0x80000000,0x00000000,0x00000000,0x80000000,True,False,True,True
0x1c84,0x0ace9c84,0x80000000,0x00000000,0x00000000,0x80000000,True,False,True,True
0x1c88,0x0ace9c88,0x80000000,0x00000000,0x00000000,0x80000000,True,False,True,True
0x1c8c,0x0ace9c8c,0x80000000,0x00000000,0x00000000,0x80000000,True,False,True,True
0x1c90,0x0ace9c90,0x80000000,0x00000000,0x00000000,0x80000000,True,False,True,True
0x1c94,0x0ace9c94,0x80000000,0x00000000,0x00000000,0x80000000,True,False,True,True
0x1c98,0x0ace9c98,0x80000000,0x00000000,0x00000000,0x80000000,True,False,True,True
0x1c9c,0x0ace9c9c,0x80000000,0x00000000,0x00000000,0x80000000,True,False,True,True
0x1ca0,0x0ace9ca0,0x80000000,0x00000000,0x00000000,0x80000000,True,False,True,True
0x1ca4,0x0ace9ca4,0x80000000,0x00000000,0x00000000,0x80000000,True,False,True,True
0x1ca8,0x0ace9ca8,0x80000000,0x00000000,0x00000000,0x80000000,True,False,True,True
0x1cac,0x0ace9cac,0x80000000,0x00000000,0x00000000,0x80000000,True,False,True,True
0x1cb0,0x0ace9cb0,0x80000000,0x00000000,0x00000000,0x80000000,True,False,True,True
0x1cb4,0x0ace9cb4,0x80000000,0x00000000,0x00000000,0x80000000,True,False,True,True
0x1cb8,0x0ace9cb8,0x80000000,0x00000000,0x00000000,0x80000000,True,False,True,True
0x1cbc,0x0ace9cbc,0x80000000,0x00000000,0x00000000,0x80000000,True,False,True,True
0x1cc0,0x0ace9cc0,0x80000000,0x00000000,0x00000000,0x80000000,True,False,True,True
0x1cc4,0x0ace9cc4,0x80000000,0x00000000,0x00000000,0x80000000,True,False,True,True
0x1cc8,0x0ace9cc8,0x80000000,0x00000000,0x00000000,0x80000000,True,False,True,True
0x1ccc,0x0ace9ccc,0x80000000,0x00000000,0x00000000,0x80000000,True,False,True,True
0x1cd0,0x0ace9cd0,0x80000000,0x00000000,0x00000000,0x80000000,True,False,True,True
0x1cd4,0x0ace9cd4,0x80000000,0x00000000,0x00000000,0x80000000,True,False,True,True
0x1cd8,0x0ace9cd8,0x80000000,0x00000000,0x00000000,0x80000000,True,False,True,True
0x1cdc,0x0ace9cdc,0x80000000,0x00000000,0x00000000,0x80000000,True,False,True,True
0x1ce0,0x0ace9ce0,0x80000000,0x00000000,0x00000000,0x80000000,True,False,True,True
0x1ce4,0x0ace9ce4,0x80000000,0x00000000,0x00000000,0x80000000,True,False,True,True
0x1ce8,0x0ace9ce8,0x80000000,0x00000000,0x00000000,0x80000000,True,False,True,True
0x1cec,0x0ace9cec,0x80000000,0x00000000,0x00000000,0x80000000,True,False,True,True
0x1cf0,0x0ace9cf0,0x80000000,0x00000000,0x00000000,0x80000000,True,False,True,True
0x1cf4,0x0ace9cf4,0x80000000,0x00000000,0x00000000,0x80000000,True,False,True,True
0x1cf8,0x0ace9cf8,0x80000000,0x00000000,0x00000000,0x80000000,True,False,True,True
0x1cfc,0x0ace9cfc,0x80000000,0x00000000,0x00000000,0x80000000,True,False,True,True
0x1d00,0x0ace9d00,0x80000000,0x00000000,0x00000000,0x80000000,True,False,True,True
0x1d04,0x0ace9d04,0x80000000,0x00000000,0x00000000,0x80000000,True,False,True,True
0x1d08,0x0ace9d08,0x80000000,0x00000000,0x00000000,0x80000000,True,False,True,True
0x1d0c,0x0ace9d0c,0x80000000,0x00000000,0x00000000,0x80000000,True,False,True,True
0x1d10,0x0ace9d10,0x80000000,0x00000000,0x00000000,0x80000000,True,False,True,True
0x1d14,0x0ace9d14,0x80000000,0x00000000,0x00000000,0x80000000,True,False,True,True
0x1d18,0x0ace9d18,0x80000000,0x00000000,0x00000000,0x80000000,True,False,True,True
0x1d1c,0x0ace9d1c,0x80000000,0x00000000,0x00000000,0x80000000,True,False,True,True
0x1d20,0x0ace9d20,0x80000000,0x00000000,0x00000000,0x80000000,True,False,True,True
0x1d24,0x0ace9d24,0x80000000,0x00000000,0x00000000,0x80000000,True,False,True,True
0x1d28,0x0ace9d28,0x80000000,0x00000000,0x00000000,0x80000000,True,False,True,True
0x1d2c,0x0ace9d2c,0x80000000,0x00000000,0x00000000,0x80000000,True,False,True,True
0x1d30,0x0ace9d30,0x80000000,0x00000000,0x00000000,0x80000000,True,False,True,True
0x1d34,0x0ace9d34,0x80000000,0x00000000,0x00000000,0x80000000,True,False,True,True
0x1d38,0x0ace9d38,0x80000000,0x00000000,0x00000000,0x80000000,True,False,True,True
0x1d3c,0x0ace9d3c,0x80000000,0x00000000,0x00000000,0x80000000,True,False,True,True
0x1d40,0x0ace9d40,0x80000000,0x00000000,0x00000000,0x80000000,True,False,True,True
0x1d44,0x0ace9d44,0x80000000,0x00000000,0x00000000,0x80000000,True,False,True,True
0x1d48,0x0ace9d48,0x80000000,0x00000000,0x00000000,0x80000000,True,False,True,True
0x1d4c,0x0ace9d4c,0x80000000,0x00000000,0x00000000,0x80000000,True,False,True,True
0x1d50,0x0ace9d50,0x80000000,0x00000000,0x00000000,0x80000000,True,False,True,True
0x1d54,0x0ace9d54,0x80000000,0x00000000,0x00000000,0x80000000,True,False,True,True
0x1d58,0x0ace9d58,0x80000000,0x00000000,0x00000000,0x80000000,True,False,True,True
0x1d5c,0x0ace9d5c,0x80000000,0x00000000,0x00000000,0x80000000,True,False,True,True
0x1d60,0x0ace9d60,0x80000000,0x00000000,0x00000000,0x80000000,True,False,True,True
0x1d64,0x0ace9d64,0x80000000,0x00000000,0x00000000,0x80000000,True,False,True,True
0x1d68,0x0ace9d68,0x80000000,0x00000000,0x00000000,0x80000000,True,False,True,True
0x1d6c,0x0ace9d6c,0x80000000,0x00000000,0x00000000,0x80000000,True,False,True,True
0x1d70,0x0ace9d70,0x80000000,0x00000000,0x00000000,0x80000000,True,False,True,True
0x1d74,0x0ace9d74,0x80000000,0x00000000,0x00000000,0x80000000,True,False,True,True
0x1d78,0x0ace9d78,0x80000000,0x00000000,0x00000000,0x80000000,True,False,True,True
0x1d7c,0x0ace9d7c,0x80000000,0x00000000,0x00000000,0x80000000,True,False,True,True
0x1d80,0x0ace9d80,0x80000000,0x00000000,0x00000000,0x80000000,True,False,True,True
0x1d84,0x0ace9d84,0x80000000,0x00000000,0x00000000,0x80000000,True,False,True,True
0x1d88,0x0ace9d88,0x80000000,0x00000000,0x00000000,0x80000000,True,False,True,True
0x1d8c,0x0ace9d8c,0x80000000,0x00000000,0x00000000,0x80000000,True,False,True,True
0x1d90,0x0ace9d90,0x80000000,0x00000000,0x00000000,0x80000000,True,False,True,True
0x1d94,0x0ace9d94,0x80000000,0x00000000,0x00000000,0x80000000,True,False,True,True
0x1d98,0x0ace9d98,0x80000000,0x00000000,0x00000000,0x80000000,True,False,True,True
0x1d9c,0x0ace9d9c,0x80000000,0x00000000,0x00000000,0x80000000,True,False,True,True
0x1da0,0x0ace9da0,0x80000000,0x00000000,0x00000000,0x80000000,True,False,True,True
0x1da4,0x0ace9da4,0x80000000,0x00000000,0x00000000,0x80000000,True,False,True,True
0x1da8,0x0ace9da8,0x80000000,0x00000000,0x00000000,0x80000000,True,False,True,True
0x1dac,0x0ace9dac,0x80000000,0x00000000,0x00000000,0x80000000,True,False,True,True
0x1db0,0x0ace9db0,0x80000000,0x00000000,0x00000000,0x80000000,True,False,True,True
0x1db4,0x0ace9db4,0x80000000,0x00000000,0x00000000,0x80000000,True,False,True,True
0x1db8,0x0ace9db8,0x80000000,0x00000000,0x00000000,0x80000000,True,False,True,True
0x1dbc,0x0ace9dbc,0x80000000,0x00000000,0x00000000,0x80000000,True,False,True,True
0x1dc0,0x0ace9dc0,0x80000000,0x00000000,0x00000000,0x80000000,True,False,True,True
0x1dc4,0x0ace9dc4,0x80000000,0x00000000,0x00000000,0x80000000,True,False,True,True
0x1dc8,0x0ace9dc8,0x80000000,0x00000000,0x00000000,0x80000000,True,False,True,True
0x1dcc,0x0ace9dcc,0x80000000,0x00000000,0x00000000,0x80000000,True,False,True,True
0x1dd0,0x0ace9dd0,0x80000000,0x00000000,0x00000000,0x80000000,True,False,True,True
0x1dd4,0x0ace9dd4,0x80000000,0x00000000,0x00000000,0x80000000,True,False,True,True
0x1dd8,0x0ace9dd8,0x80000000,0x00000000,0x00000000,0x80000000,True,False,True,True
0x1ddc,0x0ace9ddc,0x80000000,0x00000000,0x00000000,0x80000000,True,False,True,True
0x1de0,0x0ace9de0,0x80000000,0x00000000,0x00000000,0x80000000,True,False,True,True
0x1de4,0x0ace9de4,0x80000000,0x00000000,0x00000000,0x80000000,True,False,True,True
0x1de8,0x0ace9de8,0x80000000,0x00000000,0x00000000,0x80000000,True,False,True,True
0x1dec,0x0ace9dec,0x80000000,0x00000000,0x00000000,0x80000000,True,False,True,True
0x1df0,0x0ace9df0,0x80000000,0x00000000,0x00000000,0x80000000,True,False,True,True
0x1df4,0x0ace9df4,0x80000000,0x00000000,0x00000000,0x80000000,True,False,True,True
0x1df8,0x0ace9df8,0x80000000,0x00000000,0x00000000,0x80000000,True,False,True,True
0x1dfc,0x0ace9dfc,0x80000000,0x00000000,0x00000000,0x80000000,True,False,True,True
0x1e00,0x0ace9e00,0x80000000,0x00000000,0x00000000,0x80000000,True,False,True,True
0x1e04,0x0ace9e04,0x80000000,0x00000000,0x00000000,0x80000000,True,False,True,True
0x1e08,0x0ace9e08,0x80000000,0x00000000,0x00000000,0x80000000,True,False,True,True
0x1e0c,0x0ace9e0c,0x80000000,0x00000000,0x00000000,0x80000000,True,False,True,True
0x1e10,0x0ace9e10,0x80000000,0x00000000,0x00000000,0x80000000,True,False,True,True
0x1e14,0x0ace9e14,0x80000000,0x00000000,0x00000000,0x80000000,True,False,True,True
0x1e18,0x0ace9e18,0x80000000,0x00000000,0x00000000,0x80000000,True,False,True,True
0x1e1c,0x0ace9e1c,0x80000000,0x00000000,0x00000000,0x80000000,True,False,True,True
0x1e20,0x0ace9e20,0x80000000,0x00000000,0x00000000,0x80000000,True,False,True,True
0x1e24,0x0ace9e24,0x80000000,0x00000000,0x00000000,0x80000000,True,False,True,True
0x1e28,0x0ace9e28,0x80000000,0x00000000,0x00000000,0x80000000,True,False,True,True
0x1e2c,0x0ace9e2c,0x80000000,0x00000000,0x00000000,0x80000000,True,False,True,True
0x1e30,0x0ace9e30,0x80000000,0x00000000,0x00000000,0x80000000,True,False,True,True
0x1e34,0x0ace9e34,0x80000000,0x00000000,0x00000000,0x80000000,True,False,True,True
0x1e38,0x0ace9e38,0x80000000,0x00000000,0x00000000,0x80000000,True,False,True,True
0x1e3c,0x0ace9e3c,0x80000000,0x00000000,0x00000000,0x80000000,True,False,True,True
0x1e40,0x0ace9e40,0x80000000,0x00000000,0x00000000,0x80000000,True,False,True,True
0x1e44,0x0ace9e44,0x80000000,0x00000000,0x00000000,0x80000000,True,False,True,True
0x1e48,0x0ace9e48,0x80000000,0x00000000,0x00000000,0x80000000,True,False,True,True
0x1e4c,0x0ace9e4c,0x80000000,0x00000000,0x00000000,0x80000000,True,False,True,True
0x1e50,0x0ace9e50,0x80000000,0x00000000,0x00000000,0x80000000,True,False,True,True
0x1e54,0x0ace9e54,0x80000000,0x00000000,0x00000000,0x80000000,True,False,True,True
0x1e58,0x0ace9e58,0x80000000,0x00000000,0x00000000,0x80000000,True,False,True,True
0x1e5c,0x0ace9e5c,0x80000000,0x00000000,0x00000000,0x80000000,True,False,True,True
0x1e60,0x0ace9e60,0x80000000,0x00000000,0x00000000,0x80000000,True,False,True,True
0x1e64,0x0ace9e64,0x80000000,0x00000000,0x00000000,0x80000000,True,False,True,True
0x1e68,0x0ace9e68,0x80000000,0x00000000,0x00000000,0x80000000,True,False,True,True
0x1e6c,0x0ace9e6c,0x80000000,0x00000000,0x00000000,0x80000000,True,False,True,True
0x1e70,0x0ace9e70,0x80000000,0x00000000,0x00000000,0x80000000,True,False,True,True
0x1e74,0x0ace9e74,0x80000000,0x00000000,0x00000000,0x80000000,True,False,True,True
0x1e78,0x0ace9e78,0x80000000,0x00000000,0x00000000,0x80000000,True,False,True,True
0x1e7c,0x0ace9e7c,0x80000000,0x00000000,0x00000000,0x80000000,True,False,True,True
0x1e80,0x0ace9e80,0x80000000,0x00000000,0x00000000,0x80000000,True,False,True,True
0x1e84,0x0ace9e84,0x80000000,0x00000000,0x00000000,0x80000000,True,False,True,True
0x1e88,0x0ace9e88,0x80000000,0x00000000,0x00000000,0x80000000,True,False,True,True
0x1e8c,0x0ace9e8c,0x80000000,0x00000000,0x00000000,0x80000000,True,False,True,True
0x1e90,0x0ace9e90,0x80000000,0x00000000,0x00000000,0x80000000,True,False,True,True
0x1e94,0x0ace9e94,0x80000000,0x00000000,0x00000000,0x80000000,True,False,True,True
0x1e98,0x0ace9e98,0x80000000,0x00000000,0x00000000,0x80000000,True,False,True,True
0x1e9c,0x0ace9e9c,0x80000000,0x00000000,0x00000000,0x80000000,True,False,True,True
0x1ea0,0x0ace9ea0,0x80000000,0x00000000,0x00000000,0x80000000,True,False,True,True
0x1ea4,0x0ace9ea4,0x80000000,0x00000000,0x00000000,0x80000000,True,False,True,True
0x1ea8,0x0ace9ea8,0x80000000,0x00000000,0x00000000,0x80000000,True,False,True,True
0x1eac,0x0ace9eac,0x80000000,0x00000000,0x00000000,0x80000000,True,False,True,True
0x1eb0,0x0ace9eb0,0x80000000,0x00000000,0x00000000,0x80000000,True,False,True,True
0x1eb4,0x0ace9eb4,0x80000000,0x00000000,0x00000000,0x80000000,True,False,True,True
0x1eb8,0x0ace9eb8,0x80000000,0x00000000,0x00000000,0x80000000,True,False,True,True
0x1ebc,0x0ace9ebc,0x80000000,0x00000000,0x00000000,0x80000000,True,False,True,True
0x1ec0,0x0ace9ec0,0x80000000,0x00000000,0x00000000,0x80000000,True,False,True,True
0x1ec4,0x0ace9ec4,0x80000000,0x00000000,0x00000000,0x80000000,True,False,True,True
0x1ec8,0x0ace9ec8,0x80000000,0x00000000,0x00000000,0x80000000,True,False,True,True
0x1ecc,0x0ace9ecc,0x80000000,0x00000000,0x00000000,0x80000000,True,False,True,True
0x1ed0,0x0ace9ed0,0x80000000,0x00000000,0x00000000,0x80000000,True,False,True,True
0x1ed4,0x0ace9ed4,0x80000000,0x00000000,0x00000000,0x80000000,True,False,True,True
0x1ed8,0x0ace9ed8,0x80000000,0x00000000,0x00000000,0x80000000,True,False,True,True
0x1edc,0x0ace9edc,0x80000000,0x00000000,0x00000000,0x80000000,True,False,True,True
0x1ee0,0x0ace9ee0,0x80000000,0x00000000,0x00000000,0x80000000,True,False,True,True
0x1ee4,0x0ace9ee4,0x80000000,0x00000000,0x00000000,0x80000000,True,False,True,True
0x1ee8,0x0ace9ee8,0x80000000,0x00000000,0x00000000,0x80000000,True,False,True,True
0x1eec,0x0ace9eec,0x80000000,0x00000000,0x00000000,0x80000000,True,False,True,True
0x1ef0,0x0ace9ef0,0x80000000,0x00000000,0x00000000,0x80000000,True,False,True,True
0x1ef4,0x0ace9ef4,0x80000000,0x00000000,0x00000000,0x80000000,True,False,True,True
0x1ef8,0x0ace9ef8,0x80000000,0x00000000,0x00000000,0x80000000,True,False,True,True
0x1efc,0x0ace9efc,0x80000000,0x00000000,0x00000000,0x80000000,True,False,True,True
0x1f00,0x0ace9f00,0x80000000,0x00000000,0x00000000,0x80000000,True,False,True,True
0x1f04,0x0ace9f04,0x80000000,0x00000000,0x00000000,0x80000000,True,False,True,True
0x1f08,0x0ace9f08,0x80000000,0x00000000,0x00000000,0x80000000,True,False,True,True
0x1f0c,0x0ace9f0c,0x80000000,0x00000000,0x00000000,0x80000000,True,False,True,True
0x1f10,0x0ace9f10,0x80000000,0x00000000,0x00000000,0x80000000,True,False,True,True
0x1f14,0x0ace9f14,0x80000000,0x00000000,0x00000000,0x80000000,True,False,True,True
0x1f18,0x0ace9f18,0x80000000,0x00000000,0x00000000,0x80000000,True,False,True,True
0x1f1c,0x0ace9f1c,0x80000000,0x00000000,0x00000000,0x80000000,True,False,True,True
0x1f20,0x0ace9f20,0x80000000,0x00000000,0x00000000,0x80000000,True,False,True,True
0x1f24,0x0ace9f24,0x80000000,0x00000000,0x00000000,0x80000000,True,False,True,True
0x1f28,0x0ace9f28,0x80000000,0x00000000,0x00000000,0x80000000,True,False,True,True
0x1f2c,0x0ace9f2c,0x80000000,0x00000000,0x00000000,0x80000000,True,False,True,True
0x1f30,0x0ace9f30,0x80000000,0x00000000,0x00000000,0x80000000,True,False,True,True
0x1f34,0x0ace9f34,0x80000000,0x00000000,0x00000000,0x80000000,True,False,True,True
0x1f38,0x0ace9f38,0x80000000,0x00000000,0x00000000,0x80000000,True,False,True,True
0x1f3c,0x0ace9f3c,0x80000000,0x00000000,0x00000000,0x80000000,True,False,True,True
0x1f40,0x0ace9f40,0x80000000,0x00000000,0x00000000,0x80000000,True,False,True,True
0x1f44,0x0ace9f44,0x80000000,0x00000000,0x00000000,0x80000000,True,False,True,True
0x1f48,0x0ace9f48,0x80000000,0x00000000,0x00000000,0x80000000,True,False,True,True
0x1f4c,0x0ace9f4c,0x80000000,0x00000000,0x00000000,0x80000000,True,False,True,True
0x1f50,0x0ace9f50,0x80000000,0x00000000,0x00000000,0x80000000,True,False,True,True
0x1f54,0x0ace9f54,0x80000000,0x00000000,0x00000000,0x80000000,True,False,True,True
0x1f58,0x0ace9f58,0x80000000,0x00000000,0x00000000,0x80000000,True,False,True,True
0x1f5c,0x0ace9f5c,0x80000000,0x00000000,0x00000000,0x80000000,True,False,True,True
0x1f60,0x0ace9f60,0x80000000,0x00000000,0x00000000,0x80000000,True,False,True,True
0x1f64,0x0ace9f64,0x80000000,0x00000000,0x00000000,0x80000000,True,False,True,True
0x1f68,0x0ace9f68,0x80000000,0x00000000,0x00000000,0x80000000,True,False,True,True
0x1f6c,0x0ace9f6c,0x80000000,0x00000000,0x00000000,0x80000000,True,False,True,True
0x1f70,0x0ace9f70,0x80000000,0x00000000,0x00000000,0x80000000,True,False,True,True
0x1f74,0x0ace9f74,0x80000000,0x00000000,0x00000000,0x80000000,True,False,True,True
0x1f78,0x0ace9f78,0x80000000,0x00000000,0x00000000,0x80000000,True,False,True,True
0x1f7c,0x0ace9f7c,0x80000000,0x00000000,0x00000000,0x80000000,True,False,True,True
0x1f80,0x0ace9f80,0x80000000,0x00000000,0x00000000,0x80000000,True,False,True,True
0x1f84,0x0ace9f84,0x80000000,0x00000000,0x00000000,0x80000000,True,False,True,True
0x1f88,0x0ace9f88,0x80000000,0x00000000,0x00000000,0x80000000,True,False,True,True
0x1f8c,0x0ace9f8c,0x80000000,0x00000000,0x00000000,0x80000000,True,False,True,True
0x1f90,0x0ace9f90,0x80000000,0x00000000,0x00000000,0x80000000,True,False,True,True
0x1f94,0x0ace9f94,0x80000000,0x00000000,0x00000000,0x80000000,True,False,True,True
0x1f98,0x0ace9f98,0x80000000,0x00000000,0x00000000,0x80000000,True,False,True,True
0x1f9c,0x0ace9f9c,0x80000000,0x00000000,0x00000000,0x80000000,True,False,True,True
0x1fa0,0x0ace9fa0,0x80000000,0x00000000,0x00000000,0x80000000,True,False,True,True
0x1fa4,0x0ace9fa4,0x80000000,0x00000000,0x00000000,0x80000000,True,False,True,True
0x1fa8,0x0ace9fa8,0x80000000,0x00000000,0x00000000,0x80000000,True,False,True,True
0x1fac,0x0ace9fac,0x80000000,0x00000000,0x00000000,0x80000000,True,False,True,True
0x1fb0,0x0ace9fb0,0x80000000,0x00000000,0x00000000,0x80000000,True,False,True,True
0x1fb4,0x0ace9fb4,0x80000000,0x00000000,0x00000000,0x80000000,True,False,True,True
0x1fb8,0x0ace9fb8,0x80000000,0x00000000,0x00000000,0x80000000,True,False,True,True
0x1fbc,0x0ace9fbc,0x80000000,0x00000000,0x00000000,0x80000000,True,False,True,True
0x1fc0,0x0ace9fc0,0x80000000,0x00000000,0x00000000,0x80000000,True,False,True,True
0x1fc4,0x0ace9fc4,0x80000000,0x00000000,0x00000000,0x80000000,True,False,True,True
0x1fc8,0x0ace9fc8,0x80000000,0x00000000,0x00000000,0x80000000,True,False,True,True
0x1fcc,0x0ace9fcc,0x80000000,0x00000000,0x00000000,0x80000000,True,False,True,True
0x1fd0,0x0ace9fd0,0x80000000,0x00000000,0x00000000,0x80000000,True,False,True,True
0x1fd4,0x0ace9fd4,0x80000000,0x00000000,0x00000000,0x80000000,True,False,True,True
0x1fd8,0x0ace9fd8,0x80000000,0x00000000,0x00000000,0x80000000,True,False,True,True
0x1fdc,0x0ace9fdc,0x80000000,0x00000000,0x00000000,0x80000000,True,False,True,True
0x1fe0,0x0ace9fe0,0x80000000,0x00000000,0x00000000,0x80000000,True,False,True,True
0x1fe4,0x0ace9fe4,0x80000000,0x00000000,0x00000000,0x80000000,True,False,True,True
0x1fe8,0x0ace9fe8,0x80000000,0x00000000,0x00000000,0x80000000,True,False,True,True
0x1fec,0x0ace9fec,0x80000000,0x00000000,0x00000000,0x80000000,True,False,True,True
0x1ff0,0x0ace9ff0,0x80000000,0x00000000,0x00000000,0x80000000,True,False,True,True
0x1ff4,0x0ace9ff4,0x80000000,0x00000000,0x00000000,0x80000000,True,False,True,True
0x1ff8,0x0ace9ff8,0x80000000,0x00000000,0x00000000,0x80000000,True,False,True,True
0x1ffc,0x0ace9ffc,0x80000000,0x00000000,0x00000000,0x80000000,True,False,True,True
