openjdk version "21.0.12" 2026-07-21
OpenJDK Runtime Environment (build 21.0.12+8-1-26.04-Ubuntu)
OpenJDK 64-Bit Server VM (build 21.0.12+8-1-26.04-Ubuntu, mixed mode)
Module manifest file error on line 2 of file: /home/geoca/.config/ghidra/ghidra_12.0.4_PUBLIC/Extensions/GhidraMCP/Module.manifest
	-> Invalid line encountered: GHIDRA_MODULE_NAME=GhidraMCP
Module manifest file error on line 3 of file: /home/geoca/.config/ghidra/ghidra_12.0.4_PUBLIC/Extensions/GhidraMCP/Module.manifest
	-> Invalid line encountered: GHIDRA_MODULE_DESC=An HTTP server plugin for Ghidra
Module manifest file error on line 2 of file: /home/geoca/.config/ghidra/ghidra_12.0.4_PUBLIC/Extensions/GhidraMCP/Module.manifest
	-> Invalid line encountered: GHIDRA_MODULE_NAME=GhidraMCP
Module manifest file error on line 3 of file: /home/geoca/.config/ghidra/ghidra_12.0.4_PUBLIC/Extensions/GhidraMCP/Module.manifest
	-> Invalid line encountered: GHIDRA_MODULE_DESC=An HTTP server plugin for Ghidra
INFO  Using log config file: jar:file:/home/geoca/Desktop/Ghidra/Ghidra/Framework/Generic/lib/Generic.jar!/generic.log4j.xml (LoggingInitialization)  
INFO  Using log file: /home/geoca/.config/ghidra/ghidra_12.0.4_PUBLIC/application.log (LoggingInitialization)  
INFO  Loading user preferences: /home/geoca/.config/ghidra/ghidra_12.0.4_PUBLIC/preferences (Preferences)  
INFO  Loading previous preferences: /home/geoca/.config/ghidra/ghidra_12.1.2_PUBLIC/preferences (Preferences)  
INFO  Searching for classes... (ClassSearcher)  
INFO  Class search complete (705 ms) (ClassSearcher)  
INFO  Initializing SSL Context (DefaultSSLContextInitializer)  
INFO  Initializing Random Number Generator... (SecureRandomFactory)  
INFO  Random Number Generator initialization complete: NativePRNGNonBlocking (SecureRandomFactory)  
INFO  Trust manager disabled, cacerts have not been set (DefaultTrustManagerFactory)  
INFO  Headless startup complete (1935 ms) (AnalyzeHeadless)  
INFO  Class searcher loaded 59 extension points (18 false positives) (ClassSearcher)  
INFO  HEADLESS Script Paths:
    /home/geoca/Desktop/Ghidra/Ghidra/Features/MicrosoftCodeAnalyzer/ghidra_scripts
    /home/geoca/Desktop/Ghidra/Ghidra/Features/VersionTracking/ghidra_scripts
    /home/geoca/Desktop/Ghidra/Ghidra/Features/PyGhidra/ghidra_scripts
    /home/geoca/Desktop/Ghidra/Ghidra/Processors/Atmel/ghidra_scripts
    /home/geoca/Desktop/Ghidra/Ghidra/Features/BSim/ghidra_scripts
    /home/geoca/Desktop/Ghidra/Ghidra/Processors/PIC/ghidra_scripts
    /home/geoca/Desktop/Ghidra/Ghidra/Debug/Debugger/ghidra_scripts
    /home/geoca/Desktop/Ghidra/Ghidra/Features/Jython/ghidra_scripts
    /home/geoca/Desktop/Ghidra/Ghidra/Features/DecompilerDependent/ghidra_scripts
    /home/geoca/Desktop/Ghidra/Ghidra/Features/GnuDemangler/ghidra_scripts
    /home/geoca/Desktop/Ghidra/Ghidra/Features/SwiftDemangler/ghidra_scripts
    /home/geoca/Desktop/Ghidra/Ghidra/Features/WildcardAssembler/ghidra_scripts
    /home/geoca/Desktop/Ghidra/Ghidra/Features/SystemEmulation/ghidra_scripts
    /home/geoca/Desktop/Ghidra/Ghidra/Processors/JVM/ghidra_scripts
    /home/geoca/.config/ghidra/ghidra_12.0.4_PUBLIC/Extensions/Hexagon/ghidra_scripts
    /home/geoca/Desktop/Ghidra/Ghidra/Processors/8051/ghidra_scripts
    /home/geoca/Desktop/Ghidra/Ghidra/Features/PDB/ghidra_scripts
    /home/geoca/Desktop/Ghidra/Ghidra/Processors/DATA/ghidra_scripts
    /home/geoca/Desktop/Ghidra/Ghidra/Features/Base/ghidra_scripts
    /home/geoca/Desktop/Ghidra/Ghidra/Features/BytePatterns/ghidra_scripts
    /home/geoca/Desktop/Ghidra/Ghidra/Debug/Debugger-rmi-trace/ghidra_scripts
    /home/geoca/Documents/SP11-PROJECT/06-camera/SP11X1ECamera/experiments/E004-front-ir-vd55g0/e004dc-cpz-protected-frame-worker-image-and-invoke-abi/ghidra
    /home/geoca/Desktop/Ghidra/Ghidra/Features/Decompiler/ghidra_scripts
    /home/geoca/Desktop/Ghidra/Ghidra/Features/FunctionID/ghidra_scripts
    /home/geoca/Desktop/Ghidra/Ghidra/Features/FileFormats/ghidra_scripts (HeadlessAnalyzer)  
INFO  HEADLESS: execution starts (HeadlessAnalyzer)  
INFO  Creating project: /home/geoca/.cache/e004dc-example/E004DC_EXAMPLE (HeadlessAnalyzer)  
INFO  Creating project: /home/geoca/.cache/e004dc-example/E004DC_EXAMPLE (DefaultProject)  
INFO  REPORT: Processing input files:  (HeadlessAnalyzer)  
INFO       project: /home/geoca/.cache/e004dc-example/E004DC_EXAMPLE (HeadlessAnalyzer)  
INFO  IMPORTING: file:///home/geoca/Documents/SP11-PROJECT/00-RE-archive/sp11-driverdump/qcnspmcdm_ext_cdsp8380.inf_arm64_4a8c3ebe3aad408a/CDSP/example_image.so (HeadlessAnalyzer)  
INFO  Using Loader: Executable and Linking Format (ELF) (ProgramLoader)  
INFO  Using Language/Compiler: QDSP6:LE:32:default:default (ProgramLoader)  
INFO  Using Library Search Path: [., /bin, /lib, /lib64, /lib/x86_64-linux-gnu, /lib/aarch64-linux-gnu, /usr/bin, /usr/lib, /usr/X11R6/bin, /usr/X11R6/lib, /usr/java/packages/lib, /usr/lib/aarch64-linux-gnu/jni, /usr/lib/aarch64-linux-gnu, /usr/lib/jni] (ProgramLoader)  
INFO  Additional info:
Loading file:///home/geoca/Documents/SP11-PROJECT/00-RE-archive/sp11-driverdump/qcnspmcdm_ext_cdsp8380.inf_arm64_4a8c3ebe3aad408a/CDSP/example_image.so?MD5=5d9927e438a58b5f72645406a1f6d10d...
ELF relocation handler extension not found!  Unable to process relocations.
Unable to process ELF relocations: relocation handler not found
------------------------------------------------

 (ProgramLoader)  
INFO  IMPORTING: Loaded 0 additional files (HeadlessAnalyzer)  
INFO  ANALYZING all memory and code: file:///home/geoca/Documents/SP11-PROJECT/00-RE-archive/sp11-driverdump/qcnspmcdm_ext_cdsp8380.inf_arm64_4a8c3ebe3aad408a/CDSP/example_image.so (HeadlessAnalyzer)  
ERROR Error when processing DWARF information for DIE 4ba (DWARFFunctionImporter) java.lang.NullPointerException: Cannot invoke "ghidra.app.util.bin.format.dwarf.DWARFRegisterMappings.getStackFrameRegisterOffset()" because the return value of "ghidra.app.util.bin.format.dwarf.DWARFProgram.getRegisterMappings()" is null
	at ghidra.app.util.bin.format.dwarf.DWARFFunction.read(DWARFFunction.java:108)
	at ghidra.app.util.bin.format.dwarf.DWARFFunctionImporter.processSubprogram(DWARFFunctionImporter.java:161)
	at ghidra.app.util.bin.format.dwarf.DWARFFunctionImporter.importFunctions(DWARFFunctionImporter.java:111)
	at ghidra.app.util.bin.format.dwarf.DWARFImporter.performImport(DWARFImporter.java:409)
	at ghidra.app.plugin.core.analysis.DWARFAnalyzer.added(DWARFAnalyzer.java:113)
	at ghidra.app.plugin.core.analysis.AnalysisScheduler.runAnalyzer(AnalysisScheduler.java:186)
	at ghidra.app.plugin.core.analysis.AnalysisTask.applyTo(AnalysisTask.java:37)
	at ghidra.app.plugin.core.analysis.AnalysisTask.applyTo(AnalysisTask.java:24)
	at ghidra.app.plugin.core.analysis.AutoAnalysisManager$AnalysisTaskWrapper.run(AutoAnalysisManager.java:660)
	at ghidra.app.plugin.core.analysis.AutoAnalysisManager.startAnalysis(AutoAnalysisManager.java:760)
	at ghidra.app.plugin.core.analysis.AutoAnalysisManager.startAnalysis(AutoAnalysisManager.java:639)
	at ghidra.app.plugin.core.analysis.AutoAnalysisManager.startAnalysis(AutoAnalysisManager.java:604)
	at ghidra.app.util.headless.HeadlessAnalyzer.analyzeProgram(HeadlessAnalyzer.java:1053)
	at ghidra.app.util.headless.HeadlessAnalyzer.processFileWithImport(HeadlessAnalyzer.java:1584)
	at ghidra.app.util.headless.HeadlessAnalyzer.processWithLoader(HeadlessAnalyzer.java:1744)
	at ghidra.app.util.headless.HeadlessAnalyzer.processWithImport(HeadlessAnalyzer.java:1685)
	at ghidra.app.util.headless.HeadlessAnalyzer.processWithImport(HeadlessAnalyzer.java:1769)
	at ghidra.app.util.headless.HeadlessAnalyzer.processLocal(HeadlessAnalyzer.java:462)
	at ghidra.app.util.headless.AnalyzeHeadless.launch(AnalyzeHeadless.java:199)
	at ghidra.GhidraLauncher.launch(GhidraLauncher.java:81)
	at ghidra.Ghidra.main(Ghidra.java:54)
 
INFO  DIE info:
DIEAgregrate of: DIE [0x4ba], 
<1><4ba>: DW_TAG_subprogram [abbrev 28, tag 46, index 136, children 8]
		DW_AT_low_pc : DW_FORM_addr, addr v4 0x1a5c
		DW_AT_high_pc : DW_FORM_data4 = 112 [00000070]
		DW_AT_frame_base : DW_FORM_exprloc = [1]6e
		DW_AT_???? 8471 (0x2117) : DW_FORM_flag_present = true
		DW_AT_name : DW_FORM_strp = "_HAP_debug_v2" (offset 0x876)
		DW_AT_decl_file : DW_FORM_data1 = 11 [0b]
		DW_AT_decl_line : DW_FORM_data1 = 60 [3c]
		DW_AT_prototyped : DW_FORM_flag_present = true
 (DWARFFunctionImporter)  
ERROR Error when processing DWARF information for DIE 5be (DWARFFunctionImporter) java.lang.NullPointerException: Cannot invoke "ghidra.app.util.bin.format.dwarf.DWARFRegisterMappings.getStackFrameRegisterOffset()" because the return value of "ghidra.app.util.bin.format.dwarf.DWARFProgram.getRegisterMappings()" is null
	at ghidra.app.util.bin.format.dwarf.DWARFFunction.read(DWARFFunction.java:108)
	at ghidra.app.util.bin.format.dwarf.DWARFFunctionImporter.processSubprogram(DWARFFunctionImporter.java:161)
	at ghidra.app.util.bin.format.dwarf.DWARFFunctionImporter.importFunctions(DWARFFunctionImporter.java:111)
	at ghidra.app.util.bin.format.dwarf.DWARFImporter.performImport(DWARFImporter.java:409)
	at ghidra.app.plugin.core.analysis.DWARFAnalyzer.added(DWARFAnalyzer.java:113)
	at ghidra.app.plugin.core.analysis.AnalysisScheduler.runAnalyzer(AnalysisScheduler.java:186)
	at ghidra.app.plugin.core.analysis.AnalysisTask.applyTo(AnalysisTask.java:37)
	at ghidra.app.plugin.core.analysis.AnalysisTask.applyTo(AnalysisTask.java:24)
	at ghidra.app.plugin.core.analysis.AutoAnalysisManager$AnalysisTaskWrapper.run(AutoAnalysisManager.java:660)
	at ghidra.app.plugin.core.analysis.AutoAnalysisManager.startAnalysis(AutoAnalysisManager.java:760)
	at ghidra.app.plugin.core.analysis.AutoAnalysisManager.startAnalysis(AutoAnalysisManager.java:639)
	at ghidra.app.plugin.core.analysis.AutoAnalysisManager.startAnalysis(AutoAnalysisManager.java:604)
	at ghidra.app.util.headless.HeadlessAnalyzer.analyzeProgram(HeadlessAnalyzer.java:1053)
	at ghidra.app.util.headless.HeadlessAnalyzer.processFileWithImport(HeadlessAnalyzer.java:1584)
	at ghidra.app.util.headless.HeadlessAnalyzer.processWithLoader(HeadlessAnalyzer.java:1744)
	at ghidra.app.util.headless.HeadlessAnalyzer.processWithImport(HeadlessAnalyzer.java:1685)
	at ghidra.app.util.headless.HeadlessAnalyzer.processWithImport(HeadlessAnalyzer.java:1769)
	at ghidra.app.util.headless.HeadlessAnalyzer.processLocal(HeadlessAnalyzer.java:462)
	at ghidra.app.util.headless.AnalyzeHeadless.launch(AnalyzeHeadless.java:199)
	at ghidra.GhidraLauncher.launch(GhidraLauncher.java:81)
	at ghidra.Ghidra.main(Ghidra.java:54)
 
INFO  DIE info:
DIEAgregrate of: DIE [0x5be], 
<1><5be>: DW_TAG_subprogram [abbrev 28, tag 46, index 165, children 11]
		DW_AT_low_pc : DW_FORM_addr, addr v4 0x1acc
		DW_AT_high_pc : DW_FORM_data4 = 312 [00000138]
		DW_AT_frame_base : DW_FORM_exprloc = [1]6e
		DW_AT_???? 8471 (0x2117) : DW_FORM_flag_present = true
		DW_AT_name : DW_FORM_strp = "gaussian7x7_callback" (offset 0x884)
		DW_AT_decl_file : DW_FORM_data1 = 2 [02]
		DW_AT_decl_line : DW_FORM_data1 = 71 [47]
		DW_AT_prototyped : DW_FORM_flag_present = true
 (DWARFFunctionImporter)  
ERROR Error when processing DWARF information for DIE 7bd (DWARFFunctionImporter) java.lang.NullPointerException: Cannot invoke "ghidra.app.util.bin.format.dwarf.DWARFRegisterMappings.getStackFrameRegisterOffset()" because the return value of "ghidra.app.util.bin.format.dwarf.DWARFProgram.getRegisterMappings()" is null
	at ghidra.app.util.bin.format.dwarf.DWARFFunction.read(DWARFFunction.java:108)
	at ghidra.app.util.bin.format.dwarf.DWARFFunctionImporter.processSubprogram(DWARFFunctionImporter.java:161)
	at ghidra.app.util.bin.format.dwarf.DWARFFunctionImporter.importFunctions(DWARFFunctionImporter.java:111)
	at ghidra.app.util.bin.format.dwarf.DWARFImporter.performImport(DWARFImporter.java:409)
	at ghidra.app.plugin.core.analysis.DWARFAnalyzer.added(DWARFAnalyzer.java:113)
	at ghidra.app.plugin.core.analysis.AnalysisScheduler.runAnalyzer(AnalysisScheduler.java:186)
	at ghidra.app.plugin.core.analysis.AnalysisTask.applyTo(AnalysisTask.java:37)
	at ghidra.app.plugin.core.analysis.AnalysisTask.applyTo(AnalysisTask.java:24)
	at ghidra.app.plugin.core.analysis.AutoAnalysisManager$AnalysisTaskWrapper.run(AutoAnalysisManager.java:660)
	at ghidra.app.plugin.core.analysis.AutoAnalysisManager.startAnalysis(AutoAnalysisManager.java:760)
	at ghidra.app.plugin.core.analysis.AutoAnalysisManager.startAnalysis(AutoAnalysisManager.java:639)
	at ghidra.app.plugin.core.analysis.AutoAnalysisManager.startAnalysis(AutoAnalysisManager.java:604)
	at ghidra.app.util.headless.HeadlessAnalyzer.analyzeProgram(HeadlessAnalyzer.java:1053)
	at ghidra.app.util.headless.HeadlessAnalyzer.processFileWithImport(HeadlessAnalyzer.java:1584)
	at ghidra.app.util.headless.HeadlessAnalyzer.processWithLoader(HeadlessAnalyzer.java:1744)
	at ghidra.app.util.headless.HeadlessAnalyzer.processWithImport(HeadlessAnalyzer.java:1685)
	at ghidra.app.util.headless.HeadlessAnalyzer.processWithImport(HeadlessAnalyzer.java:1769)
	at ghidra.app.util.headless.HeadlessAnalyzer.processLocal(HeadlessAnalyzer.java:462)
	at ghidra.app.util.headless.AnalyzeHeadless.launch(AnalyzeHeadless.java:199)
	at ghidra.GhidraLauncher.launch(GhidraLauncher.java:81)
	at ghidra.Ghidra.main(Ghidra.java:54)
 
INFO  DIE info:
DIEAgregrate of: DIE [0x7bd], 
<1><7bd>: DW_TAG_subprogram [abbrev 44, tag 46, index 214, children 52]
		DW_AT_low_pc : DW_FORM_addr, addr v4 0x1c04
		DW_AT_high_pc : DW_FORM_data4 = 2128 [00000850]
		DW_AT_frame_base : DW_FORM_exprloc = [1]6e
		DW_AT_???? 8471 (0x2117) : DW_FORM_flag_present = true
		DW_AT_name : DW_FORM_strp = "gaussian_main_thread" (offset 0x899)
		DW_AT_decl_file : DW_FORM_data1 = 2 [02]
		DW_AT_decl_line : DW_FORM_data1 = -35 or 221 [dd]
		DW_AT_prototyped : DW_FORM_flag_present = true
		DW_AT_external : DW_FORM_flag_present = true
 (DWARFFunctionImporter)  
ERROR Error when processing DWARF information for DIE 321 (DWARFFunctionImporter) java.lang.NullPointerException: Cannot invoke "ghidra.app.util.bin.format.dwarf.DWARFRegisterMappings.getStackFrameRegisterOffset()" because the return value of "ghidra.app.util.bin.format.dwarf.DWARFProgram.getRegisterMappings()" is null
	at ghidra.app.util.bin.format.dwarf.DWARFFunction.read(DWARFFunction.java:108)
	at ghidra.app.util.bin.format.dwarf.DWARFFunctionImporter.processSubprogram(DWARFFunctionImporter.java:161)
	at ghidra.app.util.bin.format.dwarf.DWARFFunctionImporter.importFunctions(DWARFFunctionImporter.java:111)
	at ghidra.app.util.bin.format.dwarf.DWARFImporter.performImport(DWARFImporter.java:409)
	at ghidra.app.plugin.core.analysis.DWARFAnalyzer.added(DWARFAnalyzer.java:113)
	at ghidra.app.plugin.core.analysis.AnalysisScheduler.runAnalyzer(AnalysisScheduler.java:186)
	at ghidra.app.plugin.core.analysis.AnalysisTask.applyTo(AnalysisTask.java:37)
	at ghidra.app.plugin.core.analysis.AnalysisTask.applyTo(AnalysisTask.java:24)
	at ghidra.app.plugin.core.analysis.AutoAnalysisManager$AnalysisTaskWrapper.run(AutoAnalysisManager.java:660)
	at ghidra.app.plugin.core.analysis.AutoAnalysisManager.startAnalysis(AutoAnalysisManager.java:760)
	at ghidra.app.plugin.core.analysis.AutoAnalysisManager.startAnalysis(AutoAnalysisManager.java:639)
	at ghidra.app.plugin.core.analysis.AutoAnalysisManager.startAnalysis(AutoAnalysisManager.java:604)
	at ghidra.app.util.headless.HeadlessAnalyzer.analyzeProgram(HeadlessAnalyzer.java:1053)
	at ghidra.app.util.headless.HeadlessAnalyzer.processFileWithImport(HeadlessAnalyzer.java:1584)
	at ghidra.app.util.headless.HeadlessAnalyzer.processWithLoader(HeadlessAnalyzer.java:1744)
	at ghidra.app.util.headless.HeadlessAnalyzer.processWithImport(HeadlessAnalyzer.java:1685)
	at ghidra.app.util.headless.HeadlessAnalyzer.processWithImport(HeadlessAnalyzer.java:1769)
	at ghidra.app.util.headless.HeadlessAnalyzer.processLocal(HeadlessAnalyzer.java:462)
	at ghidra.app.util.headless.AnalyzeHeadless.launch(AnalyzeHeadless.java:199)
	at ghidra.GhidraLauncher.launch(GhidraLauncher.java:81)
	at ghidra.Ghidra.main(Ghidra.java:54)
 
INFO  DIE info:
DIEAgregrate of: DIE [0x321], 
<1><321>: DW_TAG_subprogram [abbrev 19, tag 46, index 95, children 20]
		DW_AT_low_pc : DW_FORM_addr, addr v4 0x1900
		DW_AT_high_pc : DW_FORM_data4 = 348 [0000015c]
		DW_AT_frame_base : DW_FORM_exprloc = [1]6e
		DW_AT_???? 8471 (0x2117) : DW_FORM_flag_present = true
		DW_AT_name : DW_FORM_strp = "gaussian7x7_Gaussian7x7u8" (offset 0x85c)
		DW_AT_decl_file : DW_FORM_data1 = 2 [02]
		DW_AT_decl_line : DW_FORM_data1 = -115 or 141 [8d]
		DW_AT_prototyped : DW_FORM_flag_present = true
		DW_AT_type : DW_FORM_ref4 = 482 [00000000000001e2]
		DW_AT_external : DW_FORM_flag_present = true
 (DWARFFunctionImporter)  
ERROR Error when processing DWARF information for DIE b83 (DWARFFunctionImporter) java.lang.NullPointerException: Cannot invoke "ghidra.app.util.bin.format.dwarf.DWARFRegisterMappings.getStackFrameRegisterOffset()" because the return value of "ghidra.app.util.bin.format.dwarf.DWARFProgram.getRegisterMappings()" is null
	at ghidra.app.util.bin.format.dwarf.DWARFFunction.read(DWARFFunction.java:108)
	at ghidra.app.util.bin.format.dwarf.DWARFFunctionImporter.processSubprogram(DWARFFunctionImporter.java:161)
	at ghidra.app.util.bin.format.dwarf.DWARFFunctionImporter.importFunctions(DWARFFunctionImporter.java:111)
	at ghidra.app.util.bin.format.dwarf.DWARFImporter.performImport(DWARFImporter.java:409)
	at ghidra.app.plugin.core.analysis.DWARFAnalyzer.added(DWARFAnalyzer.java:113)
	at ghidra.app.plugin.core.analysis.AnalysisScheduler.runAnalyzer(AnalysisScheduler.java:186)
	at ghidra.app.plugin.core.analysis.AnalysisTask.applyTo(AnalysisTask.java:37)
	at ghidra.app.plugin.core.analysis.AnalysisTask.applyTo(AnalysisTask.java:24)
	at ghidra.app.plugin.core.analysis.AutoAnalysisManager$AnalysisTaskWrapper.run(AutoAnalysisManager.java:660)
	at ghidra.app.plugin.core.analysis.AutoAnalysisManager.startAnalysis(AutoAnalysisManager.java:760)
	at ghidra.app.plugin.core.analysis.AutoAnalysisManager.startAnalysis(AutoAnalysisManager.java:639)
	at ghidra.app.plugin.core.analysis.AutoAnalysisManager.startAnalysis(AutoAnalysisManager.java:604)
	at ghidra.app.util.headless.HeadlessAnalyzer.analyzeProgram(HeadlessAnalyzer.java:1053)
	at ghidra.app.util.headless.HeadlessAnalyzer.processFileWithImport(HeadlessAnalyzer.java:1584)
	at ghidra.app.util.headless.HeadlessAnalyzer.processWithLoader(HeadlessAnalyzer.java:1744)
	at ghidra.app.util.headless.HeadlessAnalyzer.processWithImport(HeadlessAnalyzer.java:1685)
	at ghidra.app.util.headless.HeadlessAnalyzer.processWithImport(HeadlessAnalyzer.java:1769)
	at ghidra.app.util.headless.HeadlessAnalyzer.processLocal(HeadlessAnalyzer.java:462)
	at ghidra.app.util.headless.AnalyzeHeadless.launch(AnalyzeHeadless.java:199)
	at ghidra.GhidraLauncher.launch(GhidraLauncher.java:81)
	at ghidra.Ghidra.main(Ghidra.java:54)
 
INFO  DIE info:
DIEAgregrate of: DIE [0xb83], 
<1><b83>: DW_TAG_subprogram [abbrev 50, tag 46, index 324, children 8]
		DW_AT_low_pc : DW_FORM_addr, addr v4 0x245c
		DW_AT_high_pc : DW_FORM_data4 = 264 [00000108]
		DW_AT_frame_base : DW_FORM_exprloc = [1]6e
		DW_AT_???? 8471 (0x2117) : DW_FORM_flag_present = true
		DW_AT_name : DW_FORM_strp = "algo_main" (offset 0x8ae)
		DW_AT_decl_file : DW_FORM_data1 = 2 [02]
		DW_AT_decl_line : DW_FORM_data2 = 366 [016e]
		DW_AT_prototyped : DW_FORM_flag_present = true
		DW_AT_external : DW_FORM_flag_present = true
 (DWARFFunctionImporter)  
ERROR Error when processing DWARF information for DIE e03 (DWARFFunctionImporter) java.lang.NullPointerException: Cannot invoke "ghidra.app.util.bin.format.dwarf.DWARFRegisterMappings.getStackFrameRegisterOffset()" because the return value of "ghidra.app.util.bin.format.dwarf.DWARFProgram.getRegisterMappings()" is null
	at ghidra.app.util.bin.format.dwarf.DWARFFunction.read(DWARFFunction.java:108)
	at ghidra.app.util.bin.format.dwarf.DWARFFunctionImporter.processSubprogram(DWARFFunctionImporter.java:161)
	at ghidra.app.util.bin.format.dwarf.DWARFFunctionImporter.importFunctions(DWARFFunctionImporter.java:111)
	at ghidra.app.util.bin.format.dwarf.DWARFImporter.performImport(DWARFImporter.java:409)
	at ghidra.app.plugin.core.analysis.DWARFAnalyzer.added(DWARFAnalyzer.java:113)
	at ghidra.app.plugin.core.analysis.AnalysisScheduler.runAnalyzer(AnalysisScheduler.java:186)
	at ghidra.app.plugin.core.analysis.AnalysisTask.applyTo(AnalysisTask.java:37)
	at ghidra.app.plugin.core.analysis.AnalysisTask.applyTo(AnalysisTask.java:24)
	at ghidra.app.plugin.core.analysis.AutoAnalysisManager$AnalysisTaskWrapper.run(AutoAnalysisManager.java:660)
	at ghidra.app.plugin.core.analysis.AutoAnalysisManager.startAnalysis(AutoAnalysisManager.java:760)
	at ghidra.app.plugin.core.analysis.AutoAnalysisManager.startAnalysis(AutoAnalysisManager.java:639)
	at ghidra.app.plugin.core.analysis.AutoAnalysisManager.startAnalysis(AutoAnalysisManager.java:604)
	at ghidra.app.util.headless.HeadlessAnalyzer.analyzeProgram(HeadlessAnalyzer.java:1053)
	at ghidra.app.util.headless.HeadlessAnalyzer.processFileWithImport(HeadlessAnalyzer.java:1584)
	at ghidra.app.util.headless.HeadlessAnalyzer.processWithLoader(HeadlessAnalyzer.java:1744)
	at ghidra.app.util.headless.HeadlessAnalyzer.processWithImport(HeadlessAnalyzer.java:1685)
	at ghidra.app.util.headless.HeadlessAnalyzer.processWithImport(HeadlessAnalyzer.java:1769)
	at ghidra.app.util.headless.HeadlessAnalyzer.processLocal(HeadlessAnalyzer.java:462)
	at ghidra.app.util.headless.AnalyzeHeadless.launch(AnalyzeHeadless.java:199)
	at ghidra.GhidraLauncher.launch(GhidraLauncher.java:81)
	at ghidra.Ghidra.main(Ghidra.java:54)
 
INFO  DIE info:
DIEAgregrate of: DIE [0xe03], 
<1><e03>: DW_TAG_subprogram [abbrev 7, tag 46, index 387, children 0]
		DW_AT_low_pc : DW_FORM_addr, addr v4 0x2564
		DW_AT_high_pc : DW_FORM_data4 = 40 [00000028]
		DW_AT_frame_base : DW_FORM_exprloc = [1]6d
		DW_AT_???? 8471 (0x2117) : DW_FORM_flag_present = true
		DW_AT_name : DW_FORM_strp = "dspCV_hvx_reset_config" (offset 0xbbb)
		DW_AT_decl_file : DW_FORM_data1 = 1 [01]
		DW_AT_decl_line : DW_FORM_data1 = 74 [4a]
		DW_AT_prototyped : DW_FORM_flag_present = true
		DW_AT_external : DW_FORM_flag_present = true
 (DWARFFunctionImporter)  
ERROR Error when processing DWARF information for DIE e9e (DWARFFunctionImporter) java.lang.NullPointerException: Cannot invoke "ghidra.app.util.bin.format.dwarf.DWARFRegisterMappings.getStackFrameRegisterOffset()" because the return value of "ghidra.app.util.bin.format.dwarf.DWARFProgram.getRegisterMappings()" is null
	at ghidra.app.util.bin.format.dwarf.DWARFFunction.read(DWARFFunction.java:108)
	at ghidra.app.util.bin.format.dwarf.DWARFFunctionImporter.processSubprogram(DWARFFunctionImporter.java:161)
	at ghidra.app.util.bin.format.dwarf.DWARFFunctionImporter.importFunctions(DWARFFunctionImporter.java:111)
	at ghidra.app.util.bin.format.dwarf.DWARFImporter.performImport(DWARFImporter.java:409)
	at ghidra.app.plugin.core.analysis.DWARFAnalyzer.added(DWARFAnalyzer.java:113)
	at ghidra.app.plugin.core.analysis.AnalysisScheduler.runAnalyzer(AnalysisScheduler.java:186)
	at ghidra.app.plugin.core.analysis.AnalysisTask.applyTo(AnalysisTask.java:37)
	at ghidra.app.plugin.core.analysis.AnalysisTask.applyTo(AnalysisTask.java:24)
	at ghidra.app.plugin.core.analysis.AutoAnalysisManager$AnalysisTaskWrapper.run(AutoAnalysisManager.java:660)
	at ghidra.app.plugin.core.analysis.AutoAnalysisManager.startAnalysis(AutoAnalysisManager.java:760)
	at ghidra.app.plugin.core.analysis.AutoAnalysisManager.startAnalysis(AutoAnalysisManager.java:639)
	at ghidra.app.plugin.core.analysis.AutoAnalysisManager.startAnalysis(AutoAnalysisManager.java:604)
	at ghidra.app.util.headless.HeadlessAnalyzer.analyzeProgram(HeadlessAnalyzer.java:1053)
	at ghidra.app.util.headless.HeadlessAnalyzer.processFileWithImport(HeadlessAnalyzer.java:1584)
	at ghidra.app.util.headless.HeadlessAnalyzer.processWithLoader(HeadlessAnalyzer.java:1744)
	at ghidra.app.util.headless.HeadlessAnalyzer.processWithImport(HeadlessAnalyzer.java:1685)
	at ghidra.app.util.headless.HeadlessAnalyzer.processWithImport(HeadlessAnalyzer.java:1769)
	at ghidra.app.util.headless.HeadlessAnalyzer.processLocal(HeadlessAnalyzer.java:462)
	at ghidra.app.util.headless.AnalyzeHeadless.launch(AnalyzeHeadless.java:199)
	at ghidra.GhidraLauncher.launch(GhidraLauncher.java:81)
	at ghidra.Ghidra.main(Ghidra.java:54)
 
INFO  DIE info:
DIEAgregrate of: DIE [0xe9e], DIE [0xf73], 
<1><e9e>: DW_TAG_subprogram [abbrev 17, tag 46, index 399, children 0]
		DW_AT_low_pc : DW_FORM_addr, addr v4 0x2624
		DW_AT_high_pc : DW_FORM_data4 = 12 [0000000c]
		DW_AT_frame_base : DW_FORM_exprloc = [1]6d
		DW_AT_???? 8471 (0x2117) : DW_FORM_flag_present = true
		DW_AT_abstract_origin : DW_FORM_ref4 = 3955 [0000000000000f73]
<1><f73>: DW_TAG_subprogram [abbrev 20, tag 46, index 414, children 0]
		DW_AT_name : DW_FORM_strp = "dspCV_hvx_num_reserved" (offset 0xba4)
		DW_AT_decl_file : DW_FORM_data1 = 1 [01]
		DW_AT_decl_line : DW_FORM_data1 = -125 or 131 [83]
		DW_AT_prototyped : DW_FORM_flag_present = true
		DW_AT_type : DW_FORM_ref4 = 3472 [0000000000000d90]
		DW_AT_external : DW_FORM_flag_present = true
		DW_AT_inline : DW_FORM_data1 = 1 [01]
 (DWARFFunctionImporter)  
ERROR Error when processing DWARF information for DIE ead (DWARFFunctionImporter) java.lang.NullPointerException: Cannot invoke "ghidra.app.util.bin.format.dwarf.DWARFRegisterMappings.getStackFrameRegisterOffset()" because the return value of "ghidra.app.util.bin.format.dwarf.DWARFProgram.getRegisterMappings()" is null
	at ghidra.app.util.bin.format.dwarf.DWARFFunction.read(DWARFFunction.java:108)
	at ghidra.app.util.bin.format.dwarf.DWARFFunctionImporter.processSubprogram(DWARFFunctionImporter.java:161)
	at ghidra.app.util.bin.format.dwarf.DWARFFunctionImporter.importFunctions(DWARFFunctionImporter.java:111)
	at ghidra.app.util.bin.format.dwarf.DWARFImporter.performImport(DWARFImporter.java:409)
	at ghidra.app.plugin.core.analysis.DWARFAnalyzer.added(DWARFAnalyzer.java:113)
	at ghidra.app.plugin.core.analysis.AnalysisScheduler.runAnalyzer(AnalysisScheduler.java:186)
	at ghidra.app.plugin.core.analysis.AnalysisTask.applyTo(AnalysisTask.java:37)
	at ghidra.app.plugin.core.analysis.AnalysisTask.applyTo(AnalysisTask.java:24)
	at ghidra.app.plugin.core.analysis.AutoAnalysisManager$AnalysisTaskWrapper.run(AutoAnalysisManager.java:660)
	at ghidra.app.plugin.core.analysis.AutoAnalysisManager.startAnalysis(AutoAnalysisManager.java:760)
	at ghidra.app.plugin.core.analysis.AutoAnalysisManager.startAnalysis(AutoAnalysisManager.java:639)
	at ghidra.app.plugin.core.analysis.AutoAnalysisManager.startAnalysis(AutoAnalysisManager.java:604)
	at ghidra.app.util.headless.HeadlessAnalyzer.analyzeProgram(HeadlessAnalyzer.java:1053)
	at ghidra.app.util.headless.HeadlessAnalyzer.processFileWithImport(HeadlessAnalyzer.java:1584)
	at ghidra.app.util.headless.HeadlessAnalyzer.processWithLoader(HeadlessAnalyzer.java:1744)
	at ghidra.app.util.headless.HeadlessAnalyzer.processWithImport(HeadlessAnalyzer.java:1685)
	at ghidra.app.util.headless.HeadlessAnalyzer.processWithImport(HeadlessAnalyzer.java:1769)
	at ghidra.app.util.headless.HeadlessAnalyzer.processLocal(HeadlessAnalyzer.java:462)
	at ghidra.app.util.headless.AnalyzeHeadless.launch(AnalyzeHeadless.java:199)
	at ghidra.GhidraLauncher.launch(GhidraLauncher.java:81)
	at ghidra.Ghidra.main(Ghidra.java:54)
 
INFO  DIE info:
DIEAgregrate of: DIE [0xead], 
<1><ead>: DW_TAG_subprogram [abbrev 18, tag 46, index 400, children 0]
		DW_AT_low_pc : DW_FORM_addr, addr v4 0x2630
		DW_AT_high_pc : DW_FORM_data4 = 4 [00000004]
		DW_AT_frame_base : DW_FORM_exprloc = [1]6d
		DW_AT_???? 8471 (0x2117) : DW_FORM_flag_present = true
		DW_AT_name : DW_FORM_strp = "dspCV_hvx_power_on" (offset 0xbf8)
		DW_AT_decl_file : DW_FORM_data1 = 1 [01]
		DW_AT_decl_line : DW_FORM_data1 = -119 or 137 [89]
		DW_AT_prototyped : DW_FORM_flag_present = true
		DW_AT_type : DW_FORM_ref4 = 3472 [0000000000000d90]
		DW_AT_external : DW_FORM_flag_present = true
 (DWARFFunctionImporter)  
ERROR Error when processing DWARF information for DIE ec2 (DWARFFunctionImporter) java.lang.NullPointerException: Cannot invoke "ghidra.app.util.bin.format.dwarf.DWARFRegisterMappings.getStackFrameRegisterOffset()" because the return value of "ghidra.app.util.bin.format.dwarf.DWARFProgram.getRegisterMappings()" is null
	at ghidra.app.util.bin.format.dwarf.DWARFFunction.read(DWARFFunction.java:108)
	at ghidra.app.util.bin.format.dwarf.DWARFFunctionImporter.processSubprogram(DWARFFunctionImporter.java:161)
	at ghidra.app.util.bin.format.dwarf.DWARFFunctionImporter.importFunctions(DWARFFunctionImporter.java:111)
	at ghidra.app.util.bin.format.dwarf.DWARFImporter.performImport(DWARFImporter.java:409)
	at ghidra.app.plugin.core.analysis.DWARFAnalyzer.added(DWARFAnalyzer.java:113)
	at ghidra.app.plugin.core.analysis.AnalysisScheduler.runAnalyzer(AnalysisScheduler.java:186)
	at ghidra.app.plugin.core.analysis.AnalysisTask.applyTo(AnalysisTask.java:37)
	at ghidra.app.plugin.core.analysis.AnalysisTask.applyTo(AnalysisTask.java:24)
	at ghidra.app.plugin.core.analysis.AutoAnalysisManager$AnalysisTaskWrapper.run(AutoAnalysisManager.java:660)
	at ghidra.app.plugin.core.analysis.AutoAnalysisManager.startAnalysis(AutoAnalysisManager.java:760)
	at ghidra.app.plugin.core.analysis.AutoAnalysisManager.startAnalysis(AutoAnalysisManager.java:639)
	at ghidra.app.plugin.core.analysis.AutoAnalysisManager.startAnalysis(AutoAnalysisManager.java:604)
	at ghidra.app.util.headless.HeadlessAnalyzer.analyzeProgram(HeadlessAnalyzer.java:1053)
	at ghidra.app.util.headless.HeadlessAnalyzer.processFileWithImport(HeadlessAnalyzer.java:1584)
	at ghidra.app.util.headless.HeadlessAnalyzer.processWithLoader(HeadlessAnalyzer.java:1744)
	at ghidra.app.util.headless.HeadlessAnalyzer.processWithImport(HeadlessAnalyzer.java:1685)
	at ghidra.app.util.headless.HeadlessAnalyzer.processWithImport(HeadlessAnalyzer.java:1769)
	at ghidra.app.util.headless.HeadlessAnalyzer.processLocal(HeadlessAnalyzer.java:462)
	at ghidra.app.util.headless.AnalyzeHeadless.launch(AnalyzeHeadless.java:199)
	at ghidra.GhidraLauncher.launch(GhidraLauncher.java:81)
	at ghidra.Ghidra.main(Ghidra.java:54)
 
INFO  DIE info:
DIEAgregrate of: DIE [0xec2], 
<1><ec2>: DW_TAG_subprogram [abbrev 7, tag 46, index 401, children 0]
		DW_AT_low_pc : DW_FORM_addr, addr v4 0x2634
		DW_AT_high_pc : DW_FORM_data4 = 4 [00000004]
		DW_AT_frame_base : DW_FORM_exprloc = [1]6d
		DW_AT_???? 8471 (0x2117) : DW_FORM_flag_present = true
		DW_AT_name : DW_FORM_strp = "dspCV_hvx_power_off" (offset 0xc0b)
		DW_AT_decl_file : DW_FORM_data1 = 1 [01]
		DW_AT_decl_line : DW_FORM_data1 = -112 or 144 [90]
		DW_AT_prototyped : DW_FORM_flag_present = true
		DW_AT_external : DW_FORM_flag_present = true
 (DWARFFunctionImporter)  
ERROR Error when processing DWARF information for DIE ed3 (DWARFFunctionImporter) java.lang.NullPointerException: Cannot invoke "ghidra.app.util.bin.format.dwarf.DWARFRegisterMappings.getStackFrameRegisterOffset()" because the return value of "ghidra.app.util.bin.format.dwarf.DWARFProgram.getRegisterMappings()" is null
	at ghidra.app.util.bin.format.dwarf.DWARFFunction.read(DWARFFunction.java:108)
	at ghidra.app.util.bin.format.dwarf.DWARFFunctionImporter.processSubprogram(DWARFFunctionImporter.java:161)
	at ghidra.app.util.bin.format.dwarf.DWARFFunctionImporter.importFunctions(DWARFFunctionImporter.java:111)
	at ghidra.app.util.bin.format.dwarf.DWARFImporter.performImport(DWARFImporter.java:409)
	at ghidra.app.plugin.core.analysis.DWARFAnalyzer.added(DWARFAnalyzer.java:113)
	at ghidra.app.plugin.core.analysis.AnalysisScheduler.runAnalyzer(AnalysisScheduler.java:186)
	at ghidra.app.plugin.core.analysis.AnalysisTask.applyTo(AnalysisTask.java:37)
	at ghidra.app.plugin.core.analysis.AnalysisTask.applyTo(AnalysisTask.java:24)
	at ghidra.app.plugin.core.analysis.AutoAnalysisManager$AnalysisTaskWrapper.run(AutoAnalysisManager.java:660)
	at ghidra.app.plugin.core.analysis.AutoAnalysisManager.startAnalysis(AutoAnalysisManager.java:760)
	at ghidra.app.plugin.core.analysis.AutoAnalysisManager.startAnalysis(AutoAnalysisManager.java:639)
	at ghidra.app.plugin.core.analysis.AutoAnalysisManager.startAnalysis(AutoAnalysisManager.java:604)
	at ghidra.app.util.headless.HeadlessAnalyzer.analyzeProgram(HeadlessAnalyzer.java:1053)
	at ghidra.app.util.headless.HeadlessAnalyzer.processFileWithImport(HeadlessAnalyzer.java:1584)
	at ghidra.app.util.headless.HeadlessAnalyzer.processWithLoader(HeadlessAnalyzer.java:1744)
	at ghidra.app.util.headless.HeadlessAnalyzer.processWithImport(HeadlessAnalyzer.java:1685)
	at ghidra.app.util.headless.HeadlessAnalyzer.processWithImport(HeadlessAnalyzer.java:1769)
	at ghidra.app.util.headless.HeadlessAnalyzer.processLocal(HeadlessAnalyzer.java:462)
	at ghidra.app.util.headless.AnalyzeHeadless.launch(AnalyzeHeadless.java:199)
	at ghidra.GhidraLauncher.launch(GhidraLauncher.java:81)
	at ghidra.Ghidra.main(Ghidra.java:54)
 
INFO  DIE info:
DIEAgregrate of: DIE [0xed3], 
<1><ed3>: DW_TAG_subprogram [abbrev 8, tag 46, index 402, children 7]
		DW_AT_low_pc : DW_FORM_addr, addr v4 0x2638
		DW_AT_high_pc : DW_FORM_data4 = 144 [00000090]
		DW_AT_frame_base : DW_FORM_exprloc = [1]6e
		DW_AT_???? 8471 (0x2117) : DW_FORM_flag_present = true
		DW_AT_name : DW_FORM_strp = "dspCV_hvx_lock" (offset 0x6b1)
		DW_AT_decl_file : DW_FORM_data1 = 1 [01]
		DW_AT_decl_line : DW_FORM_data1 = -106 or 150 [96]
		DW_AT_prototyped : DW_FORM_flag_present = true
		DW_AT_type : DW_FORM_ref4 = 3472 [0000000000000d90]
		DW_AT_external : DW_FORM_flag_present = true
 (DWARFFunctionImporter)  
ERROR Error when processing DWARF information for DIE f62 (DWARFFunctionImporter) java.lang.NullPointerException: Cannot invoke "ghidra.app.util.bin.format.dwarf.DWARFRegisterMappings.getStackFrameRegisterOffset()" because the return value of "ghidra.app.util.bin.format.dwarf.DWARFProgram.getRegisterMappings()" is null
	at ghidra.app.util.bin.format.dwarf.DWARFFunction.read(DWARFFunction.java:108)
	at ghidra.app.util.bin.format.dwarf.DWARFFunctionImporter.processSubprogram(DWARFFunctionImporter.java:161)
	at ghidra.app.util.bin.format.dwarf.DWARFFunctionImporter.importFunctions(DWARFFunctionImporter.java:111)
	at ghidra.app.util.bin.format.dwarf.DWARFImporter.performImport(DWARFImporter.java:409)
	at ghidra.app.plugin.core.analysis.DWARFAnalyzer.added(DWARFAnalyzer.java:113)
	at ghidra.app.plugin.core.analysis.AnalysisScheduler.runAnalyzer(AnalysisScheduler.java:186)
	at ghidra.app.plugin.core.analysis.AnalysisTask.applyTo(AnalysisTask.java:37)
	at ghidra.app.plugin.core.analysis.AnalysisTask.applyTo(AnalysisTask.java:24)
	at ghidra.app.plugin.core.analysis.AutoAnalysisManager$AnalysisTaskWrapper.run(AutoAnalysisManager.java:660)
	at ghidra.app.plugin.core.analysis.AutoAnalysisManager.startAnalysis(AutoAnalysisManager.java:760)
	at ghidra.app.plugin.core.analysis.AutoAnalysisManager.startAnalysis(AutoAnalysisManager.java:639)
	at ghidra.app.plugin.core.analysis.AutoAnalysisManager.startAnalysis(AutoAnalysisManager.java:604)
	at ghidra.app.util.headless.HeadlessAnalyzer.analyzeProgram(HeadlessAnalyzer.java:1053)
	at ghidra.app.util.headless.HeadlessAnalyzer.processFileWithImport(HeadlessAnalyzer.java:1584)
	at ghidra.app.util.headless.HeadlessAnalyzer.processWithLoader(HeadlessAnalyzer.java:1744)
	at ghidra.app.util.headless.HeadlessAnalyzer.processWithImport(HeadlessAnalyzer.java:1685)
	at ghidra.app.util.headless.HeadlessAnalyzer.processWithImport(HeadlessAnalyzer.java:1769)
	at ghidra.app.util.headless.HeadlessAnalyzer.processLocal(HeadlessAnalyzer.java:462)
	at ghidra.app.util.headless.AnalyzeHeadless.launch(AnalyzeHeadless.java:199)
	at ghidra.GhidraLauncher.launch(GhidraLauncher.java:81)
	at ghidra.Ghidra.main(Ghidra.java:54)
 
INFO  DIE info:
DIEAgregrate of: DIE [0xf62], 
<1><f62>: DW_TAG_subprogram [abbrev 7, tag 46, index 413, children 0]
		DW_AT_low_pc : DW_FORM_addr, addr v4 0x26c8
		DW_AT_high_pc : DW_FORM_data4 = 4 [00000004]
		DW_AT_frame_base : DW_FORM_exprloc = [1]6d
		DW_AT_???? 8471 (0x2117) : DW_FORM_flag_present = true
		DW_AT_name : DW_FORM_strp = "dspCV_hvx_unlock" (offset 0x6d4)
		DW_AT_decl_file : DW_FORM_data1 = 1 [01]
		DW_AT_decl_line : DW_FORM_data1 = -31 or 225 [e1]
		DW_AT_prototyped : DW_FORM_flag_present = true
		DW_AT_external : DW_FORM_flag_present = true
 (DWARFFunctionImporter)  
ERROR Error when processing DWARF information for DIE f7f (DWARFFunctionImporter) java.lang.NullPointerException: Cannot invoke "ghidra.app.util.bin.format.dwarf.DWARFRegisterMappings.getStackFrameRegisterOffset()" because the return value of "ghidra.app.util.bin.format.dwarf.DWARFProgram.getRegisterMappings()" is null
	at ghidra.app.util.bin.format.dwarf.DWARFFunction.read(DWARFFunction.java:108)
	at ghidra.app.util.bin.format.dwarf.DWARFFunctionImporter.processSubprogram(DWARFFunctionImporter.java:161)
	at ghidra.app.util.bin.format.dwarf.DWARFFunctionImporter.importFunctions(DWARFFunctionImporter.java:111)
	at ghidra.app.util.bin.format.dwarf.DWARFImporter.performImport(DWARFImporter.java:409)
	at ghidra.app.plugin.core.analysis.DWARFAnalyzer.added(DWARFAnalyzer.java:113)
	at ghidra.app.plugin.core.analysis.AnalysisScheduler.runAnalyzer(AnalysisScheduler.java:186)
	at ghidra.app.plugin.core.analysis.AnalysisTask.applyTo(AnalysisTask.java:37)
	at ghidra.app.plugin.core.analysis.AnalysisTask.applyTo(AnalysisTask.java:24)
	at ghidra.app.plugin.core.analysis.AutoAnalysisManager$AnalysisTaskWrapper.run(AutoAnalysisManager.java:660)
	at ghidra.app.plugin.core.analysis.AutoAnalysisManager.startAnalysis(AutoAnalysisManager.java:760)
	at ghidra.app.plugin.core.analysis.AutoAnalysisManager.startAnalysis(AutoAnalysisManager.java:639)
	at ghidra.app.plugin.core.analysis.AutoAnalysisManager.startAnalysis(AutoAnalysisManager.java:604)
	at ghidra.app.util.headless.HeadlessAnalyzer.analyzeProgram(HeadlessAnalyzer.java:1053)
	at ghidra.app.util.headless.HeadlessAnalyzer.processFileWithImport(HeadlessAnalyzer.java:1584)
	at ghidra.app.util.headless.HeadlessAnalyzer.processWithLoader(HeadlessAnalyzer.java:1744)
	at ghidra.app.util.headless.HeadlessAnalyzer.processWithImport(HeadlessAnalyzer.java:1685)
	at ghidra.app.util.headless.HeadlessAnalyzer.processWithImport(HeadlessAnalyzer.java:1769)
	at ghidra.app.util.headless.HeadlessAnalyzer.processLocal(HeadlessAnalyzer.java:462)
	at ghidra.app.util.headless.AnalyzeHeadless.launch(AnalyzeHeadless.java:199)
	at ghidra.GhidraLauncher.launch(GhidraLauncher.java:81)
	at ghidra.Ghidra.main(Ghidra.java:54)
 
INFO  DIE info:
DIEAgregrate of: DIE [0xf7f], 
<1><f7f>: DW_TAG_subprogram [abbrev 15, tag 46, index 415, children 4]
		DW_AT_low_pc : DW_FORM_addr, addr v4 0x26cc
		DW_AT_high_pc : DW_FORM_data4 = 196 [000000c4]
		DW_AT_frame_base : DW_FORM_exprloc = [1]6e
		DW_AT_???? 8471 (0x2117) : DW_FORM_flag_present = true
		DW_AT_name : DW_FORM_strp = "dspCV_hvx_prepare_mt_job" (offset 0x5ad)
		DW_AT_decl_file : DW_FORM_data1 = 1 [01]
		DW_AT_decl_line : DW_FORM_data1 = -21 or 235 [eb]
		DW_AT_prototyped : DW_FORM_flag_present = true
		DW_AT_external : DW_FORM_flag_present = true
 (DWARFFunctionImporter)  
ERROR Error when processing DWARF information for DIE e14 (DWARFFunctionImporter) java.lang.NullPointerException: Cannot invoke "ghidra.app.util.bin.format.dwarf.DWARFRegisterMappings.getStackFrameRegisterOffset()" because the return value of "ghidra.app.util.bin.format.dwarf.DWARFProgram.getRegisterMappings()" is null
	at ghidra.app.util.bin.format.dwarf.DWARFFunction.read(DWARFFunction.java:108)
	at ghidra.app.util.bin.format.dwarf.DWARFFunctionImporter.processSubprogram(DWARFFunctionImporter.java:161)
	at ghidra.app.util.bin.format.dwarf.DWARFFunctionImporter.importFunctions(DWARFFunctionImporter.java:111)
	at ghidra.app.util.bin.format.dwarf.DWARFImporter.performImport(DWARFImporter.java:409)
	at ghidra.app.plugin.core.analysis.DWARFAnalyzer.added(DWARFAnalyzer.java:113)
	at ghidra.app.plugin.core.analysis.AnalysisScheduler.runAnalyzer(AnalysisScheduler.java:186)
	at ghidra.app.plugin.core.analysis.AnalysisTask.applyTo(AnalysisTask.java:37)
	at ghidra.app.plugin.core.analysis.AnalysisTask.applyTo(AnalysisTask.java:24)
	at ghidra.app.plugin.core.analysis.AutoAnalysisManager$AnalysisTaskWrapper.run(AutoAnalysisManager.java:660)
	at ghidra.app.plugin.core.analysis.AutoAnalysisManager.startAnalysis(AutoAnalysisManager.java:760)
	at ghidra.app.plugin.core.analysis.AutoAnalysisManager.startAnalysis(AutoAnalysisManager.java:639)
	at ghidra.app.plugin.core.analysis.AutoAnalysisManager.startAnalysis(AutoAnalysisManager.java:604)
	at ghidra.app.util.headless.HeadlessAnalyzer.analyzeProgram(HeadlessAnalyzer.java:1053)
	at ghidra.app.util.headless.HeadlessAnalyzer.processFileWithImport(HeadlessAnalyzer.java:1584)
	at ghidra.app.util.headless.HeadlessAnalyzer.processWithLoader(HeadlessAnalyzer.java:1744)
	at ghidra.app.util.headless.HeadlessAnalyzer.processWithImport(HeadlessAnalyzer.java:1685)
	at ghidra.app.util.headless.HeadlessAnalyzer.processWithImport(HeadlessAnalyzer.java:1769)
	at ghidra.app.util.headless.HeadlessAnalyzer.processLocal(HeadlessAnalyzer.java:462)
	at ghidra.app.util.headless.AnalyzeHeadless.launch(AnalyzeHeadless.java:199)
	at ghidra.GhidraLauncher.launch(GhidraLauncher.java:81)
	at ghidra.Ghidra.main(Ghidra.java:54)
 
INFO  DIE info:
DIEAgregrate of: DIE [0xe14], 
<1><e14>: DW_TAG_subprogram [abbrev 8, tag 46, index 388, children 4]
		DW_AT_low_pc : DW_FORM_addr, addr v4 0x258c
		DW_AT_high_pc : DW_FORM_data4 = 128 [00000080]
		DW_AT_frame_base : DW_FORM_exprloc = [1]6e
		DW_AT_???? 8471 (0x2117) : DW_FORM_flag_present = true
		DW_AT_name : DW_FORM_strp = "dspCV_hvx_reserve" (offset 0xbd2)
		DW_AT_decl_file : DW_FORM_data1 = 1 [01]
		DW_AT_decl_line : DW_FORM_data1 = 82 [52]
		DW_AT_prototyped : DW_FORM_flag_present = true
		DW_AT_type : DW_FORM_ref4 = 3472 [0000000000000d90]
		DW_AT_external : DW_FORM_flag_present = true
 (DWARFFunctionImporter)  
ERROR Error when processing DWARF information for DIE e77 (DWARFFunctionImporter) java.lang.NullPointerException: Cannot invoke "ghidra.app.util.bin.format.dwarf.DWARFRegisterMappings.getStackFrameRegisterOffset()" because the return value of "ghidra.app.util.bin.format.dwarf.DWARFProgram.getRegisterMappings()" is null
	at ghidra.app.util.bin.format.dwarf.DWARFFunction.read(DWARFFunction.java:108)
	at ghidra.app.util.bin.format.dwarf.DWARFFunctionImporter.processSubprogram(DWARFFunctionImporter.java:161)
	at ghidra.app.util.bin.format.dwarf.DWARFFunctionImporter.importFunctions(DWARFFunctionImporter.java:111)
	at ghidra.app.util.bin.format.dwarf.DWARFImporter.performImport(DWARFImporter.java:409)
	at ghidra.app.plugin.core.analysis.DWARFAnalyzer.added(DWARFAnalyzer.java:113)
	at ghidra.app.plugin.core.analysis.AnalysisScheduler.runAnalyzer(AnalysisScheduler.java:186)
	at ghidra.app.plugin.core.analysis.AnalysisTask.applyTo(AnalysisTask.java:37)
	at ghidra.app.plugin.core.analysis.AnalysisTask.applyTo(AnalysisTask.java:24)
	at ghidra.app.plugin.core.analysis.AutoAnalysisManager$AnalysisTaskWrapper.run(AutoAnalysisManager.java:660)
	at ghidra.app.plugin.core.analysis.AutoAnalysisManager.startAnalysis(AutoAnalysisManager.java:760)
	at ghidra.app.plugin.core.analysis.AutoAnalysisManager.startAnalysis(AutoAnalysisManager.java:639)
	at ghidra.app.plugin.core.analysis.AutoAnalysisManager.startAnalysis(AutoAnalysisManager.java:604)
	at ghidra.app.util.headless.HeadlessAnalyzer.analyzeProgram(HeadlessAnalyzer.java:1053)
	at ghidra.app.util.headless.HeadlessAnalyzer.processFileWithImport(HeadlessAnalyzer.java:1584)
	at ghidra.app.util.headless.HeadlessAnalyzer.processWithLoader(HeadlessAnalyzer.java:1744)
	at ghidra.app.util.headless.HeadlessAnalyzer.processWithImport(HeadlessAnalyzer.java:1685)
	at ghidra.app.util.headless.HeadlessAnalyzer.processWithImport(HeadlessAnalyzer.java:1769)
	at ghidra.app.util.headless.HeadlessAnalyzer.processLocal(HeadlessAnalyzer.java:462)
	at ghidra.app.util.headless.AnalyzeHeadless.launch(AnalyzeHeadless.java:199)
	at ghidra.GhidraLauncher.launch(GhidraLauncher.java:81)
	at ghidra.Ghidra.main(Ghidra.java:54)
 
INFO  DIE info:
DIEAgregrate of: DIE [0xe77], 
<1><e77>: DW_TAG_subprogram [abbrev 15, tag 46, index 396, children 1]
		DW_AT_low_pc : DW_FORM_addr, addr v4 0x260c
		DW_AT_high_pc : DW_FORM_data4 = 24 [00000018]
		DW_AT_frame_base : DW_FORM_exprloc = [1]6e
		DW_AT_???? 8471 (0x2117) : DW_FORM_flag_present = true
		DW_AT_name : DW_FORM_strp = "dspCV_hvx_unreserve" (offset 0xbe4)
		DW_AT_decl_file : DW_FORM_data1 = 1 [01]
		DW_AT_decl_line : DW_FORM_data1 = 120 [78]
		DW_AT_prototyped : DW_FORM_flag_present = true
		DW_AT_external : DW_FORM_flag_present = true
 (DWARFFunctionImporter)  
ERROR Error when processing DWARF information for DIE fc2 (DWARFFunctionImporter) java.lang.NullPointerException: Cannot invoke "ghidra.app.util.bin.format.dwarf.DWARFRegisterMappings.getStackFrameRegisterOffset()" because the return value of "ghidra.app.util.bin.format.dwarf.DWARFProgram.getRegisterMappings()" is null
	at ghidra.app.util.bin.format.dwarf.DWARFFunction.read(DWARFFunction.java:108)
	at ghidra.app.util.bin.format.dwarf.DWARFFunctionImporter.processSubprogram(DWARFFunctionImporter.java:161)
	at ghidra.app.util.bin.format.dwarf.DWARFFunctionImporter.importFunctions(DWARFFunctionImporter.java:111)
	at ghidra.app.util.bin.format.dwarf.DWARFImporter.performImport(DWARFImporter.java:409)
	at ghidra.app.plugin.core.analysis.DWARFAnalyzer.added(DWARFAnalyzer.java:113)
	at ghidra.app.plugin.core.analysis.AnalysisScheduler.runAnalyzer(AnalysisScheduler.java:186)
	at ghidra.app.plugin.core.analysis.AnalysisTask.applyTo(AnalysisTask.java:37)
	at ghidra.app.plugin.core.analysis.AnalysisTask.applyTo(AnalysisTask.java:24)
	at ghidra.app.plugin.core.analysis.AutoAnalysisManager$AnalysisTaskWrapper.run(AutoAnalysisManager.java:660)
	at ghidra.app.plugin.core.analysis.AutoAnalysisManager.startAnalysis(AutoAnalysisManager.java:760)
	at ghidra.app.plugin.core.analysis.AutoAnalysisManager.startAnalysis(AutoAnalysisManager.java:639)
	at ghidra.app.plugin.core.analysis.AutoAnalysisManager.startAnalysis(AutoAnalysisManager.java:604)
	at ghidra.app.util.headless.HeadlessAnalyzer.analyzeProgram(HeadlessAnalyzer.java:1053)
	at ghidra.app.util.headless.HeadlessAnalyzer.processFileWithImport(HeadlessAnalyzer.java:1584)
	at ghidra.app.util.headless.HeadlessAnalyzer.processWithLoader(HeadlessAnalyzer.java:1744)
	at ghidra.app.util.headless.HeadlessAnalyzer.processWithImport(HeadlessAnalyzer.java:1685)
	at ghidra.app.util.headless.HeadlessAnalyzer.processWithImport(HeadlessAnalyzer.java:1769)
	at ghidra.app.util.headless.HeadlessAnalyzer.processLocal(HeadlessAnalyzer.java:462)
	at ghidra.app.util.headless.AnalyzeHeadless.launch(AnalyzeHeadless.java:199)
	at ghidra.GhidraLauncher.launch(GhidraLauncher.java:81)
	at ghidra.Ghidra.main(Ghidra.java:54)
 
INFO  DIE info:
DIEAgregrate of: DIE [0xfc2], 
<1><fc2>: DW_TAG_subprogram [abbrev 22, tag 46, index 420, children 1]
		DW_AT_low_pc : DW_FORM_addr, addr v4 0x2790
		DW_AT_high_pc : DW_FORM_data4 = 16 [00000010]
		DW_AT_frame_base : DW_FORM_exprloc = [1]6d
		DW_AT_???? 8471 (0x2117) : DW_FORM_flag_present = true
		DW_AT_name : DW_FORM_strp = "dspCV_hvx_cleanup_mt_job" (offset 0x643)
		DW_AT_decl_file : DW_FORM_data1 = 1 [01]
		DW_AT_decl_line : DW_FORM_data2 = 294 [0126]
		DW_AT_prototyped : DW_FORM_flag_present = true
		DW_AT_external : DW_FORM_flag_present = true
 (DWARFFunctionImporter)  
ERROR Error when processing DWARF information for DIE fe3 (DWARFFunctionImporter) java.lang.NullPointerException: Cannot invoke "ghidra.app.util.bin.format.dwarf.DWARFRegisterMappings.getStackFrameRegisterOffset()" because the return value of "ghidra.app.util.bin.format.dwarf.DWARFProgram.getRegisterMappings()" is null
	at ghidra.app.util.bin.format.dwarf.DWARFFunction.read(DWARFFunction.java:108)
	at ghidra.app.util.bin.format.dwarf.DWARFFunctionImporter.processSubprogram(DWARFFunctionImporter.java:161)
	at ghidra.app.util.bin.format.dwarf.DWARFFunctionImporter.importFunctions(DWARFFunctionImporter.java:111)
	at ghidra.app.util.bin.format.dwarf.DWARFImporter.performImport(DWARFImporter.java:409)
	at ghidra.app.plugin.core.analysis.DWARFAnalyzer.added(DWARFAnalyzer.java:113)
	at ghidra.app.plugin.core.analysis.AnalysisScheduler.runAnalyzer(AnalysisScheduler.java:186)
	at ghidra.app.plugin.core.analysis.AnalysisTask.applyTo(AnalysisTask.java:37)
	at ghidra.app.plugin.core.analysis.AnalysisTask.applyTo(AnalysisTask.java:24)
	at ghidra.app.plugin.core.analysis.AutoAnalysisManager$AnalysisTaskWrapper.run(AutoAnalysisManager.java:660)
	at ghidra.app.plugin.core.analysis.AutoAnalysisManager.startAnalysis(AutoAnalysisManager.java:760)
	at ghidra.app.plugin.core.analysis.AutoAnalysisManager.startAnalysis(AutoAnalysisManager.java:639)
	at ghidra.app.plugin.core.analysis.AutoAnalysisManager.startAnalysis(AutoAnalysisManager.java:604)
	at ghidra.app.util.headless.HeadlessAnalyzer.analyzeProgram(HeadlessAnalyzer.java:1053)
	at ghidra.app.util.headless.HeadlessAnalyzer.processFileWithImport(HeadlessAnalyzer.java:1584)
	at ghidra.app.util.headless.HeadlessAnalyzer.processWithLoader(HeadlessAnalyzer.java:1744)
	at ghidra.app.util.headless.HeadlessAnalyzer.processWithImport(HeadlessAnalyzer.java:1685)
	at ghidra.app.util.headless.HeadlessAnalyzer.processWithImport(HeadlessAnalyzer.java:1769)
	at ghidra.app.util.headless.HeadlessAnalyzer.processLocal(HeadlessAnalyzer.java:462)
	at ghidra.app.util.headless.AnalyzeHeadless.launch(AnalyzeHeadless.java:199)
	at ghidra.GhidraLauncher.launch(GhidraLauncher.java:81)
	at ghidra.Ghidra.main(Ghidra.java:54)
 
INFO  DIE info:
DIEAgregrate of: DIE [0xfe3], 
<1><fe3>: DW_TAG_subprogram [abbrev 24, tag 46, index 422, children 0]
		DW_AT_low_pc : DW_FORM_addr, addr v4 0x27a0
		DW_AT_high_pc : DW_FORM_data4 = 16 [00000010]
		DW_AT_frame_base : DW_FORM_exprloc = [1]6d
		DW_AT_???? 8471 (0x2117) : DW_FORM_flag_present = true
		DW_AT_name : DW_FORM_strp = "dspCV_hvx_disable" (offset 0xc1f)
		DW_AT_decl_file : DW_FORM_data1 = 1 [01]
		DW_AT_decl_line : DW_FORM_data2 = 305 [0131]
		DW_AT_prototyped : DW_FORM_flag_present = true
		DW_AT_external : DW_FORM_flag_present = true
 (DWARFFunctionImporter)  
ERROR Error when processing DWARF information for DIE ff5 (DWARFFunctionImporter) java.lang.NullPointerException: Cannot invoke "ghidra.app.util.bin.format.dwarf.DWARFRegisterMappings.getStackFrameRegisterOffset()" because the return value of "ghidra.app.util.bin.format.dwarf.DWARFProgram.getRegisterMappings()" is null
	at ghidra.app.util.bin.format.dwarf.DWARFFunction.read(DWARFFunction.java:108)
	at ghidra.app.util.bin.format.dwarf.DWARFFunctionImporter.processSubprogram(DWARFFunctionImporter.java:161)
	at ghidra.app.util.bin.format.dwarf.DWARFFunctionImporter.importFunctions(DWARFFunctionImporter.java:111)
	at ghidra.app.util.bin.format.dwarf.DWARFImporter.performImport(DWARFImporter.java:409)
	at ghidra.app.plugin.core.analysis.DWARFAnalyzer.added(DWARFAnalyzer.java:113)
	at ghidra.app.plugin.core.analysis.AnalysisScheduler.runAnalyzer(AnalysisScheduler.java:186)
	at ghidra.app.plugin.core.analysis.AnalysisTask.applyTo(AnalysisTask.java:37)
	at ghidra.app.plugin.core.analysis.AnalysisTask.applyTo(AnalysisTask.java:24)
	at ghidra.app.plugin.core.analysis.AutoAnalysisManager$AnalysisTaskWrapper.run(AutoAnalysisManager.java:660)
	at ghidra.app.plugin.core.analysis.AutoAnalysisManager.startAnalysis(AutoAnalysisManager.java:760)
	at ghidra.app.plugin.core.analysis.AutoAnalysisManager.startAnalysis(AutoAnalysisManager.java:639)
	at ghidra.app.plugin.core.analysis.AutoAnalysisManager.startAnalysis(AutoAnalysisManager.java:604)
	at ghidra.app.util.headless.HeadlessAnalyzer.analyzeProgram(HeadlessAnalyzer.java:1053)
	at ghidra.app.util.headless.HeadlessAnalyzer.processFileWithImport(HeadlessAnalyzer.java:1584)
	at ghidra.app.util.headless.HeadlessAnalyzer.processWithLoader(HeadlessAnalyzer.java:1744)
	at ghidra.app.util.headless.HeadlessAnalyzer.processWithImport(HeadlessAnalyzer.java:1685)
	at ghidra.app.util.headless.HeadlessAnalyzer.processWithImport(HeadlessAnalyzer.java:1769)
	at ghidra.app.util.headless.HeadlessAnalyzer.processLocal(HeadlessAnalyzer.java:462)
	at ghidra.app.util.headless.AnalyzeHeadless.launch(AnalyzeHeadless.java:199)
	at ghidra.GhidraLauncher.launch(GhidraLauncher.java:81)
	at ghidra.Ghidra.main(Ghidra.java:54)
 
INFO  DIE info:
DIEAgregrate of: DIE [0xff5], 
<1><ff5>: DW_TAG_subprogram [abbrev 24, tag 46, index 423, children 0]
		DW_AT_low_pc : DW_FORM_addr, addr v4 0x27b0
		DW_AT_high_pc : DW_FORM_data4 = 16 [00000010]
		DW_AT_frame_base : DW_FORM_exprloc = [1]6d
		DW_AT_???? 8471 (0x2117) : DW_FORM_flag_present = true
		DW_AT_name : DW_FORM_strp = "dspCV_hvx_enable" (offset 0xc31)
		DW_AT_decl_file : DW_FORM_data1 = 1 [01]
		DW_AT_decl_line : DW_FORM_data2 = 311 [0137]
		DW_AT_prototyped : DW_FORM_flag_present = true
		DW_AT_external : DW_FORM_flag_present = true
 (DWARFFunctionImporter)  
ERROR Error when processing DWARF information for DIE 1007 (DWARFFunctionImporter) java.lang.NullPointerException: Cannot invoke "ghidra.app.util.bin.format.dwarf.DWARFRegisterMappings.getStackFrameRegisterOffset()" because the return value of "ghidra.app.util.bin.format.dwarf.DWARFProgram.getRegisterMappings()" is null
	at ghidra.app.util.bin.format.dwarf.DWARFFunction.read(DWARFFunction.java:108)
	at ghidra.app.util.bin.format.dwarf.DWARFFunctionImporter.processSubprogram(DWARFFunctionImporter.java:161)
	at ghidra.app.util.bin.format.dwarf.DWARFFunctionImporter.importFunctions(DWARFFunctionImporter.java:111)
	at ghidra.app.util.bin.format.dwarf.DWARFImporter.performImport(DWARFImporter.java:409)
	at ghidra.app.plugin.core.analysis.DWARFAnalyzer.added(DWARFAnalyzer.java:113)
	at ghidra.app.plugin.core.analysis.AnalysisScheduler.runAnalyzer(AnalysisScheduler.java:186)
	at ghidra.app.plugin.core.analysis.AnalysisTask.applyTo(AnalysisTask.java:37)
	at ghidra.app.plugin.core.analysis.AnalysisTask.applyTo(AnalysisTask.java:24)
	at ghidra.app.plugin.core.analysis.AutoAnalysisManager$AnalysisTaskWrapper.run(AutoAnalysisManager.java:660)
	at ghidra.app.plugin.core.analysis.AutoAnalysisManager.startAnalysis(AutoAnalysisManager.java:760)
	at ghidra.app.plugin.core.analysis.AutoAnalysisManager.startAnalysis(AutoAnalysisManager.java:639)
	at ghidra.app.plugin.core.analysis.AutoAnalysisManager.startAnalysis(AutoAnalysisManager.java:604)
	at ghidra.app.util.headless.HeadlessAnalyzer.analyzeProgram(HeadlessAnalyzer.java:1053)
	at ghidra.app.util.headless.HeadlessAnalyzer.processFileWithImport(HeadlessAnalyzer.java:1584)
	at ghidra.app.util.headless.HeadlessAnalyzer.processWithLoader(HeadlessAnalyzer.java:1744)
	at ghidra.app.util.headless.HeadlessAnalyzer.processWithImport(HeadlessAnalyzer.java:1685)
	at ghidra.app.util.headless.HeadlessAnalyzer.processWithImport(HeadlessAnalyzer.java:1769)
	at ghidra.app.util.headless.HeadlessAnalyzer.processLocal(HeadlessAnalyzer.java:462)
	at ghidra.app.util.headless.AnalyzeHeadless.launch(AnalyzeHeadless.java:199)
	at ghidra.GhidraLauncher.launch(GhidraLauncher.java:81)
	at ghidra.Ghidra.main(Ghidra.java:54)
 
INFO  DIE info:
DIEAgregrate of: DIE [0x1007], 
<1><1007>: DW_TAG_subprogram [abbrev 22, tag 46, index 424, children 1]
		DW_AT_low_pc : DW_FORM_addr, addr v4 0x27c0
		DW_AT_high_pc : DW_FORM_data4 = 16 [00000010]
		DW_AT_frame_base : DW_FORM_exprloc = [1]6d
		DW_AT_???? 8471 (0x2117) : DW_FORM_flag_present = true
		DW_AT_name : DW_FORM_strp = "dspCV_hvx_set_default_mode" (offset 0xc42)
		DW_AT_decl_file : DW_FORM_data1 = 1 [01]
		DW_AT_decl_line : DW_FORM_data2 = 317 [013d]
		DW_AT_prototyped : DW_FORM_flag_present = true
		DW_AT_external : DW_FORM_flag_present = true
 (DWARFFunctionImporter)  
ERROR Error when processing DWARF information for DIE 1570 (DWARFFunctionImporter) java.lang.NullPointerException: Cannot invoke "ghidra.app.util.bin.format.dwarf.DWARFRegisterMappings.getStackFrameRegisterOffset()" because the return value of "ghidra.app.util.bin.format.dwarf.DWARFProgram.getRegisterMappings()" is null
	at ghidra.app.util.bin.format.dwarf.DWARFFunction.read(DWARFFunction.java:108)
	at ghidra.app.util.bin.format.dwarf.DWARFFunctionImporter.processSubprogram(DWARFFunctionImporter.java:161)
	at ghidra.app.util.bin.format.dwarf.DWARFFunctionImporter.importFunctions(DWARFFunctionImporter.java:111)
	at ghidra.app.util.bin.format.dwarf.DWARFImporter.performImport(DWARFImporter.java:409)
	at ghidra.app.plugin.core.analysis.DWARFAnalyzer.added(DWARFAnalyzer.java:113)
	at ghidra.app.plugin.core.analysis.AnalysisScheduler.runAnalyzer(AnalysisScheduler.java:186)
	at ghidra.app.plugin.core.analysis.AnalysisTask.applyTo(AnalysisTask.java:37)
	at ghidra.app.plugin.core.analysis.AnalysisTask.applyTo(AnalysisTask.java:24)
	at ghidra.app.plugin.core.analysis.AutoAnalysisManager$AnalysisTaskWrapper.run(AutoAnalysisManager.java:660)
	at ghidra.app.plugin.core.analysis.AutoAnalysisManager.startAnalysis(AutoAnalysisManager.java:760)
	at ghidra.app.plugin.core.analysis.AutoAnalysisManager.startAnalysis(AutoAnalysisManager.java:639)
	at ghidra.app.plugin.core.analysis.AutoAnalysisManager.startAnalysis(AutoAnalysisManager.java:604)
	at ghidra.app.util.headless.HeadlessAnalyzer.analyzeProgram(HeadlessAnalyzer.java:1053)
	at ghidra.app.util.headless.HeadlessAnalyzer.processFileWithImport(HeadlessAnalyzer.java:1584)
	at ghidra.app.util.headless.HeadlessAnalyzer.processWithLoader(HeadlessAnalyzer.java:1744)
	at ghidra.app.util.headless.HeadlessAnalyzer.processWithImport(HeadlessAnalyzer.java:1685)
	at ghidra.app.util.headless.HeadlessAnalyzer.processWithImport(HeadlessAnalyzer.java:1769)
	at ghidra.app.util.headless.HeadlessAnalyzer.processLocal(HeadlessAnalyzer.java:462)
	at ghidra.app.util.headless.AnalyzeHeadless.launch(AnalyzeHeadless.java:199)
	at ghidra.GhidraLauncher.launch(GhidraLauncher.java:81)
	at ghidra.Ghidra.main(Ghidra.java:54)
 
INFO  DIE info:
DIEAgregrate of: DIE [0x1570], 
<1><1570>: DW_TAG_subprogram [abbrev 31, tag 46, index 560, children 20]
		DW_AT_low_pc : DW_FORM_addr, addr v4 0x27d0
		DW_AT_high_pc : DW_FORM_data4 = 560 [00000230]
		DW_AT_frame_base : DW_FORM_exprloc = [1]6e
		DW_AT_???? 8471 (0x2117) : DW_FORM_flag_present = true
		DW_AT_linkage_name : DW_FORM_strp = "_Z24dspCV_worker_constructorv" (offset 0x133e)
		DW_AT_name : DW_FORM_strp = "dspCV_worker_constructor" (offset 0x135c)
		DW_AT_decl_file : DW_FORM_data1 = 1 [01]
		DW_AT_decl_line : DW_FORM_data1 = -66 or 190 [be]
		DW_AT_external : DW_FORM_flag_present = true
 (DWARFFunctionImporter)  
ERROR Error when processing DWARF information for DIE 1739 (DWARFFunctionImporter) java.lang.NullPointerException: Cannot invoke "ghidra.app.util.bin.format.dwarf.DWARFRegisterMappings.getStackFrameRegisterOffset()" because the return value of "ghidra.app.util.bin.format.dwarf.DWARFProgram.getRegisterMappings()" is null
	at ghidra.app.util.bin.format.dwarf.DWARFFunction.read(DWARFFunction.java:108)
	at ghidra.app.util.bin.format.dwarf.DWARFFunctionImporter.processSubprogram(DWARFFunctionImporter.java:161)
	at ghidra.app.util.bin.format.dwarf.DWARFFunctionImporter.importFunctions(DWARFFunctionImporter.java:111)
	at ghidra.app.util.bin.format.dwarf.DWARFImporter.performImport(DWARFImporter.java:409)
	at ghidra.app.plugin.core.analysis.DWARFAnalyzer.added(DWARFAnalyzer.java:113)
	at ghidra.app.plugin.core.analysis.AnalysisScheduler.runAnalyzer(AnalysisScheduler.java:186)
	at ghidra.app.plugin.core.analysis.AnalysisTask.applyTo(AnalysisTask.java:37)
	at ghidra.app.plugin.core.analysis.AnalysisTask.applyTo(AnalysisTask.java:24)
	at ghidra.app.plugin.core.analysis.AutoAnalysisManager$AnalysisTaskWrapper.run(AutoAnalysisManager.java:660)
	at ghidra.app.plugin.core.analysis.AutoAnalysisManager.startAnalysis(AutoAnalysisManager.java:760)
	at ghidra.app.plugin.core.analysis.AutoAnalysisManager.startAnalysis(AutoAnalysisManager.java:639)
	at ghidra.app.plugin.core.analysis.AutoAnalysisManager.startAnalysis(AutoAnalysisManager.java:604)
	at ghidra.app.util.headless.HeadlessAnalyzer.analyzeProgram(HeadlessAnalyzer.java:1053)
	at ghidra.app.util.headless.HeadlessAnalyzer.processFileWithImport(HeadlessAnalyzer.java:1584)
	at ghidra.app.util.headless.HeadlessAnalyzer.processWithLoader(HeadlessAnalyzer.java:1744)
	at ghidra.app.util.headless.HeadlessAnalyzer.processWithImport(HeadlessAnalyzer.java:1685)
	at ghidra.app.util.headless.HeadlessAnalyzer.processWithImport(HeadlessAnalyzer.java:1769)
	at ghidra.app.util.headless.HeadlessAnalyzer.processLocal(HeadlessAnalyzer.java:462)
	at ghidra.app.util.headless.AnalyzeHeadless.launch(AnalyzeHeadless.java:199)
	at ghidra.GhidraLauncher.launch(GhidraLauncher.java:81)
	at ghidra.Ghidra.main(Ghidra.java:54)
 
INFO  DIE info:
DIEAgregrate of: DIE [0x1739], 
<1><1739>: DW_TAG_subprogram [abbrev 45, tag 46, index 600, children 1]
		DW_AT_low_pc : DW_FORM_addr, addr v4 0x2f44
		DW_AT_high_pc : DW_FORM_data4 = 60 [0000003c]
		DW_AT_frame_base : DW_FORM_exprloc = [1]6d
		DW_AT_linkage_name : DW_FORM_strp = "_Z24dspCV_worker_constructorv.llvmint.extracted_region" (offset 0x1513)
		DW_AT_name : DW_FORM_strp = "_Z24dspCV_worker_constructorv.llvmint.extracted_region" (offset 0x1513)
 (DWARFFunctionImporter)  
ERROR Error when processing DWARF information for DIE 17df (DWARFFunctionImporter) java.lang.NullPointerException: Cannot invoke "ghidra.app.util.bin.format.dwarf.DWARFRegisterMappings.getStackFrameRegisterOffset()" because the return value of "ghidra.app.util.bin.format.dwarf.DWARFProgram.getRegisterMappings()" is null
	at ghidra.app.util.bin.format.dwarf.DWARFFunction.read(DWARFFunction.java:108)
	at ghidra.app.util.bin.format.dwarf.DWARFFunctionImporter.processSubprogram(DWARFFunctionImporter.java:161)
	at ghidra.app.util.bin.format.dwarf.DWARFFunctionImporter.importFunctions(DWARFFunctionImporter.java:111)
	at ghidra.app.util.bin.format.dwarf.DWARFImporter.performImport(DWARFImporter.java:409)
	at ghidra.app.plugin.core.analysis.DWARFAnalyzer.added(DWARFAnalyzer.java:113)
	at ghidra.app.plugin.core.analysis.AnalysisScheduler.runAnalyzer(AnalysisScheduler.java:186)
	at ghidra.app.plugin.core.analysis.AnalysisTask.applyTo(AnalysisTask.java:37)
	at ghidra.app.plugin.core.analysis.AnalysisTask.applyTo(AnalysisTask.java:24)
	at ghidra.app.plugin.core.analysis.AutoAnalysisManager$AnalysisTaskWrapper.run(AutoAnalysisManager.java:660)
	at ghidra.app.plugin.core.analysis.AutoAnalysisManager.startAnalysis(AutoAnalysisManager.java:760)
	at ghidra.app.plugin.core.analysis.AutoAnalysisManager.startAnalysis(AutoAnalysisManager.java:639)
	at ghidra.app.plugin.core.analysis.AutoAnalysisManager.startAnalysis(AutoAnalysisManager.java:604)
	at ghidra.app.util.headless.HeadlessAnalyzer.analyzeProgram(HeadlessAnalyzer.java:1053)
	at ghidra.app.util.headless.HeadlessAnalyzer.processFileWithImport(HeadlessAnalyzer.java:1584)
	at ghidra.app.util.headless.HeadlessAnalyzer.processWithLoader(HeadlessAnalyzer.java:1744)
	at ghidra.app.util.headless.HeadlessAnalyzer.processWithImport(HeadlessAnalyzer.java:1685)
	at ghidra.app.util.headless.HeadlessAnalyzer.processWithImport(HeadlessAnalyzer.java:1769)
	at ghidra.app.util.headless.HeadlessAnalyzer.processLocal(HeadlessAnalyzer.java:462)
	at ghidra.app.util.headless.AnalyzeHeadless.launch(AnalyzeHeadless.java:199)
	at ghidra.GhidraLauncher.launch(GhidraLauncher.java:81)
	at ghidra.Ghidra.main(Ghidra.java:54)
 
INFO  DIE info:
DIEAgregrate of: DIE [0x17df], 
<1><17df>: DW_TAG_subprogram [abbrev 49, tag 46, index 621, children 9]
		DW_AT_low_pc : DW_FORM_addr, addr v4 0x2aa4
		DW_AT_high_pc : DW_FORM_data4 = 156 [0000009c]
		DW_AT_frame_base : DW_FORM_exprloc = [1]6e
		DW_AT_???? 8471 (0x2117) : DW_FORM_flag_present = true
		DW_AT_linkage_name : DW_FORM_strp = "_ZL32dspCV_worker_pool_deinit_contextP19dspCV_worker_pool_t" (offset 0x13a0)
		DW_AT_name : DW_FORM_strp = "dspCV_worker_pool_deinit_context" (offset 0x13dc)
		DW_AT_decl_file : DW_FORM_data1 = 1 [01]
		DW_AT_decl_line : DW_FORM_data1 = -93 or 163 [a3]
 (DWARFFunctionImporter)  
ERROR Error when processing DWARF information for DIE 18f0 (DWARFFunctionImporter) java.lang.NullPointerException: Cannot invoke "ghidra.app.util.bin.format.dwarf.DWARFRegisterMappings.getStackFrameRegisterOffset()" because the return value of "ghidra.app.util.bin.format.dwarf.DWARFProgram.getRegisterMappings()" is null
	at ghidra.app.util.bin.format.dwarf.DWARFFunction.read(DWARFFunction.java:108)
	at ghidra.app.util.bin.format.dwarf.DWARFFunctionImporter.processSubprogram(DWARFFunctionImporter.java:161)
	at ghidra.app.util.bin.format.dwarf.DWARFFunctionImporter.importFunctions(DWARFFunctionImporter.java:111)
	at ghidra.app.util.bin.format.dwarf.DWARFImporter.performImport(DWARFImporter.java:409)
	at ghidra.app.plugin.core.analysis.DWARFAnalyzer.added(DWARFAnalyzer.java:113)
	at ghidra.app.plugin.core.analysis.AnalysisScheduler.runAnalyzer(AnalysisScheduler.java:186)
	at ghidra.app.plugin.core.analysis.AnalysisTask.applyTo(AnalysisTask.java:37)
	at ghidra.app.plugin.core.analysis.AnalysisTask.applyTo(AnalysisTask.java:24)
	at ghidra.app.plugin.core.analysis.AutoAnalysisManager$AnalysisTaskWrapper.run(AutoAnalysisManager.java:660)
	at ghidra.app.plugin.core.analysis.AutoAnalysisManager.startAnalysis(AutoAnalysisManager.java:760)
	at ghidra.app.plugin.core.analysis.AutoAnalysisManager.startAnalysis(AutoAnalysisManager.java:639)
	at ghidra.app.plugin.core.analysis.AutoAnalysisManager.startAnalysis(AutoAnalysisManager.java:604)
	at ghidra.app.util.headless.HeadlessAnalyzer.analyzeProgram(HeadlessAnalyzer.java:1053)
	at ghidra.app.util.headless.HeadlessAnalyzer.processFileWithImport(HeadlessAnalyzer.java:1584)
	at ghidra.app.util.headless.HeadlessAnalyzer.processWithLoader(HeadlessAnalyzer.java:1744)
	at ghidra.app.util.headless.HeadlessAnalyzer.processWithImport(HeadlessAnalyzer.java:1685)
	at ghidra.app.util.headless.HeadlessAnalyzer.processWithImport(HeadlessAnalyzer.java:1769)
	at ghidra.app.util.headless.HeadlessAnalyzer.processLocal(HeadlessAnalyzer.java:462)
	at ghidra.app.util.headless.AnalyzeHeadless.launch(AnalyzeHeadless.java:199)
	at ghidra.GhidraLauncher.launch(GhidraLauncher.java:81)
	at ghidra.Ghidra.main(Ghidra.java:54)
 
INFO  DIE info:
DIEAgregrate of: DIE [0x18f0], 
<1><18f0>: DW_TAG_subprogram [abbrev 49, tag 46, index 643, children 15]
		DW_AT_low_pc : DW_FORM_addr, addr v4 0x2a00
		DW_AT_high_pc : DW_FORM_data4 = 164 [000000a4]
		DW_AT_frame_base : DW_FORM_exprloc = [1]6e
		DW_AT_???? 8471 (0x2117) : DW_FORM_flag_present = true
		DW_AT_linkage_name : DW_FORM_strp = "_ZL17dspCV_worker_mainPv" (offset 0x1375)
		DW_AT_name : DW_FORM_strp = "dspCV_worker_main" (offset 0x138e)
		DW_AT_decl_file : DW_FORM_data1 = 1 [01]
		DW_AT_decl_line : DW_FORM_data1 = 124 [7c]
 (DWARFFunctionImporter)  
ERROR Error when processing DWARF information for DIE 1aba (DWARFFunctionImporter) java.lang.NullPointerException: Cannot invoke "ghidra.app.util.bin.format.dwarf.DWARFRegisterMappings.getStackFrameRegisterOffset()" because the return value of "ghidra.app.util.bin.format.dwarf.DWARFProgram.getRegisterMappings()" is null
	at ghidra.app.util.bin.format.dwarf.DWARFFunction.read(DWARFFunction.java:108)
	at ghidra.app.util.bin.format.dwarf.DWARFFunctionImporter.processSubprogram(DWARFFunctionImporter.java:161)
	at ghidra.app.util.bin.format.dwarf.DWARFFunctionImporter.importFunctions(DWARFFunctionImporter.java:111)
	at ghidra.app.util.bin.format.dwarf.DWARFImporter.performImport(DWARFImporter.java:409)
	at ghidra.app.plugin.core.analysis.DWARFAnalyzer.added(DWARFAnalyzer.java:113)
	at ghidra.app.plugin.core.analysis.AnalysisScheduler.runAnalyzer(AnalysisScheduler.java:186)
	at ghidra.app.plugin.core.analysis.AnalysisTask.applyTo(AnalysisTask.java:37)
	at ghidra.app.plugin.core.analysis.AnalysisTask.applyTo(AnalysisTask.java:24)
	at ghidra.app.plugin.core.analysis.AutoAnalysisManager$AnalysisTaskWrapper.run(AutoAnalysisManager.java:660)
	at ghidra.app.plugin.core.analysis.AutoAnalysisManager.startAnalysis(AutoAnalysisManager.java:760)
	at ghidra.app.plugin.core.analysis.AutoAnalysisManager.startAnalysis(AutoAnalysisManager.java:639)
	at ghidra.app.plugin.core.analysis.AutoAnalysisManager.startAnalysis(AutoAnalysisManager.java:604)
	at ghidra.app.util.headless.HeadlessAnalyzer.analyzeProgram(HeadlessAnalyzer.java:1053)
	at ghidra.app.util.headless.HeadlessAnalyzer.processFileWithImport(HeadlessAnalyzer.java:1584)
	at ghidra.app.util.headless.HeadlessAnalyzer.processWithLoader(HeadlessAnalyzer.java:1744)
	at ghidra.app.util.headless.HeadlessAnalyzer.processWithImport(HeadlessAnalyzer.java:1685)
	at ghidra.app.util.headless.HeadlessAnalyzer.processWithImport(HeadlessAnalyzer.java:1769)
	at ghidra.app.util.headless.HeadlessAnalyzer.processLocal(HeadlessAnalyzer.java:462)
	at ghidra.app.util.headless.AnalyzeHeadless.launch(AnalyzeHeadless.java:199)
	at ghidra.GhidraLauncher.launch(GhidraLauncher.java:81)
	at ghidra.Ghidra.main(Ghidra.java:54)
 
INFO  DIE info:
DIEAgregrate of: DIE [0x1aba], 
<1><1aba>: DW_TAG_subprogram [abbrev 54, tag 46, index 692, children 1]
		DW_AT_low_pc : DW_FORM_addr, addr v4 0x2b40
		DW_AT_high_pc : DW_FORM_data4 = 16 [00000010]
		DW_AT_frame_base : DW_FORM_exprloc = [1]6d
		DW_AT_???? 8471 (0x2117) : DW_FORM_flag_present = true
		DW_AT_linkage_name : DW_FORM_strp = "_Z23dspCV_worker_destructorv" (offset 0x13fd)
		DW_AT_name : DW_FORM_strp = "dspCV_worker_destructor" (offset 0x141a)
		DW_AT_decl_file : DW_FORM_data1 = 1 [01]
		DW_AT_decl_line : DW_FORM_data2 = 292 [0124]
		DW_AT_external : DW_FORM_flag_present = true
 (DWARFFunctionImporter)  
ERROR Error when processing DWARF information for DIE 1ae1 (DWARFFunctionImporter) java.lang.NullPointerException: Cannot invoke "ghidra.app.util.bin.format.dwarf.DWARFRegisterMappings.getStackFrameRegisterOffset()" because the return value of "ghidra.app.util.bin.format.dwarf.DWARFProgram.getRegisterMappings()" is null
	at ghidra.app.util.bin.format.dwarf.DWARFFunction.read(DWARFFunction.java:108)
	at ghidra.app.util.bin.format.dwarf.DWARFFunctionImporter.processSubprogram(DWARFFunctionImporter.java:161)
	at ghidra.app.util.bin.format.dwarf.DWARFFunctionImporter.importFunctions(DWARFFunctionImporter.java:111)
	at ghidra.app.util.bin.format.dwarf.DWARFImporter.performImport(DWARFImporter.java:409)
	at ghidra.app.plugin.core.analysis.DWARFAnalyzer.added(DWARFAnalyzer.java:113)
	at ghidra.app.plugin.core.analysis.AnalysisScheduler.runAnalyzer(AnalysisScheduler.java:186)
	at ghidra.app.plugin.core.analysis.AnalysisTask.applyTo(AnalysisTask.java:37)
	at ghidra.app.plugin.core.analysis.AnalysisTask.applyTo(AnalysisTask.java:24)
	at ghidra.app.plugin.core.analysis.AutoAnalysisManager$AnalysisTaskWrapper.run(AutoAnalysisManager.java:660)
	at ghidra.app.plugin.core.analysis.AutoAnalysisManager.startAnalysis(AutoAnalysisManager.java:760)
	at ghidra.app.plugin.core.analysis.AutoAnalysisManager.startAnalysis(AutoAnalysisManager.java:639)
	at ghidra.app.plugin.core.analysis.AutoAnalysisManager.startAnalysis(AutoAnalysisManager.java:604)
	at ghidra.app.util.headless.HeadlessAnalyzer.analyzeProgram(HeadlessAnalyzer.java:1053)
	at ghidra.app.util.headless.HeadlessAnalyzer.processFileWithImport(HeadlessAnalyzer.java:1584)
	at ghidra.app.util.headless.HeadlessAnalyzer.processWithLoader(HeadlessAnalyzer.java:1744)
	at ghidra.app.util.headless.HeadlessAnalyzer.processWithImport(HeadlessAnalyzer.java:1685)
	at ghidra.app.util.headless.HeadlessAnalyzer.processWithImport(HeadlessAnalyzer.java:1769)
	at ghidra.app.util.headless.HeadlessAnalyzer.processLocal(HeadlessAnalyzer.java:462)
	at ghidra.app.util.headless.AnalyzeHeadless.launch(AnalyzeHeadless.java:199)
	at ghidra.GhidraLauncher.launch(GhidraLauncher.java:81)
	at ghidra.Ghidra.main(Ghidra.java:54)
 
INFO  DIE info:
DIEAgregrate of: DIE [0x1ae1], 
<1><1ae1>: DW_TAG_subprogram [abbrev 55, tag 46, index 694, children 0]
		DW_AT_low_pc : DW_FORM_addr, addr v4 0x2b50
		DW_AT_high_pc : DW_FORM_data4 = 20 [00000014]
		DW_AT_frame_base : DW_FORM_exprloc = [1]6d
		DW_AT_???? 8471 (0x2117) : DW_FORM_flag_present = true
		DW_AT_name : DW_FORM_strp = "dspCV_worker_pool_available" (offset 0x1432)
		DW_AT_decl_file : DW_FORM_data1 = 1 [01]
		DW_AT_decl_line : DW_FORM_data2 = 356 [0164]
		DW_AT_type : DW_FORM_ref4 = 4897 [0000000000001321]
		DW_AT_external : DW_FORM_flag_present = true
 (DWARFFunctionImporter)  
ERROR Error when processing DWARF information for DIE 1b21 (DWARFFunctionImporter) java.lang.NullPointerException: Cannot invoke "ghidra.app.util.bin.format.dwarf.DWARFRegisterMappings.getStackFrameRegisterOffset()" because the return value of "ghidra.app.util.bin.format.dwarf.DWARFProgram.getRegisterMappings()" is null
	at ghidra.app.util.bin.format.dwarf.DWARFFunction.read(DWARFFunction.java:108)
	at ghidra.app.util.bin.format.dwarf.DWARFFunctionImporter.processSubprogram(DWARFFunctionImporter.java:161)
	at ghidra.app.util.bin.format.dwarf.DWARFFunctionImporter.importFunctions(DWARFFunctionImporter.java:111)
	at ghidra.app.util.bin.format.dwarf.DWARFImporter.performImport(DWARFImporter.java:409)
	at ghidra.app.plugin.core.analysis.DWARFAnalyzer.added(DWARFAnalyzer.java:113)
	at ghidra.app.plugin.core.analysis.AnalysisScheduler.runAnalyzer(AnalysisScheduler.java:186)
	at ghidra.app.plugin.core.analysis.AnalysisTask.applyTo(AnalysisTask.java:37)
	at ghidra.app.plugin.core.analysis.AnalysisTask.applyTo(AnalysisTask.java:24)
	at ghidra.app.plugin.core.analysis.AutoAnalysisManager$AnalysisTaskWrapper.run(AutoAnalysisManager.java:660)
	at ghidra.app.plugin.core.analysis.AutoAnalysisManager.startAnalysis(AutoAnalysisManager.java:760)
	at ghidra.app.plugin.core.analysis.AutoAnalysisManager.startAnalysis(AutoAnalysisManager.java:639)
	at ghidra.app.plugin.core.analysis.AutoAnalysisManager.startAnalysis(AutoAnalysisManager.java:604)
	at ghidra.app.util.headless.HeadlessAnalyzer.analyzeProgram(HeadlessAnalyzer.java:1053)
	at ghidra.app.util.headless.HeadlessAnalyzer.processFileWithImport(HeadlessAnalyzer.java:1584)
	at ghidra.app.util.headless.HeadlessAnalyzer.processWithLoader(HeadlessAnalyzer.java:1744)
	at ghidra.app.util.headless.HeadlessAnalyzer.processWithImport(HeadlessAnalyzer.java:1685)
	at ghidra.app.util.headless.HeadlessAnalyzer.processWithImport(HeadlessAnalyzer.java:1769)
	at ghidra.app.util.headless.HeadlessAnalyzer.processLocal(HeadlessAnalyzer.java:462)
	at ghidra.app.util.headless.AnalyzeHeadless.launch(AnalyzeHeadless.java:199)
	at ghidra.GhidraLauncher.launch(GhidraLauncher.java:81)
	at ghidra.Ghidra.main(Ghidra.java:54)
 
INFO  DIE info:
DIEAgregrate of: DIE [0x1b21], 
<1><1b21>: DW_TAG_subprogram [abbrev 58, tag 46, index 698, children 23]
		DW_AT_low_pc : DW_FORM_addr, addr v4 0x2b64
		DW_AT_high_pc : DW_FORM_data4 = 612 [00000264]
		DW_AT_frame_base : DW_FORM_exprloc = [1]6e
		DW_AT_???? 8471 (0x2117) : DW_FORM_flag_present = true
		DW_AT_name : DW_FORM_strp = "dspCV_worker_pool_init" (offset 0x144e)
		DW_AT_decl_file : DW_FORM_data1 = 1 [01]
		DW_AT_decl_line : DW_FORM_data2 = 365 [016d]
		DW_AT_type : DW_FORM_ref4 = 4897 [0000000000001321]
		DW_AT_external : DW_FORM_flag_present = true
 (DWARFFunctionImporter)  
ERROR Error when processing DWARF information for DIE 1cef (DWARFFunctionImporter) java.lang.NullPointerException: Cannot invoke "ghidra.app.util.bin.format.dwarf.DWARFRegisterMappings.getStackFrameRegisterOffset()" because the return value of "ghidra.app.util.bin.format.dwarf.DWARFProgram.getRegisterMappings()" is null
	at ghidra.app.util.bin.format.dwarf.DWARFFunction.read(DWARFFunction.java:108)
	at ghidra.app.util.bin.format.dwarf.DWARFFunctionImporter.processSubprogram(DWARFFunctionImporter.java:161)
	at ghidra.app.util.bin.format.dwarf.DWARFFunctionImporter.importFunctions(DWARFFunctionImporter.java:111)
	at ghidra.app.util.bin.format.dwarf.DWARFImporter.performImport(DWARFImporter.java:409)
	at ghidra.app.plugin.core.analysis.DWARFAnalyzer.added(DWARFAnalyzer.java:113)
	at ghidra.app.plugin.core.analysis.AnalysisScheduler.runAnalyzer(AnalysisScheduler.java:186)
	at ghidra.app.plugin.core.analysis.AnalysisTask.applyTo(AnalysisTask.java:37)
	at ghidra.app.plugin.core.analysis.AnalysisTask.applyTo(AnalysisTask.java:24)
	at ghidra.app.plugin.core.analysis.AutoAnalysisManager$AnalysisTaskWrapper.run(AutoAnalysisManager.java:660)
	at ghidra.app.plugin.core.analysis.AutoAnalysisManager.startAnalysis(AutoAnalysisManager.java:760)
	at ghidra.app.plugin.core.analysis.AutoAnalysisManager.startAnalysis(AutoAnalysisManager.java:639)
	at ghidra.app.plugin.core.analysis.AutoAnalysisManager.startAnalysis(AutoAnalysisManager.java:604)
	at ghidra.app.util.headless.HeadlessAnalyzer.analyzeProgram(HeadlessAnalyzer.java:1053)
	at ghidra.app.util.headless.HeadlessAnalyzer.processFileWithImport(HeadlessAnalyzer.java:1584)
	at ghidra.app.util.headless.HeadlessAnalyzer.processWithLoader(HeadlessAnalyzer.java:1744)
	at ghidra.app.util.headless.HeadlessAnalyzer.processWithImport(HeadlessAnalyzer.java:1685)
	at ghidra.app.util.headless.HeadlessAnalyzer.processWithImport(HeadlessAnalyzer.java:1769)
	at ghidra.app.util.headless.HeadlessAnalyzer.processLocal(HeadlessAnalyzer.java:462)
	at ghidra.app.util.headless.AnalyzeHeadless.launch(AnalyzeHeadless.java:199)
	at ghidra.GhidraLauncher.launch(GhidraLauncher.java:81)
	at ghidra.Ghidra.main(Ghidra.java:54)
 
INFO  DIE info:
DIEAgregrate of: DIE [0x1cef], 
<1><1cef>: DW_TAG_subprogram [abbrev 61, tag 46, index 735, children 4]
		DW_AT_low_pc : DW_FORM_addr, addr v4 0x2dc8
		DW_AT_high_pc : DW_FORM_data4 = 84 [00000054]
		DW_AT_frame_base : DW_FORM_exprloc = [1]6e
		DW_AT_???? 8471 (0x2117) : DW_FORM_flag_present = true
		DW_AT_name : DW_FORM_strp = "dspCV_worker_pool_deinit" (offset 0x1465)
		DW_AT_decl_file : DW_FORM_data1 = 1 [01]
		DW_AT_decl_line : DW_FORM_data2 = 477 [01dd]
		DW_AT_external : DW_FORM_flag_present = true
 (DWARFFunctionImporter)  
ERROR Error when processing DWARF information for DIE 1d58 (DWARFFunctionImporter) java.lang.NullPointerException: Cannot invoke "ghidra.app.util.bin.format.dwarf.DWARFRegisterMappings.getStackFrameRegisterOffset()" because the return value of "ghidra.app.util.bin.format.dwarf.DWARFProgram.getRegisterMappings()" is null
	at ghidra.app.util.bin.format.dwarf.DWARFFunction.read(DWARFFunction.java:108)
	at ghidra.app.util.bin.format.dwarf.DWARFFunctionImporter.processSubprogram(DWARFFunctionImporter.java:161)
	at ghidra.app.util.bin.format.dwarf.DWARFFunctionImporter.importFunctions(DWARFFunctionImporter.java:111)
	at ghidra.app.util.bin.format.dwarf.DWARFImporter.performImport(DWARFImporter.java:409)
	at ghidra.app.plugin.core.analysis.DWARFAnalyzer.added(DWARFAnalyzer.java:113)
	at ghidra.app.plugin.core.analysis.AnalysisScheduler.runAnalyzer(AnalysisScheduler.java:186)
	at ghidra.app.plugin.core.analysis.AnalysisTask.applyTo(AnalysisTask.java:37)
	at ghidra.app.plugin.core.analysis.AnalysisTask.applyTo(AnalysisTask.java:24)
	at ghidra.app.plugin.core.analysis.AutoAnalysisManager$AnalysisTaskWrapper.run(AutoAnalysisManager.java:660)
	at ghidra.app.plugin.core.analysis.AutoAnalysisManager.startAnalysis(AutoAnalysisManager.java:760)
	at ghidra.app.plugin.core.analysis.AutoAnalysisManager.startAnalysis(AutoAnalysisManager.java:639)
	at ghidra.app.plugin.core.analysis.AutoAnalysisManager.startAnalysis(AutoAnalysisManager.java:604)
	at ghidra.app.util.headless.HeadlessAnalyzer.analyzeProgram(HeadlessAnalyzer.java:1053)
	at ghidra.app.util.headless.HeadlessAnalyzer.processFileWithImport(HeadlessAnalyzer.java:1584)
	at ghidra.app.util.headless.HeadlessAnalyzer.processWithLoader(HeadlessAnalyzer.java:1744)
	at ghidra.app.util.headless.HeadlessAnalyzer.processWithImport(HeadlessAnalyzer.java:1685)
	at ghidra.app.util.headless.HeadlessAnalyzer.processWithImport(HeadlessAnalyzer.java:1769)
	at ghidra.app.util.headless.HeadlessAnalyzer.processLocal(HeadlessAnalyzer.java:462)
	at ghidra.app.util.headless.AnalyzeHeadless.launch(AnalyzeHeadless.java:199)
	at ghidra.GhidraLauncher.launch(GhidraLauncher.java:81)
	at ghidra.Ghidra.main(Ghidra.java:54)
 
INFO  DIE info:
DIEAgregrate of: DIE [0x1d58], 
<1><1d58>: DW_TAG_subprogram [abbrev 58, tag 46, index 744, children 1]
		DW_AT_low_pc : DW_FORM_addr, addr v4 0x2e1c
		DW_AT_high_pc : DW_FORM_data4 = 8 [00000008]
		DW_AT_frame_base : DW_FORM_exprloc = [1]6d
		DW_AT_???? 8471 (0x2117) : DW_FORM_flag_present = true
		DW_AT_name : DW_FORM_strp = "dspCV_worker_pool_submit" (offset 0x5e7)
		DW_AT_decl_file : DW_FORM_data1 = 1 [01]
		DW_AT_decl_line : DW_FORM_data2 = 497 [01f1]
		DW_AT_type : DW_FORM_ref4 = 4897 [0000000000001321]
		DW_AT_external : DW_FORM_flag_present = true
 (DWARFFunctionImporter)  
ERROR Error when processing DWARF information for DIE 1d7e (DWARFFunctionImporter) java.lang.NullPointerException: Cannot invoke "ghidra.app.util.bin.format.dwarf.DWARFRegisterMappings.getStackFrameRegisterOffset()" because the return value of "ghidra.app.util.bin.format.dwarf.DWARFProgram.getRegisterMappings()" is null
	at ghidra.app.util.bin.format.dwarf.DWARFFunction.read(DWARFFunction.java:108)
	at ghidra.app.util.bin.format.dwarf.DWARFFunctionImporter.processSubprogram(DWARFFunctionImporter.java:161)
	at ghidra.app.util.bin.format.dwarf.DWARFFunctionImporter.importFunctions(DWARFFunctionImporter.java:111)
	at ghidra.app.util.bin.format.dwarf.DWARFImporter.performImport(DWARFImporter.java:409)
	at ghidra.app.plugin.core.analysis.DWARFAnalyzer.added(DWARFAnalyzer.java:113)
	at ghidra.app.plugin.core.analysis.AnalysisScheduler.runAnalyzer(AnalysisScheduler.java:186)
	at ghidra.app.plugin.core.analysis.AnalysisTask.applyTo(AnalysisTask.java:37)
	at ghidra.app.plugin.core.analysis.AnalysisTask.applyTo(AnalysisTask.java:24)
	at ghidra.app.plugin.core.analysis.AutoAnalysisManager$AnalysisTaskWrapper.run(AutoAnalysisManager.java:660)
	at ghidra.app.plugin.core.analysis.AutoAnalysisManager.startAnalysis(AutoAnalysisManager.java:760)
	at ghidra.app.plugin.core.analysis.AutoAnalysisManager.startAnalysis(AutoAnalysisManager.java:639)
	at ghidra.app.plugin.core.analysis.AutoAnalysisManager.startAnalysis(AutoAnalysisManager.java:604)
	at ghidra.app.util.headless.HeadlessAnalyzer.analyzeProgram(HeadlessAnalyzer.java:1053)
	at ghidra.app.util.headless.HeadlessAnalyzer.processFileWithImport(HeadlessAnalyzer.java:1584)
	at ghidra.app.util.headless.HeadlessAnalyzer.processWithLoader(HeadlessAnalyzer.java:1744)
	at ghidra.app.util.headless.HeadlessAnalyzer.processWithImport(HeadlessAnalyzer.java:1685)
	at ghidra.app.util.headless.HeadlessAnalyzer.processWithImport(HeadlessAnalyzer.java:1769)
	at ghidra.app.util.headless.HeadlessAnalyzer.processLocal(HeadlessAnalyzer.java:462)
	at ghidra.app.util.headless.AnalyzeHeadless.launch(AnalyzeHeadless.java:199)
	at ghidra.GhidraLauncher.launch(GhidraLauncher.java:81)
	at ghidra.Ghidra.main(Ghidra.java:54)
 
INFO  DIE info:
DIEAgregrate of: DIE [0x1d7e], 
<1><1d7e>: DW_TAG_subprogram [abbrev 64, tag 46, index 746, children 22]
		DW_AT_low_pc : DW_FORM_addr, addr v4 0x2e24
		DW_AT_high_pc : DW_FORM_data4 = 196 [000000c4]
		DW_AT_frame_base : DW_FORM_exprloc = [1]6e
		DW_AT_???? 8471 (0x2117) : DW_FORM_flag_present = true
		DW_AT_linkage_name : DW_FORM_strp = "_ZL29dspCV_worker_pool_prio_submit18dspCV_worker_job_ti" (offset 0x147e)
		DW_AT_name : DW_FORM_strp = "dspCV_worker_pool_prio_submit" (offset 0x14b6)
		DW_AT_decl_file : DW_FORM_data1 = 1 [01]
		DW_AT_decl_line : DW_FORM_data2 = 299 [012b]
		DW_AT_type : DW_FORM_ref4 = 4897 [0000000000001321]
 (DWARFFunctionImporter)  
ERROR Error when processing DWARF information for DIE 1eba (DWARFFunctionImporter) java.lang.NullPointerException: Cannot invoke "ghidra.app.util.bin.format.dwarf.DWARFRegisterMappings.getStackFrameRegisterOffset()" because the return value of "ghidra.app.util.bin.format.dwarf.DWARFProgram.getRegisterMappings()" is null
	at ghidra.app.util.bin.format.dwarf.DWARFFunction.read(DWARFFunction.java:108)
	at ghidra.app.util.bin.format.dwarf.DWARFFunctionImporter.processSubprogram(DWARFFunctionImporter.java:161)
	at ghidra.app.util.bin.format.dwarf.DWARFFunctionImporter.importFunctions(DWARFFunctionImporter.java:111)
	at ghidra.app.util.bin.format.dwarf.DWARFImporter.performImport(DWARFImporter.java:409)
	at ghidra.app.plugin.core.analysis.DWARFAnalyzer.added(DWARFAnalyzer.java:113)
	at ghidra.app.plugin.core.analysis.AnalysisScheduler.runAnalyzer(AnalysisScheduler.java:186)
	at ghidra.app.plugin.core.analysis.AnalysisTask.applyTo(AnalysisTask.java:37)
	at ghidra.app.plugin.core.analysis.AnalysisTask.applyTo(AnalysisTask.java:24)
	at ghidra.app.plugin.core.analysis.AutoAnalysisManager$AnalysisTaskWrapper.run(AutoAnalysisManager.java:660)
	at ghidra.app.plugin.core.analysis.AutoAnalysisManager.startAnalysis(AutoAnalysisManager.java:760)
	at ghidra.app.plugin.core.analysis.AutoAnalysisManager.startAnalysis(AutoAnalysisManager.java:639)
	at ghidra.app.plugin.core.analysis.AutoAnalysisManager.startAnalysis(AutoAnalysisManager.java:604)
	at ghidra.app.util.headless.HeadlessAnalyzer.analyzeProgram(HeadlessAnalyzer.java:1053)
	at ghidra.app.util.headless.HeadlessAnalyzer.processFileWithImport(HeadlessAnalyzer.java:1584)
	at ghidra.app.util.headless.HeadlessAnalyzer.processWithLoader(HeadlessAnalyzer.java:1744)
	at ghidra.app.util.headless.HeadlessAnalyzer.processWithImport(HeadlessAnalyzer.java:1685)
	at ghidra.app.util.headless.HeadlessAnalyzer.processWithImport(HeadlessAnalyzer.java:1769)
	at ghidra.app.util.headless.HeadlessAnalyzer.processLocal(HeadlessAnalyzer.java:462)
	at ghidra.app.util.headless.AnalyzeHeadless.launch(AnalyzeHeadless.java:199)
	at ghidra.GhidraLauncher.launch(GhidraLauncher.java:81)
	at ghidra.Ghidra.main(Ghidra.java:54)
 
INFO  DIE info:
DIEAgregrate of: DIE [0x1eba], 
<1><1eba>: DW_TAG_subprogram [abbrev 58, tag 46, index 770, children 1]
		DW_AT_low_pc : DW_FORM_addr, addr v4 0x2ee8
		DW_AT_high_pc : DW_FORM_data4 = 8 [00000008]
		DW_AT_frame_base : DW_FORM_exprloc = [1]6d
		DW_AT_???? 8471 (0x2117) : DW_FORM_flag_present = true
		DW_AT_name : DW_FORM_strp = "dspCV_worker_pool_boosted_submit" (offset 0x14d4)
		DW_AT_decl_file : DW_FORM_data1 = 1 [01]
		DW_AT_decl_line : DW_FORM_data2 = 504 [01f8]
		DW_AT_type : DW_FORM_ref4 = 4897 [0000000000001321]
		DW_AT_external : DW_FORM_flag_present = true
 (DWARFFunctionImporter)  
ERROR Error when processing DWARF information for DIE 1ee0 (DWARFFunctionImporter) java.lang.NullPointerException: Cannot invoke "ghidra.app.util.bin.format.dwarf.DWARFRegisterMappings.getStackFrameRegisterOffset()" because the return value of "ghidra.app.util.bin.format.dwarf.DWARFProgram.getRegisterMappings()" is null
	at ghidra.app.util.bin.format.dwarf.DWARFFunction.read(DWARFFunction.java:108)
	at ghidra.app.util.bin.format.dwarf.DWARFFunctionImporter.processSubprogram(DWARFFunctionImporter.java:161)
	at ghidra.app.util.bin.format.dwarf.DWARFFunctionImporter.importFunctions(DWARFFunctionImporter.java:111)
	at ghidra.app.util.bin.format.dwarf.DWARFImporter.performImport(DWARFImporter.java:409)
	at ghidra.app.plugin.core.analysis.DWARFAnalyzer.added(DWARFAnalyzer.java:113)
	at ghidra.app.plugin.core.analysis.AnalysisScheduler.runAnalyzer(AnalysisScheduler.java:186)
	at ghidra.app.plugin.core.analysis.AnalysisTask.applyTo(AnalysisTask.java:37)
	at ghidra.app.plugin.core.analysis.AnalysisTask.applyTo(AnalysisTask.java:24)
	at ghidra.app.plugin.core.analysis.AutoAnalysisManager$AnalysisTaskWrapper.run(AutoAnalysisManager.java:660)
	at ghidra.app.plugin.core.analysis.AutoAnalysisManager.startAnalysis(AutoAnalysisManager.java:760)
	at ghidra.app.plugin.core.analysis.AutoAnalysisManager.startAnalysis(AutoAnalysisManager.java:639)
	at ghidra.app.plugin.core.analysis.AutoAnalysisManager.startAnalysis(AutoAnalysisManager.java:604)
	at ghidra.app.util.headless.HeadlessAnalyzer.analyzeProgram(HeadlessAnalyzer.java:1053)
	at ghidra.app.util.headless.HeadlessAnalyzer.processFileWithImport(HeadlessAnalyzer.java:1584)
	at ghidra.app.util.headless.HeadlessAnalyzer.processWithLoader(HeadlessAnalyzer.java:1744)
	at ghidra.app.util.headless.HeadlessAnalyzer.processWithImport(HeadlessAnalyzer.java:1685)
	at ghidra.app.util.headless.HeadlessAnalyzer.processWithImport(HeadlessAnalyzer.java:1769)
	at ghidra.app.util.headless.HeadlessAnalyzer.processLocal(HeadlessAnalyzer.java:462)
	at ghidra.app.util.headless.AnalyzeHeadless.launch(AnalyzeHeadless.java:199)
	at ghidra.GhidraLauncher.launch(GhidraLauncher.java:81)
	at ghidra.Ghidra.main(Ghidra.java:54)
 
INFO  DIE info:
DIEAgregrate of: DIE [0x1ee0], 
<1><1ee0>: DW_TAG_subprogram [abbrev 58, tag 46, index 772, children 1]
		DW_AT_low_pc : DW_FORM_addr, addr v4 0x2ef0
		DW_AT_high_pc : DW_FORM_data4 = 8 [00000008]
		DW_AT_frame_base : DW_FORM_exprloc = [1]6d
		DW_AT_???? 8471 (0x2117) : DW_FORM_flag_present = true
		DW_AT_name : DW_FORM_strp = "dspCV_worker_pool_bkgd_submit" (offset 0x14f5)
		DW_AT_decl_file : DW_FORM_data1 = 1 [01]
		DW_AT_decl_line : DW_FORM_data2 = 511 [01ff]
		DW_AT_type : DW_FORM_ref4 = 4897 [0000000000001321]
		DW_AT_external : DW_FORM_flag_present = true
 (DWARFFunctionImporter)  
ERROR Error when processing DWARF information for DIE 1f06 (DWARFFunctionImporter) java.lang.NullPointerException: Cannot invoke "ghidra.app.util.bin.format.dwarf.DWARFRegisterMappings.getStackFrameRegisterOffset()" because the return value of "ghidra.app.util.bin.format.dwarf.DWARFProgram.getRegisterMappings()" is null
	at ghidra.app.util.bin.format.dwarf.DWARFFunction.read(DWARFFunction.java:108)
	at ghidra.app.util.bin.format.dwarf.DWARFFunctionImporter.processSubprogram(DWARFFunctionImporter.java:161)
	at ghidra.app.util.bin.format.dwarf.DWARFFunctionImporter.importFunctions(DWARFFunctionImporter.java:111)
	at ghidra.app.util.bin.format.dwarf.DWARFImporter.performImport(DWARFImporter.java:409)
	at ghidra.app.plugin.core.analysis.DWARFAnalyzer.added(DWARFAnalyzer.java:113)
	at ghidra.app.plugin.core.analysis.AnalysisScheduler.runAnalyzer(AnalysisScheduler.java:186)
	at ghidra.app.plugin.core.analysis.AnalysisTask.applyTo(AnalysisTask.java:37)
	at ghidra.app.plugin.core.analysis.AnalysisTask.applyTo(AnalysisTask.java:24)
	at ghidra.app.plugin.core.analysis.AutoAnalysisManager$AnalysisTaskWrapper.run(AutoAnalysisManager.java:660)
	at ghidra.app.plugin.core.analysis.AutoAnalysisManager.startAnalysis(AutoAnalysisManager.java:760)
	at ghidra.app.plugin.core.analysis.AutoAnalysisManager.startAnalysis(AutoAnalysisManager.java:639)
	at ghidra.app.plugin.core.analysis.AutoAnalysisManager.startAnalysis(AutoAnalysisManager.java:604)
	at ghidra.app.util.headless.HeadlessAnalyzer.analyzeProgram(HeadlessAnalyzer.java:1053)
	at ghidra.app.util.headless.HeadlessAnalyzer.processFileWithImport(HeadlessAnalyzer.java:1584)
	at ghidra.app.util.headless.HeadlessAnalyzer.processWithLoader(HeadlessAnalyzer.java:1744)
	at ghidra.app.util.headless.HeadlessAnalyzer.processWithImport(HeadlessAnalyzer.java:1685)
	at ghidra.app.util.headless.HeadlessAnalyzer.processWithImport(HeadlessAnalyzer.java:1769)
	at ghidra.app.util.headless.HeadlessAnalyzer.processLocal(HeadlessAnalyzer.java:462)
	at ghidra.app.util.headless.AnalyzeHeadless.launch(AnalyzeHeadless.java:199)
	at ghidra.GhidraLauncher.launch(GhidraLauncher.java:81)
	at ghidra.Ghidra.main(Ghidra.java:54)
 
INFO  DIE info:
DIEAgregrate of: DIE [0x1f06], 
<1><1f06>: DW_TAG_subprogram [abbrev 61, tag 46, index 774, children 3]
		DW_AT_low_pc : DW_FORM_addr, addr v4 0x2ef8
		DW_AT_high_pc : DW_FORM_data4 = 12 [0000000c]
		DW_AT_frame_base : DW_FORM_exprloc = [1]6d
		DW_AT_???? 8471 (0x2117) : DW_FORM_flag_present = true
		DW_AT_name : DW_FORM_strp = "dspCV_worker_pool_synctoken_init" (offset 0x5c6)
		DW_AT_decl_file : DW_FORM_data1 = 1 [01]
		DW_AT_decl_line : DW_FORM_data2 = 519 [0207]
		DW_AT_external : DW_FORM_flag_present = true
 (DWARFFunctionImporter)  
ERROR Error when processing DWARF information for DIE 1f8e (DWARFFunctionImporter) java.lang.NullPointerException: Cannot invoke "ghidra.app.util.bin.format.dwarf.DWARFRegisterMappings.getStackFrameRegisterOffset()" because the return value of "ghidra.app.util.bin.format.dwarf.DWARFProgram.getRegisterMappings()" is null
	at ghidra.app.util.bin.format.dwarf.DWARFFunction.read(DWARFFunction.java:108)
	at ghidra.app.util.bin.format.dwarf.DWARFFunctionImporter.processSubprogram(DWARFFunctionImporter.java:161)
	at ghidra.app.util.bin.format.dwarf.DWARFFunctionImporter.importFunctions(DWARFFunctionImporter.java:111)
	at ghidra.app.util.bin.format.dwarf.DWARFImporter.performImport(DWARFImporter.java:409)
	at ghidra.app.plugin.core.analysis.DWARFAnalyzer.added(DWARFAnalyzer.java:113)
	at ghidra.app.plugin.core.analysis.AnalysisScheduler.runAnalyzer(AnalysisScheduler.java:186)
	at ghidra.app.plugin.core.analysis.AnalysisTask.applyTo(AnalysisTask.java:37)
	at ghidra.app.plugin.core.analysis.AnalysisTask.applyTo(AnalysisTask.java:24)
	at ghidra.app.plugin.core.analysis.AutoAnalysisManager$AnalysisTaskWrapper.run(AutoAnalysisManager.java:660)
	at ghidra.app.plugin.core.analysis.AutoAnalysisManager.startAnalysis(AutoAnalysisManager.java:760)
	at ghidra.app.plugin.core.analysis.AutoAnalysisManager.startAnalysis(AutoAnalysisManager.java:639)
	at ghidra.app.plugin.core.analysis.AutoAnalysisManager.startAnalysis(AutoAnalysisManager.java:604)
	at ghidra.app.util.headless.HeadlessAnalyzer.analyzeProgram(HeadlessAnalyzer.java:1053)
	at ghidra.app.util.headless.HeadlessAnalyzer.processFileWithImport(HeadlessAnalyzer.java:1584)
	at ghidra.app.util.headless.HeadlessAnalyzer.processWithLoader(HeadlessAnalyzer.java:1744)
	at ghidra.app.util.headless.HeadlessAnalyzer.processWithImport(HeadlessAnalyzer.java:1685)
	at ghidra.app.util.headless.HeadlessAnalyzer.processWithImport(HeadlessAnalyzer.java:1769)
	at ghidra.app.util.headless.HeadlessAnalyzer.processLocal(HeadlessAnalyzer.java:462)
	at ghidra.app.util.headless.AnalyzeHeadless.launch(AnalyzeHeadless.java:199)
	at ghidra.GhidraLauncher.launch(GhidraLauncher.java:81)
	at ghidra.Ghidra.main(Ghidra.java:54)
 
INFO  DIE info:
DIEAgregrate of: DIE [0x1f8e], 
<1><1f8e>: DW_TAG_subprogram [abbrev 61, tag 46, index 784, children 4]
		DW_AT_low_pc : DW_FORM_addr, addr v4 0x2f04
		DW_AT_high_pc : DW_FORM_data4 = 36 [00000024]
		DW_AT_frame_base : DW_FORM_exprloc = [1]6d
		DW_AT_???? 8471 (0x2117) : DW_FORM_flag_present = true
		DW_AT_name : DW_FORM_strp = "dspCV_worker_pool_synctoken_jobdone" (offset 0x6e5)
		DW_AT_decl_file : DW_FORM_data1 = 1 [01]
		DW_AT_decl_line : DW_FORM_data2 = 531 [0213]
		DW_AT_external : DW_FORM_flag_present = true
 (DWARFFunctionImporter)  
ERROR Error when processing DWARF information for DIE 1fe7 (DWARFFunctionImporter) java.lang.NullPointerException: Cannot invoke "ghidra.app.util.bin.format.dwarf.DWARFRegisterMappings.getStackFrameRegisterOffset()" because the return value of "ghidra.app.util.bin.format.dwarf.DWARFProgram.getRegisterMappings()" is null
	at ghidra.app.util.bin.format.dwarf.DWARFFunction.read(DWARFFunction.java:108)
	at ghidra.app.util.bin.format.dwarf.DWARFFunctionImporter.processSubprogram(DWARFFunctionImporter.java:161)
	at ghidra.app.util.bin.format.dwarf.DWARFFunctionImporter.importFunctions(DWARFFunctionImporter.java:111)
	at ghidra.app.util.bin.format.dwarf.DWARFImporter.performImport(DWARFImporter.java:409)
	at ghidra.app.plugin.core.analysis.DWARFAnalyzer.added(DWARFAnalyzer.java:113)
	at ghidra.app.plugin.core.analysis.AnalysisScheduler.runAnalyzer(AnalysisScheduler.java:186)
	at ghidra.app.plugin.core.analysis.AnalysisTask.applyTo(AnalysisTask.java:37)
	at ghidra.app.plugin.core.analysis.AnalysisTask.applyTo(AnalysisTask.java:24)
	at ghidra.app.plugin.core.analysis.AutoAnalysisManager$AnalysisTaskWrapper.run(AutoAnalysisManager.java:660)
	at ghidra.app.plugin.core.analysis.AutoAnalysisManager.startAnalysis(AutoAnalysisManager.java:760)
	at ghidra.app.plugin.core.analysis.AutoAnalysisManager.startAnalysis(AutoAnalysisManager.java:639)
	at ghidra.app.plugin.core.analysis.AutoAnalysisManager.startAnalysis(AutoAnalysisManager.java:604)
	at ghidra.app.util.headless.HeadlessAnalyzer.analyzeProgram(HeadlessAnalyzer.java:1053)
	at ghidra.app.util.headless.HeadlessAnalyzer.processFileWithImport(HeadlessAnalyzer.java:1584)
	at ghidra.app.util.headless.HeadlessAnalyzer.processWithLoader(HeadlessAnalyzer.java:1744)
	at ghidra.app.util.headless.HeadlessAnalyzer.processWithImport(HeadlessAnalyzer.java:1685)
	at ghidra.app.util.headless.HeadlessAnalyzer.processWithImport(HeadlessAnalyzer.java:1769)
	at ghidra.app.util.headless.HeadlessAnalyzer.processLocal(HeadlessAnalyzer.java:462)
	at ghidra.app.util.headless.AnalyzeHeadless.launch(AnalyzeHeadless.java:199)
	at ghidra.GhidraLauncher.launch(GhidraLauncher.java:81)
	at ghidra.Ghidra.main(Ghidra.java:54)
 
INFO  DIE info:
DIEAgregrate of: DIE [0x1fe7], 
<1><1fe7>: DW_TAG_subprogram [abbrev 61, tag 46, index 790, children 3]
		DW_AT_low_pc : DW_FORM_addr, addr v4 0x2f28
		DW_AT_high_pc : DW_FORM_data4 = 28 [0000001c]
		DW_AT_frame_base : DW_FORM_exprloc = [1]6e
		DW_AT_???? 8471 (0x2117) : DW_FORM_flag_present = true
		DW_AT_name : DW_FORM_strp = "dspCV_worker_pool_synctoken_wait" (offset 0x622)
		DW_AT_decl_file : DW_FORM_data1 = 1 [01]
		DW_AT_decl_line : DW_FORM_data2 = 545 [0221]
		DW_AT_external : DW_FORM_flag_present = true
 (DWARFFunctionImporter)  
INFO  Added 694 source map entries (DWARFImporter)  
INFO  DWARF ver[4], 5 compUnits, 808 DIES, import - total elapsed: 107ms (DWARFImportSummary)  
INFO  DWARF data type import - elapsed: 36ms (DWARFImportSummary)  
INFO  DWARF func & symbol import - elapsed: 33ms (DWARFImportSummary)  
INFO  DWARF types imported: 98 (DWARFImportSummary)  
INFO  DWARF enums from macros - elapsed: 1ms (DWARFImportSummary)  
INFO  DWARF compile dirs: [/local/mnt/workspace/CRMBuilds/CDSP.HT.2.9.c1-00078-HAMOA-1_20251101_183151/b/cdsp_proc/build/ms] (DWARFImportSummary)  
INFO  DWARF producers: [QuIC LLVM Hexagon Clang version 8.6.06] (DWARFImportSummary)  
INFO  DWARF source languages: [DW_LANG_C99, DW_LANG_C_plus_plus_14, DW_LANG_Mips_Assembler] (DWARFImportSummary)  
INFO  DWARF compUnit: /local/mnt/workspace/CRMBuilds/CDSP.HT.2.9.c1-00078-HAMOA-1_20251101_183151/b/cdsp_proc/platform/securepd/example/gaussian/src/example_algo.c (DWARFImportSummary)  
INFO  DWARF compUnit: /local/mnt/workspace/CRMBuilds/CDSP.HT.2.9.c1-00078-HAMOA-1_20251101_183151/b/cdsp_proc/platform/securepd/example/gaussian/src/dspCV_hvx.c (DWARFImportSummary)  
INFO  DWARF compUnit: /local/mnt/workspace/CRMBuilds/CDSP.HT.2.9.c1-00078-HAMOA-1_20251101_183151/b/cdsp_proc/platform/securepd/example/gaussian/src/dspCV_worker.cpp (DWARFImportSummary)  
INFO  DWARF compUnit: /local/mnt/workspace/CRMBuilds/CDSP.HT.2.9.c1-00078-HAMOA-1_20251101_183151/b/cdsp_proc/platform/securepd/example/gaussian/asm_src/gaussian7x7_asm.S (DWARFImportSummary)  
INFO  DWARF compUnit: /local/mnt/workspace/CRMBuilds/CDSP.HT.2.9.c1-00078-HAMOA-1_20251101_183151/b/cdsp_proc/platform/securepd/example/gaussian/asm_src/dspCV_sync.S (DWARFImportSummary)  
ERROR DWARF un-recoverable expressions: (DWARFImportSummary)  
ERROR   DW_OP_addr; DW_OP_deref_size; DW_OP_lit1; DW_OP_mul; DW_OP_lit0; DW_OP_plus; DW_OP_stack_value -> 1 (DWARFImportSummary)  
ERROR   DW_OP_addr; DW_OP_deref_size; DW_OP_lit0; DW_OP_not; DW_OP_mul; DW_OP_lit1; DW_OP_plus; DW_OP_stack_value -> 1 (DWARFImportSummary)  
INFO  Packed database cache: /var/tmp/geoca-ghidra/packed-db-cache (PackedDatabaseCache)  
INFO  Applied data type archive: generic_clib (ApplyDataArchiveAnalyzer)  
INFO  -----------------------------------------------------
    ASCII Strings                              0.256 secs
    Apply Data Archives                        0.495 secs
    Basic Constant Reference Analyzer          0.259 secs
    Call Convention ID                         0.731 secs
    Call-Fixup Installer                       0.004 secs
    Create Address Tables                      0.005 secs
    Create Function                            0.012 secs
    DWARF                                      0.151 secs
    Data Reference                             0.010 secs
    Decompiler Switch Analysis                 2.663 secs
    Demangler GNU                              0.081 secs
    Disassemble Entry Points                   0.147 secs
    Embedded Media                             0.006 secs
    External Entry References                  0.001 secs
    Function ID                                0.019 secs
    Function Start Search                      0.022 secs
    GCC Exception Handlers                     0.043 secs
    Non-Returning Functions - Known            0.005 secs
    Reference                                  0.047 secs
    Shared Return Calls                        0.009 secs
    Stack                                      0.133 secs
    Subroutine References                      0.007 secs
-----------------------------------------------------
     Total Time   5 secs
-----------------------------------------------------
 (AutoAnalysisManager)  
INFO  REPORT: Analysis succeeded for file: file:///home/geoca/Documents/SP11-PROJECT/00-RE-archive/sp11-driverdump/qcnspmcdm_ext_cdsp8380.inf_arm64_4a8c3ebe3aad408a/CDSP/example_image.so (HeadlessAnalyzer)  
INFO  REPORT: Execute script: DecompileNamed.java '/home/geoca/Documents/SP11-PROJECT/06-camera/SP11X1ECamera/experiments/E004-front-ir-vd55g0/e004dc-cpz-protected-frame-worker-image-and-invoke-abi/ghidra/EXAMPLE-IMAGE-DECOMP.txt' 'gaussian7x7_Gaussian7x7u8' 'gaussian_main_thread' 'algo_main'  (HeadlessAnalyzer)  
INFO  SCRIPT: /home/geoca/Documents/SP11-PROJECT/06-camera/SP11X1ECamera/experiments/E004-front-ir-vd55g0/e004dc-cpz-protected-frame-worker-image-and-invoke-abi/ghidra/DecompileNamed.java (HeadlessAnalyzer)  
INFO  ANALYZING changes made by post scripts: file:///home/geoca/Documents/SP11-PROJECT/00-RE-archive/sp11-driverdump/qcnspmcdm_ext_cdsp8380.inf_arm64_4a8c3ebe3aad408a/CDSP/example_image.so (HeadlessAnalyzer)  
INFO  REPORT: Post-analysis succeeded for file: file:///home/geoca/Documents/SP11-PROJECT/00-RE-archive/sp11-driverdump/qcnspmcdm_ext_cdsp8380.inf_arm64_4a8c3ebe3aad408a/CDSP/example_image.so (HeadlessAnalyzer)  
INFO  /example_image.so: file created (geoca) (LocalFileSystem)  
INFO  REPORT: Save succeeded for: /example_image.so (E004DC_EXAMPLE:/example_image.so) (HeadlessAnalyzer)  
INFO  REPORT: Import succeeded (HeadlessAnalyzer)  
