openjdk version "21.0.12" 2026-07-21
OpenJDK Runtime Environment (build 21.0.12+8-1-26.04-Ubuntu)
OpenJDK 64-Bit Server VM (build 21.0.12+8-1-26.04-Ubuntu, mixed mode)
Module manifest file error on line 2 of file: /home/geoca/.config/ghidra/ghidra_12.0.4_PUBLIC/Extensions/GhidraMCP/Module.manifest
	-> Invalid line encountered: GHIDRA_MODULE_NAME=GhidraMCP
Module manifest file error on line 3 of file: /home/geoca/.config/ghidra/ghidra_12.0.4_PUBLIC/Extensions/GhidraMCP/Module.manifest
	-> Invalid line encountered: GHIDRA_MODULE_DESC=An HTTP server plugin for Ghidra
Module manifest file error on line 2 of file: /home/geoca/.config/ghidra/ghidra_12.0.4_PUBLIC/Extensions/GhidraMCP/Module.manifest
	-> Invalid line encountered: GHIDRA_MODULE_NAME=GhidraMCP
Module manifest file error on line 3 of file: /home/geoca/.config/ghidra/ghidra_12.0.4_PUBLIC/Extensions/GhidraMCP/Module.manifest
	-> Invalid line encountered: GHIDRA_MODULE_DESC=An HTTP server plugin for Ghidra
INFO  Using log config file: jar:file:/home/geoca/Desktop/Ghidra/Ghidra/Framework/Generic/lib/Generic.jar!/generic.log4j.xml (LoggingInitialization)  
INFO  Using log file: /home/geoca/.config/ghidra/ghidra_12.0.4_PUBLIC/application.log (LoggingInitialization)  
INFO  Loading user preferences: /home/geoca/.config/ghidra/ghidra_12.0.4_PUBLIC/preferences (Preferences)  
INFO  Loading previous preferences: /home/geoca/.config/ghidra/ghidra_12.1.2_PUBLIC/preferences (Preferences)  
INFO  Searching for classes... (ClassSearcher)  
INFO  Class search complete (1812 ms) (ClassSearcher)  
INFO  Initializing SSL Context (DefaultSSLContextInitializer)  
INFO  Initializing Random Number Generator... (SecureRandomFactory)  
INFO  Random Number Generator initialization complete: NativePRNGNonBlocking (SecureRandomFactory)  
INFO  Trust manager disabled, cacerts have not been set (DefaultTrustManagerFactory)  
INFO  Headless startup complete (3326 ms) (AnalyzeHeadless)  
INFO  Class searcher loaded 59 extension points (18 false positives) (ClassSearcher)  
INFO  HEADLESS Script Paths:
    /home/geoca/Desktop/Ghidra/Ghidra/Features/MicrosoftCodeAnalyzer/ghidra_scripts
    /home/geoca/Desktop/Ghidra/Ghidra/Features/VersionTracking/ghidra_scripts
    /home/geoca/Desktop/Ghidra/Ghidra/Features/PyGhidra/ghidra_scripts
    /home/geoca/Desktop/Ghidra/Ghidra/Processors/Atmel/ghidra_scripts
    /home/geoca/Desktop/Ghidra/Ghidra/Features/BSim/ghidra_scripts
    /home/geoca/Desktop/Ghidra/Ghidra/Processors/PIC/ghidra_scripts
    /home/geoca/Desktop/Ghidra/Ghidra/Debug/Debugger/ghidra_scripts
    /home/geoca/Desktop/Ghidra/Ghidra/Features/Jython/ghidra_scripts
    /home/geoca/Desktop/Ghidra/Ghidra/Features/DecompilerDependent/ghidra_scripts
    /home/geoca/Desktop/Ghidra/Ghidra/Features/GnuDemangler/ghidra_scripts
    /home/geoca/Desktop/Ghidra/Ghidra/Features/SwiftDemangler/ghidra_scripts
    /home/geoca/Desktop/Ghidra/Ghidra/Features/WildcardAssembler/ghidra_scripts
    /home/geoca/Desktop/Ghidra/Ghidra/Features/SystemEmulation/ghidra_scripts
    /home/geoca/Desktop/Ghidra/Ghidra/Processors/JVM/ghidra_scripts
    /home/geoca/.config/ghidra/ghidra_12.0.4_PUBLIC/Extensions/Hexagon/ghidra_scripts
    /home/geoca/Desktop/Ghidra/Ghidra/Processors/8051/ghidra_scripts
    /home/geoca/Desktop/Ghidra/Ghidra/Features/PDB/ghidra_scripts
    /home/geoca/Desktop/Ghidra/Ghidra/Processors/DATA/ghidra_scripts
    /home/geoca/Desktop/Ghidra/Ghidra/Features/Base/ghidra_scripts
    /home/geoca/Desktop/Ghidra/Ghidra/Features/BytePatterns/ghidra_scripts
    /home/geoca/Desktop/Ghidra/Ghidra/Debug/Debugger-rmi-trace/ghidra_scripts
    /home/geoca/Documents/SP11-PROJECT/06-camera/SP11X1ECamera/experiments/E004-front-ir-vd55g0/e004dc-cpz-protected-frame-worker-image-and-invoke-abi/ghidra
    /home/geoca/Desktop/Ghidra/Ghidra/Features/Decompiler/ghidra_scripts
    /home/geoca/Desktop/Ghidra/Ghidra/Features/FunctionID/ghidra_scripts
    /home/geoca/Desktop/Ghidra/Ghidra/Features/FileFormats/ghidra_scripts (HeadlessAnalyzer)  
INFO  HEADLESS: execution starts (HeadlessAnalyzer)  
INFO  Creating project: /home/geoca/.cache/e004dc-runner/E004DC_RUNNER (HeadlessAnalyzer)  
INFO  Creating project: /home/geoca/.cache/e004dc-runner/E004DC_RUNNER (DefaultProject)  
INFO  REPORT: Processing input files:  (HeadlessAnalyzer)  
INFO       project: /home/geoca/.cache/e004dc-runner/E004DC_RUNNER (HeadlessAnalyzer)  
INFO  IMPORTING: file:///home/geoca/Documents/SP11-PROJECT/00-RE-archive/sp11-driverdump/qcnspmcdm_ext_cdsp8380.inf_arm64_4a8c3ebe3aad408a/CDSP/example_image_runner.so (HeadlessAnalyzer)  
INFO  Using Loader: Executable and Linking Format (ELF) (ProgramLoader)  
INFO  Using Language/Compiler: QDSP6:LE:32:default:default (ProgramLoader)  
INFO  Using Library Search Path: [., /bin, /lib, /lib64, /lib/x86_64-linux-gnu, /lib/aarch64-linux-gnu, /usr/bin, /usr/lib, /usr/X11R6/bin, /usr/X11R6/lib, /usr/java/packages/lib, /usr/lib/aarch64-linux-gnu/jni, /usr/lib/aarch64-linux-gnu, /usr/lib/jni] (ProgramLoader)  
INFO  Additional info:
Loading file:///home/geoca/Documents/SP11-PROJECT/00-RE-archive/sp11-driverdump/qcnspmcdm_ext_cdsp8380.inf_arm64_4a8c3ebe3aad408a/CDSP/example_image_runner.so?MD5=7318ac577b28998282d2ff7f0f804a9c...
ELF relocation handler extension not found!  Unable to process relocations.
Unable to process ELF relocations: relocation handler not found
------------------------------------------------

 (ProgramLoader)  
INFO  IMPORTING: Loaded 0 additional files (HeadlessAnalyzer)  
INFO  ANALYZING all memory and code: file:///home/geoca/Documents/SP11-PROJECT/00-RE-archive/sp11-driverdump/qcnspmcdm_ext_cdsp8380.inf_arm64_4a8c3ebe3aad408a/CDSP/example_image_runner.so (HeadlessAnalyzer)  
ERROR Error when processing DWARF information for DIE 186 (DWARFFunctionImporter) java.lang.NullPointerException: Cannot invoke "ghidra.app.util.bin.format.dwarf.DWARFRegisterMappings.getStackFrameRegisterOffset()" because the return value of "ghidra.app.util.bin.format.dwarf.DWARFProgram.getRegisterMappings()" is null
	at ghidra.app.util.bin.format.dwarf.DWARFFunction.read(DWARFFunction.java:108)
	at ghidra.app.util.bin.format.dwarf.DWARFFunctionImporter.processSubprogram(DWARFFunctionImporter.java:161)
	at ghidra.app.util.bin.format.dwarf.DWARFFunctionImporter.importFunctions(DWARFFunctionImporter.java:111)
	at ghidra.app.util.bin.format.dwarf.DWARFImporter.performImport(DWARFImporter.java:409)
	at ghidra.app.plugin.core.analysis.DWARFAnalyzer.added(DWARFAnalyzer.java:113)
	at ghidra.app.plugin.core.analysis.AnalysisScheduler.runAnalyzer(AnalysisScheduler.java:186)
	at ghidra.app.plugin.core.analysis.AnalysisTask.applyTo(AnalysisTask.java:37)
	at ghidra.app.plugin.core.analysis.AnalysisTask.applyTo(AnalysisTask.java:24)
	at ghidra.app.plugin.core.analysis.AutoAnalysisManager$AnalysisTaskWrapper.run(AutoAnalysisManager.java:660)
	at ghidra.app.plugin.core.analysis.AutoAnalysisManager.startAnalysis(AutoAnalysisManager.java:760)
	at ghidra.app.plugin.core.analysis.AutoAnalysisManager.startAnalysis(AutoAnalysisManager.java:639)
	at ghidra.app.plugin.core.analysis.AutoAnalysisManager.startAnalysis(AutoAnalysisManager.java:604)
	at ghidra.app.util.headless.HeadlessAnalyzer.analyzeProgram(HeadlessAnalyzer.java:1053)
	at ghidra.app.util.headless.HeadlessAnalyzer.processFileWithImport(HeadlessAnalyzer.java:1584)
	at ghidra.app.util.headless.HeadlessAnalyzer.processWithLoader(HeadlessAnalyzer.java:1744)
	at ghidra.app.util.headless.HeadlessAnalyzer.processWithImport(HeadlessAnalyzer.java:1685)
	at ghidra.app.util.headless.HeadlessAnalyzer.processWithImport(HeadlessAnalyzer.java:1769)
	at ghidra.app.util.headless.HeadlessAnalyzer.processLocal(HeadlessAnalyzer.java:462)
	at ghidra.app.util.headless.AnalyzeHeadless.launch(AnalyzeHeadless.java:199)
	at ghidra.GhidraLauncher.launch(GhidraLauncher.java:81)
	at ghidra.Ghidra.main(Ghidra.java:54)
 
INFO  DIE info:
DIEAgregrate of: DIE [0x186], 
<1><186>: DW_TAG_subprogram [abbrev 14, tag 46, index 44, children 9]
		DW_AT_low_pc : DW_FORM_addr, addr v4 0x1b20
		DW_AT_high_pc : DW_FORM_data4 = 204 [000000cc]
		DW_AT_frame_base : DW_FORM_exprloc = [1]6e
		DW_AT_???? 8471 (0x2117) : DW_FORM_flag_present = true
		DW_AT_name : DW_FORM_strp = "example_algo_open" (offset 0x449)
		DW_AT_decl_file : DW_FORM_data1 = 1 [01]
		DW_AT_decl_line : DW_FORM_data1 = 48 [30]
		DW_AT_prototyped : DW_FORM_flag_present = true
		DW_AT_type : DW_FORM_ref4 = 372 [0000000000000174]
		DW_AT_external : DW_FORM_flag_present = true
 (DWARFFunctionImporter)  
ERROR Error when processing DWARF information for DIE 202 (DWARFFunctionImporter) java.lang.NullPointerException: Cannot invoke "ghidra.app.util.bin.format.dwarf.DWARFRegisterMappings.getStackFrameRegisterOffset()" because the return value of "ghidra.app.util.bin.format.dwarf.DWARFProgram.getRegisterMappings()" is null
	at ghidra.app.util.bin.format.dwarf.DWARFFunction.read(DWARFFunction.java:108)
	at ghidra.app.util.bin.format.dwarf.DWARFFunctionImporter.processSubprogram(DWARFFunctionImporter.java:161)
	at ghidra.app.util.bin.format.dwarf.DWARFFunctionImporter.importFunctions(DWARFFunctionImporter.java:111)
	at ghidra.app.util.bin.format.dwarf.DWARFImporter.performImport(DWARFImporter.java:409)
	at ghidra.app.plugin.core.analysis.DWARFAnalyzer.added(DWARFAnalyzer.java:113)
	at ghidra.app.plugin.core.analysis.AnalysisScheduler.runAnalyzer(AnalysisScheduler.java:186)
	at ghidra.app.plugin.core.analysis.AnalysisTask.applyTo(AnalysisTask.java:37)
	at ghidra.app.plugin.core.analysis.AnalysisTask.applyTo(AnalysisTask.java:24)
	at ghidra.app.plugin.core.analysis.AutoAnalysisManager$AnalysisTaskWrapper.run(AutoAnalysisManager.java:660)
	at ghidra.app.plugin.core.analysis.AutoAnalysisManager.startAnalysis(AutoAnalysisManager.java:760)
	at ghidra.app.plugin.core.analysis.AutoAnalysisManager.startAnalysis(AutoAnalysisManager.java:639)
	at ghidra.app.plugin.core.analysis.AutoAnalysisManager.startAnalysis(AutoAnalysisManager.java:604)
	at ghidra.app.util.headless.HeadlessAnalyzer.analyzeProgram(HeadlessAnalyzer.java:1053)
	at ghidra.app.util.headless.HeadlessAnalyzer.processFileWithImport(HeadlessAnalyzer.java:1584)
	at ghidra.app.util.headless.HeadlessAnalyzer.processWithLoader(HeadlessAnalyzer.java:1744)
	at ghidra.app.util.headless.HeadlessAnalyzer.processWithImport(HeadlessAnalyzer.java:1685)
	at ghidra.app.util.headless.HeadlessAnalyzer.processWithImport(HeadlessAnalyzer.java:1769)
	at ghidra.app.util.headless.HeadlessAnalyzer.processLocal(HeadlessAnalyzer.java:462)
	at ghidra.app.util.headless.AnalyzeHeadless.launch(AnalyzeHeadless.java:199)
	at ghidra.GhidraLauncher.launch(GhidraLauncher.java:81)
	at ghidra.Ghidra.main(Ghidra.java:54)
 
INFO  DIE info:
DIEAgregrate of: DIE [0x202], 
<1><202>: DW_TAG_subprogram [abbrev 20, tag 46, index 54, children 8]
		DW_AT_low_pc : DW_FORM_addr, addr v4 0x1bec
		DW_AT_high_pc : DW_FORM_data4 = 112 [00000070]
		DW_AT_frame_base : DW_FORM_exprloc = [1]6e
		DW_AT_???? 8471 (0x2117) : DW_FORM_flag_present = true
		DW_AT_name : DW_FORM_strp = "_HAP_debug_v2" (offset 0x45b)
		DW_AT_decl_file : DW_FORM_data1 = 7 [07]
		DW_AT_decl_line : DW_FORM_data1 = 60 [3c]
		DW_AT_prototyped : DW_FORM_flag_present = true
 (DWARFFunctionImporter)  
ERROR Error when processing DWARF information for DIE 2c1 (DWARFFunctionImporter) java.lang.NullPointerException: Cannot invoke "ghidra.app.util.bin.format.dwarf.DWARFRegisterMappings.getStackFrameRegisterOffset()" because the return value of "ghidra.app.util.bin.format.dwarf.DWARFProgram.getRegisterMappings()" is null
	at ghidra.app.util.bin.format.dwarf.DWARFFunction.read(DWARFFunction.java:108)
	at ghidra.app.util.bin.format.dwarf.DWARFFunctionImporter.processSubprogram(DWARFFunctionImporter.java:161)
	at ghidra.app.util.bin.format.dwarf.DWARFFunctionImporter.importFunctions(DWARFFunctionImporter.java:111)
	at ghidra.app.util.bin.format.dwarf.DWARFImporter.performImport(DWARFImporter.java:409)
	at ghidra.app.plugin.core.analysis.DWARFAnalyzer.added(DWARFAnalyzer.java:113)
	at ghidra.app.plugin.core.analysis.AnalysisScheduler.runAnalyzer(AnalysisScheduler.java:186)
	at ghidra.app.plugin.core.analysis.AnalysisTask.applyTo(AnalysisTask.java:37)
	at ghidra.app.plugin.core.analysis.AnalysisTask.applyTo(AnalysisTask.java:24)
	at ghidra.app.plugin.core.analysis.AutoAnalysisManager$AnalysisTaskWrapper.run(AutoAnalysisManager.java:660)
	at ghidra.app.plugin.core.analysis.AutoAnalysisManager.startAnalysis(AutoAnalysisManager.java:760)
	at ghidra.app.plugin.core.analysis.AutoAnalysisManager.startAnalysis(AutoAnalysisManager.java:639)
	at ghidra.app.plugin.core.analysis.AutoAnalysisManager.startAnalysis(AutoAnalysisManager.java:604)
	at ghidra.app.util.headless.HeadlessAnalyzer.analyzeProgram(HeadlessAnalyzer.java:1053)
	at ghidra.app.util.headless.HeadlessAnalyzer.processFileWithImport(HeadlessAnalyzer.java:1584)
	at ghidra.app.util.headless.HeadlessAnalyzer.processWithLoader(HeadlessAnalyzer.java:1744)
	at ghidra.app.util.headless.HeadlessAnalyzer.processWithImport(HeadlessAnalyzer.java:1685)
	at ghidra.app.util.headless.HeadlessAnalyzer.processWithImport(HeadlessAnalyzer.java:1769)
	at ghidra.app.util.headless.HeadlessAnalyzer.processLocal(HeadlessAnalyzer.java:462)
	at ghidra.app.util.headless.AnalyzeHeadless.launch(AnalyzeHeadless.java:199)
	at ghidra.GhidraLauncher.launch(GhidraLauncher.java:81)
	at ghidra.Ghidra.main(Ghidra.java:54)
 
INFO  DIE info:
DIEAgregrate of: DIE [0x2c1], 
<1><2c1>: DW_TAG_subprogram [abbrev 14, tag 46, index 77, children 3]
		DW_AT_low_pc : DW_FORM_addr, addr v4 0x1c5c
		DW_AT_high_pc : DW_FORM_data4 = 140 [0000008c]
		DW_AT_frame_base : DW_FORM_exprloc = [1]6e
		DW_AT_???? 8471 (0x2117) : DW_FORM_flag_present = true
		DW_AT_name : DW_FORM_strp = "example_algo_close" (offset 0x469)
		DW_AT_decl_file : DW_FORM_data1 = 1 [01]
		DW_AT_decl_line : DW_FORM_data1 = 68 [44]
		DW_AT_prototyped : DW_FORM_flag_present = true
		DW_AT_type : DW_FORM_ref4 = 372 [0000000000000174]
		DW_AT_external : DW_FORM_flag_present = true
 (DWARFFunctionImporter)  
ERROR Error when processing DWARF information for DIE 3db (DWARFFunctionImporter) java.lang.NullPointerException: Cannot invoke "ghidra.app.util.bin.format.dwarf.DWARFRegisterMappings.getStackFrameRegisterOffset()" because the return value of "ghidra.app.util.bin.format.dwarf.DWARFProgram.getRegisterMappings()" is null
	at ghidra.app.util.bin.format.dwarf.DWARFFunction.read(DWARFFunction.java:108)
	at ghidra.app.util.bin.format.dwarf.DWARFFunctionImporter.processSubprogram(DWARFFunctionImporter.java:161)
	at ghidra.app.util.bin.format.dwarf.DWARFFunctionImporter.importFunctions(DWARFFunctionImporter.java:111)
	at ghidra.app.util.bin.format.dwarf.DWARFImporter.performImport(DWARFImporter.java:409)
	at ghidra.app.plugin.core.analysis.DWARFAnalyzer.added(DWARFAnalyzer.java:113)
	at ghidra.app.plugin.core.analysis.AnalysisScheduler.runAnalyzer(AnalysisScheduler.java:186)
	at ghidra.app.plugin.core.analysis.AnalysisTask.applyTo(AnalysisTask.java:37)
	at ghidra.app.plugin.core.analysis.AnalysisTask.applyTo(AnalysisTask.java:24)
	at ghidra.app.plugin.core.analysis.AutoAnalysisManager$AnalysisTaskWrapper.run(AutoAnalysisManager.java:660)
	at ghidra.app.plugin.core.analysis.AutoAnalysisManager.startAnalysis(AutoAnalysisManager.java:760)
	at ghidra.app.plugin.core.analysis.AutoAnalysisManager.startAnalysis(AutoAnalysisManager.java:639)
	at ghidra.app.plugin.core.analysis.AutoAnalysisManager.startAnalysis(AutoAnalysisManager.java:604)
	at ghidra.app.util.headless.HeadlessAnalyzer.analyzeProgram(HeadlessAnalyzer.java:1053)
	at ghidra.app.util.headless.HeadlessAnalyzer.processFileWithImport(HeadlessAnalyzer.java:1584)
	at ghidra.app.util.headless.HeadlessAnalyzer.processWithLoader(HeadlessAnalyzer.java:1744)
	at ghidra.app.util.headless.HeadlessAnalyzer.processWithImport(HeadlessAnalyzer.java:1685)
	at ghidra.app.util.headless.HeadlessAnalyzer.processWithImport(HeadlessAnalyzer.java:1769)
	at ghidra.app.util.headless.HeadlessAnalyzer.processLocal(HeadlessAnalyzer.java:462)
	at ghidra.app.util.headless.AnalyzeHeadless.launch(AnalyzeHeadless.java:199)
	at ghidra.GhidraLauncher.launch(GhidraLauncher.java:81)
	at ghidra.Ghidra.main(Ghidra.java:54)
 
INFO  DIE info:
DIEAgregrate of: DIE [0x3db], 
<1><3db>: DW_TAG_subprogram [abbrev 14, tag 46, index 102, children 55]
		DW_AT_low_pc : DW_FORM_addr, addr v4 0x1ce8
		DW_AT_high_pc : DW_FORM_data4 = 1812 [00000714]
		DW_AT_frame_base : DW_FORM_exprloc = [1]6e
		DW_AT_???? 8471 (0x2117) : DW_FORM_flag_present = true
		DW_AT_name : DW_FORM_strp = "example_algo_run" (offset 0x47c)
		DW_AT_decl_file : DW_FORM_data1 = 1 [01]
		DW_AT_decl_line : DW_FORM_data1 = -36 or 220 [dc]
		DW_AT_prototyped : DW_FORM_flag_present = true
		DW_AT_type : DW_FORM_ref4 = 372 [0000000000000174]
		DW_AT_external : DW_FORM_flag_present = true
 (DWARFFunctionImporter)  
ERROR Error when processing DWARF information for DIE cc7 (DWARFFunctionImporter) java.lang.NullPointerException: Cannot invoke "ghidra.app.util.bin.format.dwarf.DWARFRegisterMappings.getStackFrameRegisterOffset()" because the return value of "ghidra.app.util.bin.format.dwarf.DWARFProgram.getRegisterMappings()" is null
	at ghidra.app.util.bin.format.dwarf.DWARFFunction.read(DWARFFunction.java:108)
	at ghidra.app.util.bin.format.dwarf.DWARFFunctionImporter.processSubprogram(DWARFFunctionImporter.java:161)
	at ghidra.app.util.bin.format.dwarf.DWARFFunctionImporter.importFunctions(DWARFFunctionImporter.java:111)
	at ghidra.app.util.bin.format.dwarf.DWARFImporter.performImport(DWARFImporter.java:409)
	at ghidra.app.plugin.core.analysis.DWARFAnalyzer.added(DWARFAnalyzer.java:113)
	at ghidra.app.plugin.core.analysis.AnalysisScheduler.runAnalyzer(AnalysisScheduler.java:186)
	at ghidra.app.plugin.core.analysis.AnalysisTask.applyTo(AnalysisTask.java:37)
	at ghidra.app.plugin.core.analysis.AnalysisTask.applyTo(AnalysisTask.java:24)
	at ghidra.app.plugin.core.analysis.AutoAnalysisManager$AnalysisTaskWrapper.run(AutoAnalysisManager.java:660)
	at ghidra.app.plugin.core.analysis.AutoAnalysisManager.startAnalysis(AutoAnalysisManager.java:760)
	at ghidra.app.plugin.core.analysis.AutoAnalysisManager.startAnalysis(AutoAnalysisManager.java:639)
	at ghidra.app.plugin.core.analysis.AutoAnalysisManager.startAnalysis(AutoAnalysisManager.java:604)
	at ghidra.app.util.headless.HeadlessAnalyzer.analyzeProgram(HeadlessAnalyzer.java:1053)
	at ghidra.app.util.headless.HeadlessAnalyzer.processFileWithImport(HeadlessAnalyzer.java:1584)
	at ghidra.app.util.headless.HeadlessAnalyzer.processWithLoader(HeadlessAnalyzer.java:1744)
	at ghidra.app.util.headless.HeadlessAnalyzer.processWithImport(HeadlessAnalyzer.java:1685)
	at ghidra.app.util.headless.HeadlessAnalyzer.processWithImport(HeadlessAnalyzer.java:1769)
	at ghidra.app.util.headless.HeadlessAnalyzer.processLocal(HeadlessAnalyzer.java:462)
	at ghidra.app.util.headless.AnalyzeHeadless.launch(AnalyzeHeadless.java:199)
	at ghidra.GhidraLauncher.launch(GhidraLauncher.java:81)
	at ghidra.Ghidra.main(Ghidra.java:54)
 
INFO  DIE info:
DIEAgregrate of: DIE [0xcc7], 
<1><cc7>: DW_TAG_subprogram [abbrev 28, tag 46, index 353, children 8]
		DW_AT_low_pc : DW_FORM_addr, addr v4 0x2558
		DW_AT_high_pc : DW_FORM_data4 = 112 [00000070]
		DW_AT_frame_base : DW_FORM_exprloc = [1]6e
		DW_AT_???? 8471 (0x2117) : DW_FORM_flag_present = true
		DW_AT_name : DW_FORM_strp = "_HAP_debug_v2" (offset 0x45b)
		DW_AT_decl_file : DW_FORM_data1 = 11 [0b]
		DW_AT_decl_line : DW_FORM_data1 = 60 [3c]
		DW_AT_prototyped : DW_FORM_flag_present = true
 (DWARFFunctionImporter)  
ERROR Error when processing DWARF information for DIE dcb (DWARFFunctionImporter) java.lang.NullPointerException: Cannot invoke "ghidra.app.util.bin.format.dwarf.DWARFRegisterMappings.getStackFrameRegisterOffset()" because the return value of "ghidra.app.util.bin.format.dwarf.DWARFProgram.getRegisterMappings()" is null
	at ghidra.app.util.bin.format.dwarf.DWARFFunction.read(DWARFFunction.java:108)
	at ghidra.app.util.bin.format.dwarf.DWARFFunctionImporter.processSubprogram(DWARFFunctionImporter.java:161)
	at ghidra.app.util.bin.format.dwarf.DWARFFunctionImporter.importFunctions(DWARFFunctionImporter.java:111)
	at ghidra.app.util.bin.format.dwarf.DWARFImporter.performImport(DWARFImporter.java:409)
	at ghidra.app.plugin.core.analysis.DWARFAnalyzer.added(DWARFAnalyzer.java:113)
	at ghidra.app.plugin.core.analysis.AnalysisScheduler.runAnalyzer(AnalysisScheduler.java:186)
	at ghidra.app.plugin.core.analysis.AnalysisTask.applyTo(AnalysisTask.java:37)
	at ghidra.app.plugin.core.analysis.AnalysisTask.applyTo(AnalysisTask.java:24)
	at ghidra.app.plugin.core.analysis.AutoAnalysisManager$AnalysisTaskWrapper.run(AutoAnalysisManager.java:660)
	at ghidra.app.plugin.core.analysis.AutoAnalysisManager.startAnalysis(AutoAnalysisManager.java:760)
	at ghidra.app.plugin.core.analysis.AutoAnalysisManager.startAnalysis(AutoAnalysisManager.java:639)
	at ghidra.app.plugin.core.analysis.AutoAnalysisManager.startAnalysis(AutoAnalysisManager.java:604)
	at ghidra.app.util.headless.HeadlessAnalyzer.analyzeProgram(HeadlessAnalyzer.java:1053)
	at ghidra.app.util.headless.HeadlessAnalyzer.processFileWithImport(HeadlessAnalyzer.java:1584)
	at ghidra.app.util.headless.HeadlessAnalyzer.processWithLoader(HeadlessAnalyzer.java:1744)
	at ghidra.app.util.headless.HeadlessAnalyzer.processWithImport(HeadlessAnalyzer.java:1685)
	at ghidra.app.util.headless.HeadlessAnalyzer.processWithImport(HeadlessAnalyzer.java:1769)
	at ghidra.app.util.headless.HeadlessAnalyzer.processLocal(HeadlessAnalyzer.java:462)
	at ghidra.app.util.headless.AnalyzeHeadless.launch(AnalyzeHeadless.java:199)
	at ghidra.GhidraLauncher.launch(GhidraLauncher.java:81)
	at ghidra.Ghidra.main(Ghidra.java:54)
 
INFO  DIE info:
DIEAgregrate of: DIE [0xdcb], 
<1><dcb>: DW_TAG_subprogram [abbrev 28, tag 46, index 382, children 11]
		DW_AT_low_pc : DW_FORM_addr, addr v4 0x25c8
		DW_AT_high_pc : DW_FORM_data4 = 312 [00000138]
		DW_AT_frame_base : DW_FORM_exprloc = [1]6e
		DW_AT_???? 8471 (0x2117) : DW_FORM_flag_present = true
		DW_AT_name : DW_FORM_strp = "gaussian7x7_callback" (offset 0xb9c)
		DW_AT_decl_file : DW_FORM_data1 = 2 [02]
		DW_AT_decl_line : DW_FORM_data1 = 71 [47]
		DW_AT_prototyped : DW_FORM_flag_present = true
 (DWARFFunctionImporter)  
ERROR Error when processing DWARF information for DIE fca (DWARFFunctionImporter) java.lang.NullPointerException: Cannot invoke "ghidra.app.util.bin.format.dwarf.DWARFRegisterMappings.getStackFrameRegisterOffset()" because the return value of "ghidra.app.util.bin.format.dwarf.DWARFProgram.getRegisterMappings()" is null
	at ghidra.app.util.bin.format.dwarf.DWARFFunction.read(DWARFFunction.java:108)
	at ghidra.app.util.bin.format.dwarf.DWARFFunctionImporter.processSubprogram(DWARFFunctionImporter.java:161)
	at ghidra.app.util.bin.format.dwarf.DWARFFunctionImporter.importFunctions(DWARFFunctionImporter.java:111)
	at ghidra.app.util.bin.format.dwarf.DWARFImporter.performImport(DWARFImporter.java:409)
	at ghidra.app.plugin.core.analysis.DWARFAnalyzer.added(DWARFAnalyzer.java:113)
	at ghidra.app.plugin.core.analysis.AnalysisScheduler.runAnalyzer(AnalysisScheduler.java:186)
	at ghidra.app.plugin.core.analysis.AnalysisTask.applyTo(AnalysisTask.java:37)
	at ghidra.app.plugin.core.analysis.AnalysisTask.applyTo(AnalysisTask.java:24)
	at ghidra.app.plugin.core.analysis.AutoAnalysisManager$AnalysisTaskWrapper.run(AutoAnalysisManager.java:660)
	at ghidra.app.plugin.core.analysis.AutoAnalysisManager.startAnalysis(AutoAnalysisManager.java:760)
	at ghidra.app.plugin.core.analysis.AutoAnalysisManager.startAnalysis(AutoAnalysisManager.java:639)
	at ghidra.app.plugin.core.analysis.AutoAnalysisManager.startAnalysis(AutoAnalysisManager.java:604)
	at ghidra.app.util.headless.HeadlessAnalyzer.analyzeProgram(HeadlessAnalyzer.java:1053)
	at ghidra.app.util.headless.HeadlessAnalyzer.processFileWithImport(HeadlessAnalyzer.java:1584)
	at ghidra.app.util.headless.HeadlessAnalyzer.processWithLoader(HeadlessAnalyzer.java:1744)
	at ghidra.app.util.headless.HeadlessAnalyzer.processWithImport(HeadlessAnalyzer.java:1685)
	at ghidra.app.util.headless.HeadlessAnalyzer.processWithImport(HeadlessAnalyzer.java:1769)
	at ghidra.app.util.headless.HeadlessAnalyzer.processLocal(HeadlessAnalyzer.java:462)
	at ghidra.app.util.headless.AnalyzeHeadless.launch(AnalyzeHeadless.java:199)
	at ghidra.GhidraLauncher.launch(GhidraLauncher.java:81)
	at ghidra.Ghidra.main(Ghidra.java:54)
 
INFO  DIE info:
DIEAgregrate of: DIE [0xfca], 
<1><fca>: DW_TAG_subprogram [abbrev 44, tag 46, index 431, children 52]
		DW_AT_low_pc : DW_FORM_addr, addr v4 0x2700
		DW_AT_high_pc : DW_FORM_data4 = 2128 [00000850]
		DW_AT_frame_base : DW_FORM_exprloc = [1]6e
		DW_AT_???? 8471 (0x2117) : DW_FORM_flag_present = true
		DW_AT_name : DW_FORM_strp = "gaussian_main_thread" (offset 0xbb1)
		DW_AT_decl_file : DW_FORM_data1 = 2 [02]
		DW_AT_decl_line : DW_FORM_data1 = -35 or 221 [dd]
		DW_AT_prototyped : DW_FORM_flag_present = true
		DW_AT_external : DW_FORM_flag_present = true
 (DWARFFunctionImporter)  
ERROR Error when processing DWARF information for DIE b2e (DWARFFunctionImporter) java.lang.NullPointerException: Cannot invoke "ghidra.app.util.bin.format.dwarf.DWARFRegisterMappings.getStackFrameRegisterOffset()" because the return value of "ghidra.app.util.bin.format.dwarf.DWARFProgram.getRegisterMappings()" is null
	at ghidra.app.util.bin.format.dwarf.DWARFFunction.read(DWARFFunction.java:108)
	at ghidra.app.util.bin.format.dwarf.DWARFFunctionImporter.processSubprogram(DWARFFunctionImporter.java:161)
	at ghidra.app.util.bin.format.dwarf.DWARFFunctionImporter.importFunctions(DWARFFunctionImporter.java:111)
	at ghidra.app.util.bin.format.dwarf.DWARFImporter.performImport(DWARFImporter.java:409)
	at ghidra.app.plugin.core.analysis.DWARFAnalyzer.added(DWARFAnalyzer.java:113)
	at ghidra.app.plugin.core.analysis.AnalysisScheduler.runAnalyzer(AnalysisScheduler.java:186)
	at ghidra.app.plugin.core.analysis.AnalysisTask.applyTo(AnalysisTask.java:37)
	at ghidra.app.plugin.core.analysis.AnalysisTask.applyTo(AnalysisTask.java:24)
	at ghidra.app.plugin.core.analysis.AutoAnalysisManager$AnalysisTaskWrapper.run(AutoAnalysisManager.java:660)
	at ghidra.app.plugin.core.analysis.AutoAnalysisManager.startAnalysis(AutoAnalysisManager.java:760)
	at ghidra.app.plugin.core.analysis.AutoAnalysisManager.startAnalysis(AutoAnalysisManager.java:639)
	at ghidra.app.plugin.core.analysis.AutoAnalysisManager.startAnalysis(AutoAnalysisManager.java:604)
	at ghidra.app.util.headless.HeadlessAnalyzer.analyzeProgram(HeadlessAnalyzer.java:1053)
	at ghidra.app.util.headless.HeadlessAnalyzer.processFileWithImport(HeadlessAnalyzer.java:1584)
	at ghidra.app.util.headless.HeadlessAnalyzer.processWithLoader(HeadlessAnalyzer.java:1744)
	at ghidra.app.util.headless.HeadlessAnalyzer.processWithImport(HeadlessAnalyzer.java:1685)
	at ghidra.app.util.headless.HeadlessAnalyzer.processWithImport(HeadlessAnalyzer.java:1769)
	at ghidra.app.util.headless.HeadlessAnalyzer.processLocal(HeadlessAnalyzer.java:462)
	at ghidra.app.util.headless.AnalyzeHeadless.launch(AnalyzeHeadless.java:199)
	at ghidra.GhidraLauncher.launch(GhidraLauncher.java:81)
	at ghidra.Ghidra.main(Ghidra.java:54)
 
INFO  DIE info:
DIEAgregrate of: DIE [0xb2e], 
<1><b2e>: DW_TAG_subprogram [abbrev 19, tag 46, index 312, children 20]
		DW_AT_low_pc : DW_FORM_addr, addr v4 0x23fc
		DW_AT_high_pc : DW_FORM_data4 = 348 [0000015c]
		DW_AT_frame_base : DW_FORM_exprloc = [1]6e
		DW_AT_???? 8471 (0x2117) : DW_FORM_flag_present = true
		DW_AT_name : DW_FORM_strp = "gaussian7x7_Gaussian7x7u8" (offset 0x3e1)
		DW_AT_decl_file : DW_FORM_data1 = 2 [02]
		DW_AT_decl_line : DW_FORM_data1 = -115 or 141 [8d]
		DW_AT_prototyped : DW_FORM_flag_present = true
		DW_AT_type : DW_FORM_ref4 = 2543 [00000000000009ef]
		DW_AT_external : DW_FORM_flag_present = true
 (DWARFFunctionImporter)  
ERROR Error when processing DWARF information for DIE 1390 (DWARFFunctionImporter) java.lang.NullPointerException: Cannot invoke "ghidra.app.util.bin.format.dwarf.DWARFRegisterMappings.getStackFrameRegisterOffset()" because the return value of "ghidra.app.util.bin.format.dwarf.DWARFProgram.getRegisterMappings()" is null
	at ghidra.app.util.bin.format.dwarf.DWARFFunction.read(DWARFFunction.java:108)
	at ghidra.app.util.bin.format.dwarf.DWARFFunctionImporter.processSubprogram(DWARFFunctionImporter.java:161)
	at ghidra.app.util.bin.format.dwarf.DWARFFunctionImporter.importFunctions(DWARFFunctionImporter.java:111)
	at ghidra.app.util.bin.format.dwarf.DWARFImporter.performImport(DWARFImporter.java:409)
	at ghidra.app.plugin.core.analysis.DWARFAnalyzer.added(DWARFAnalyzer.java:113)
	at ghidra.app.plugin.core.analysis.AnalysisScheduler.runAnalyzer(AnalysisScheduler.java:186)
	at ghidra.app.plugin.core.analysis.AnalysisTask.applyTo(AnalysisTask.java:37)
	at ghidra.app.plugin.core.analysis.AnalysisTask.applyTo(AnalysisTask.java:24)
	at ghidra.app.plugin.core.analysis.AutoAnalysisManager$AnalysisTaskWrapper.run(AutoAnalysisManager.java:660)
	at ghidra.app.plugin.core.analysis.AutoAnalysisManager.startAnalysis(AutoAnalysisManager.java:760)
	at ghidra.app.plugin.core.analysis.AutoAnalysisManager.startAnalysis(AutoAnalysisManager.java:639)
	at ghidra.app.plugin.core.analysis.AutoAnalysisManager.startAnalysis(AutoAnalysisManager.java:604)
	at ghidra.app.util.headless.HeadlessAnalyzer.analyzeProgram(HeadlessAnalyzer.java:1053)
	at ghidra.app.util.headless.HeadlessAnalyzer.processFileWithImport(HeadlessAnalyzer.java:1584)
	at ghidra.app.util.headless.HeadlessAnalyzer.processWithLoader(HeadlessAnalyzer.java:1744)
	at ghidra.app.util.headless.HeadlessAnalyzer.processWithImport(HeadlessAnalyzer.java:1685)
	at ghidra.app.util.headless.HeadlessAnalyzer.processWithImport(HeadlessAnalyzer.java:1769)
	at ghidra.app.util.headless.HeadlessAnalyzer.processLocal(HeadlessAnalyzer.java:462)
	at ghidra.app.util.headless.AnalyzeHeadless.launch(AnalyzeHeadless.java:199)
	at ghidra.GhidraLauncher.launch(GhidraLauncher.java:81)
	at ghidra.Ghidra.main(Ghidra.java:54)
 
INFO  DIE info:
DIEAgregrate of: DIE [0x1390], 
<1><1390>: DW_TAG_subprogram [abbrev 50, tag 46, index 541, children 8]
		DW_AT_low_pc : DW_FORM_addr, addr v4 0x2f58
		DW_AT_high_pc : DW_FORM_data4 = 264 [00000108]
		DW_AT_frame_base : DW_FORM_exprloc = [1]6e
		DW_AT_???? 8471 (0x2117) : DW_FORM_flag_present = true
		DW_AT_name : DW_FORM_strp = "algo_main" (offset 0xbc6)
		DW_AT_decl_file : DW_FORM_data1 = 2 [02]
		DW_AT_decl_line : DW_FORM_data2 = 366 [016e]
		DW_AT_prototyped : DW_FORM_flag_present = true
		DW_AT_external : DW_FORM_flag_present = true
 (DWARFFunctionImporter)  
ERROR Error when processing DWARF information for DIE 1610 (DWARFFunctionImporter) java.lang.NullPointerException: Cannot invoke "ghidra.app.util.bin.format.dwarf.DWARFRegisterMappings.getStackFrameRegisterOffset()" because the return value of "ghidra.app.util.bin.format.dwarf.DWARFProgram.getRegisterMappings()" is null
	at ghidra.app.util.bin.format.dwarf.DWARFFunction.read(DWARFFunction.java:108)
	at ghidra.app.util.bin.format.dwarf.DWARFFunctionImporter.processSubprogram(DWARFFunctionImporter.java:161)
	at ghidra.app.util.bin.format.dwarf.DWARFFunctionImporter.importFunctions(DWARFFunctionImporter.java:111)
	at ghidra.app.util.bin.format.dwarf.DWARFImporter.performImport(DWARFImporter.java:409)
	at ghidra.app.plugin.core.analysis.DWARFAnalyzer.added(DWARFAnalyzer.java:113)
	at ghidra.app.plugin.core.analysis.AnalysisScheduler.runAnalyzer(AnalysisScheduler.java:186)
	at ghidra.app.plugin.core.analysis.AnalysisTask.applyTo(AnalysisTask.java:37)
	at ghidra.app.plugin.core.analysis.AnalysisTask.applyTo(AnalysisTask.java:24)
	at ghidra.app.plugin.core.analysis.AutoAnalysisManager$AnalysisTaskWrapper.run(AutoAnalysisManager.java:660)
	at ghidra.app.plugin.core.analysis.AutoAnalysisManager.startAnalysis(AutoAnalysisManager.java:760)
	at ghidra.app.plugin.core.analysis.AutoAnalysisManager.startAnalysis(AutoAnalysisManager.java:639)
	at ghidra.app.plugin.core.analysis.AutoAnalysisManager.startAnalysis(AutoAnalysisManager.java:604)
	at ghidra.app.util.headless.HeadlessAnalyzer.analyzeProgram(HeadlessAnalyzer.java:1053)
	at ghidra.app.util.headless.HeadlessAnalyzer.processFileWithImport(HeadlessAnalyzer.java:1584)
	at ghidra.app.util.headless.HeadlessAnalyzer.processWithLoader(HeadlessAnalyzer.java:1744)
	at ghidra.app.util.headless.HeadlessAnalyzer.processWithImport(HeadlessAnalyzer.java:1685)
	at ghidra.app.util.headless.HeadlessAnalyzer.processWithImport(HeadlessAnalyzer.java:1769)
	at ghidra.app.util.headless.HeadlessAnalyzer.processLocal(HeadlessAnalyzer.java:462)
	at ghidra.app.util.headless.AnalyzeHeadless.launch(AnalyzeHeadless.java:199)
	at ghidra.GhidraLauncher.launch(GhidraLauncher.java:81)
	at ghidra.Ghidra.main(Ghidra.java:54)
 
INFO  DIE info:
DIEAgregrate of: DIE [0x1610], 
<1><1610>: DW_TAG_subprogram [abbrev 7, tag 46, index 604, children 0]
		DW_AT_low_pc : DW_FORM_addr, addr v4 0x3060
		DW_AT_high_pc : DW_FORM_data4 = 40 [00000028]
		DW_AT_frame_base : DW_FORM_exprloc = [1]6d
		DW_AT_???? 8471 (0x2117) : DW_FORM_flag_present = true
		DW_AT_name : DW_FORM_strp = "dspCV_hvx_reset_config" (offset 0xe69)
		DW_AT_decl_file : DW_FORM_data1 = 1 [01]
		DW_AT_decl_line : DW_FORM_data1 = 74 [4a]
		DW_AT_prototyped : DW_FORM_flag_present = true
		DW_AT_external : DW_FORM_flag_present = true
 (DWARFFunctionImporter)  
ERROR Error when processing DWARF information for DIE 16ab (DWARFFunctionImporter) java.lang.NullPointerException: Cannot invoke "ghidra.app.util.bin.format.dwarf.DWARFRegisterMappings.getStackFrameRegisterOffset()" because the return value of "ghidra.app.util.bin.format.dwarf.DWARFProgram.getRegisterMappings()" is null
	at ghidra.app.util.bin.format.dwarf.DWARFFunction.read(DWARFFunction.java:108)
	at ghidra.app.util.bin.format.dwarf.DWARFFunctionImporter.processSubprogram(DWARFFunctionImporter.java:161)
	at ghidra.app.util.bin.format.dwarf.DWARFFunctionImporter.importFunctions(DWARFFunctionImporter.java:111)
	at ghidra.app.util.bin.format.dwarf.DWARFImporter.performImport(DWARFImporter.java:409)
	at ghidra.app.plugin.core.analysis.DWARFAnalyzer.added(DWARFAnalyzer.java:113)
	at ghidra.app.plugin.core.analysis.AnalysisScheduler.runAnalyzer(AnalysisScheduler.java:186)
	at ghidra.app.plugin.core.analysis.AnalysisTask.applyTo(AnalysisTask.java:37)
	at ghidra.app.plugin.core.analysis.AnalysisTask.applyTo(AnalysisTask.java:24)
	at ghidra.app.plugin.core.analysis.AutoAnalysisManager$AnalysisTaskWrapper.run(AutoAnalysisManager.java:660)
	at ghidra.app.plugin.core.analysis.AutoAnalysisManager.startAnalysis(AutoAnalysisManager.java:760)
	at ghidra.app.plugin.core.analysis.AutoAnalysisManager.startAnalysis(AutoAnalysisManager.java:639)
	at ghidra.app.plugin.core.analysis.AutoAnalysisManager.startAnalysis(AutoAnalysisManager.java:604)
	at ghidra.app.util.headless.HeadlessAnalyzer.analyzeProgram(HeadlessAnalyzer.java:1053)
	at ghidra.app.util.headless.HeadlessAnalyzer.processFileWithImport(HeadlessAnalyzer.java:1584)
	at ghidra.app.util.headless.HeadlessAnalyzer.processWithLoader(HeadlessAnalyzer.java:1744)
	at ghidra.app.util.headless.HeadlessAnalyzer.processWithImport(HeadlessAnalyzer.java:1685)
	at ghidra.app.util.headless.HeadlessAnalyzer.processWithImport(HeadlessAnalyzer.java:1769)
	at ghidra.app.util.headless.HeadlessAnalyzer.processLocal(HeadlessAnalyzer.java:462)
	at ghidra.app.util.headless.AnalyzeHeadless.launch(AnalyzeHeadless.java:199)
	at ghidra.GhidraLauncher.launch(GhidraLauncher.java:81)
	at ghidra.Ghidra.main(Ghidra.java:54)
 
INFO  DIE info:
DIEAgregrate of: DIE [0x16ab], DIE [0x1780], 
<1><16ab>: DW_TAG_subprogram [abbrev 17, tag 46, index 616, children 0]
		DW_AT_low_pc : DW_FORM_addr, addr v4 0x3120
		DW_AT_high_pc : DW_FORM_data4 = 12 [0000000c]
		DW_AT_frame_base : DW_FORM_exprloc = [1]6d
		DW_AT_???? 8471 (0x2117) : DW_FORM_flag_present = true
		DW_AT_abstract_origin : DW_FORM_ref4 = 6016 [0000000000001780]
<1><1780>: DW_TAG_subprogram [abbrev 20, tag 46, index 631, children 0]
		DW_AT_name : DW_FORM_strp = "dspCV_hvx_num_reserved" (offset 0xe52)
		DW_AT_decl_file : DW_FORM_data1 = 1 [01]
		DW_AT_decl_line : DW_FORM_data1 = -125 or 131 [83]
		DW_AT_prototyped : DW_FORM_flag_present = true
		DW_AT_type : DW_FORM_ref4 = 5533 [000000000000159d]
		DW_AT_external : DW_FORM_flag_present = true
		DW_AT_inline : DW_FORM_data1 = 1 [01]
 (DWARFFunctionImporter)  
ERROR Error when processing DWARF information for DIE 16ba (DWARFFunctionImporter) java.lang.NullPointerException: Cannot invoke "ghidra.app.util.bin.format.dwarf.DWARFRegisterMappings.getStackFrameRegisterOffset()" because the return value of "ghidra.app.util.bin.format.dwarf.DWARFProgram.getRegisterMappings()" is null
	at ghidra.app.util.bin.format.dwarf.DWARFFunction.read(DWARFFunction.java:108)
	at ghidra.app.util.bin.format.dwarf.DWARFFunctionImporter.processSubprogram(DWARFFunctionImporter.java:161)
	at ghidra.app.util.bin.format.dwarf.DWARFFunctionImporter.importFunctions(DWARFFunctionImporter.java:111)
	at ghidra.app.util.bin.format.dwarf.DWARFImporter.performImport(DWARFImporter.java:409)
	at ghidra.app.plugin.core.analysis.DWARFAnalyzer.added(DWARFAnalyzer.java:113)
	at ghidra.app.plugin.core.analysis.AnalysisScheduler.runAnalyzer(AnalysisScheduler.java:186)
	at ghidra.app.plugin.core.analysis.AnalysisTask.applyTo(AnalysisTask.java:37)
	at ghidra.app.plugin.core.analysis.AnalysisTask.applyTo(AnalysisTask.java:24)
	at ghidra.app.plugin.core.analysis.AutoAnalysisManager$AnalysisTaskWrapper.run(AutoAnalysisManager.java:660)
	at ghidra.app.plugin.core.analysis.AutoAnalysisManager.startAnalysis(AutoAnalysisManager.java:760)
	at ghidra.app.plugin.core.analysis.AutoAnalysisManager.startAnalysis(AutoAnalysisManager.java:639)
	at ghidra.app.plugin.core.analysis.AutoAnalysisManager.startAnalysis(AutoAnalysisManager.java:604)
	at ghidra.app.util.headless.HeadlessAnalyzer.analyzeProgram(HeadlessAnalyzer.java:1053)
	at ghidra.app.util.headless.HeadlessAnalyzer.processFileWithImport(HeadlessAnalyzer.java:1584)
	at ghidra.app.util.headless.HeadlessAnalyzer.processWithLoader(HeadlessAnalyzer.java:1744)
	at ghidra.app.util.headless.HeadlessAnalyzer.processWithImport(HeadlessAnalyzer.java:1685)
	at ghidra.app.util.headless.HeadlessAnalyzer.processWithImport(HeadlessAnalyzer.java:1769)
	at ghidra.app.util.headless.HeadlessAnalyzer.processLocal(HeadlessAnalyzer.java:462)
	at ghidra.app.util.headless.AnalyzeHeadless.launch(AnalyzeHeadless.java:199)
	at ghidra.GhidraLauncher.launch(GhidraLauncher.java:81)
	at ghidra.Ghidra.main(Ghidra.java:54)
 
INFO  DIE info:
DIEAgregrate of: DIE [0x16ba], 
<1><16ba>: DW_TAG_subprogram [abbrev 18, tag 46, index 617, children 0]
		DW_AT_low_pc : DW_FORM_addr, addr v4 0x312c
		DW_AT_high_pc : DW_FORM_data4 = 4 [00000004]
		DW_AT_frame_base : DW_FORM_exprloc = [1]6d
		DW_AT_???? 8471 (0x2117) : DW_FORM_flag_present = true
		DW_AT_name : DW_FORM_strp = "dspCV_hvx_power_on" (offset 0xea6)
		DW_AT_decl_file : DW_FORM_data1 = 1 [01]
		DW_AT_decl_line : DW_FORM_data1 = -119 or 137 [89]
		DW_AT_prototyped : DW_FORM_flag_present = true
		DW_AT_type : DW_FORM_ref4 = 5533 [000000000000159d]
		DW_AT_external : DW_FORM_flag_present = true
 (DWARFFunctionImporter)  
ERROR Error when processing DWARF information for DIE 16cf (DWARFFunctionImporter) java.lang.NullPointerException: Cannot invoke "ghidra.app.util.bin.format.dwarf.DWARFRegisterMappings.getStackFrameRegisterOffset()" because the return value of "ghidra.app.util.bin.format.dwarf.DWARFProgram.getRegisterMappings()" is null
	at ghidra.app.util.bin.format.dwarf.DWARFFunction.read(DWARFFunction.java:108)
	at ghidra.app.util.bin.format.dwarf.DWARFFunctionImporter.processSubprogram(DWARFFunctionImporter.java:161)
	at ghidra.app.util.bin.format.dwarf.DWARFFunctionImporter.importFunctions(DWARFFunctionImporter.java:111)
	at ghidra.app.util.bin.format.dwarf.DWARFImporter.performImport(DWARFImporter.java:409)
	at ghidra.app.plugin.core.analysis.DWARFAnalyzer.added(DWARFAnalyzer.java:113)
	at ghidra.app.plugin.core.analysis.AnalysisScheduler.runAnalyzer(AnalysisScheduler.java:186)
	at ghidra.app.plugin.core.analysis.AnalysisTask.applyTo(AnalysisTask.java:37)
	at ghidra.app.plugin.core.analysis.AnalysisTask.applyTo(AnalysisTask.java:24)
	at ghidra.app.plugin.core.analysis.AutoAnalysisManager$AnalysisTaskWrapper.run(AutoAnalysisManager.java:660)
	at ghidra.app.plugin.core.analysis.AutoAnalysisManager.startAnalysis(AutoAnalysisManager.java:760)
	at ghidra.app.plugin.core.analysis.AutoAnalysisManager.startAnalysis(AutoAnalysisManager.java:639)
	at ghidra.app.plugin.core.analysis.AutoAnalysisManager.startAnalysis(AutoAnalysisManager.java:604)
	at ghidra.app.util.headless.HeadlessAnalyzer.analyzeProgram(HeadlessAnalyzer.java:1053)
	at ghidra.app.util.headless.HeadlessAnalyzer.processFileWithImport(HeadlessAnalyzer.java:1584)
	at ghidra.app.util.headless.HeadlessAnalyzer.processWithLoader(HeadlessAnalyzer.java:1744)
	at ghidra.app.util.headless.HeadlessAnalyzer.processWithImport(HeadlessAnalyzer.java:1685)
	at ghidra.app.util.headless.HeadlessAnalyzer.processWithImport(HeadlessAnalyzer.java:1769)
	at ghidra.app.util.headless.HeadlessAnalyzer.processLocal(HeadlessAnalyzer.java:462)
	at ghidra.app.util.headless.AnalyzeHeadless.launch(AnalyzeHeadless.java:199)
	at ghidra.GhidraLauncher.launch(GhidraLauncher.java:81)
	at ghidra.Ghidra.main(Ghidra.java:54)
 
INFO  DIE info:
DIEAgregrate of: DIE [0x16cf], 
<1><16cf>: DW_TAG_subprogram [abbrev 7, tag 46, index 618, children 0]
		DW_AT_low_pc : DW_FORM_addr, addr v4 0x3130
		DW_AT_high_pc : DW_FORM_data4 = 4 [00000004]
		DW_AT_frame_base : DW_FORM_exprloc = [1]6d
		DW_AT_???? 8471 (0x2117) : DW_FORM_flag_present = true
		DW_AT_name : DW_FORM_strp = "dspCV_hvx_power_off" (offset 0xeb9)
		DW_AT_decl_file : DW_FORM_data1 = 1 [01]
		DW_AT_decl_line : DW_FORM_data1 = -112 or 144 [90]
		DW_AT_prototyped : DW_FORM_flag_present = true
		DW_AT_external : DW_FORM_flag_present = true
 (DWARFFunctionImporter)  
ERROR Error when processing DWARF information for DIE 16e0 (DWARFFunctionImporter) java.lang.NullPointerException: Cannot invoke "ghidra.app.util.bin.format.dwarf.DWARFRegisterMappings.getStackFrameRegisterOffset()" because the return value of "ghidra.app.util.bin.format.dwarf.DWARFProgram.getRegisterMappings()" is null
	at ghidra.app.util.bin.format.dwarf.DWARFFunction.read(DWARFFunction.java:108)
	at ghidra.app.util.bin.format.dwarf.DWARFFunctionImporter.processSubprogram(DWARFFunctionImporter.java:161)
	at ghidra.app.util.bin.format.dwarf.DWARFFunctionImporter.importFunctions(DWARFFunctionImporter.java:111)
	at ghidra.app.util.bin.format.dwarf.DWARFImporter.performImport(DWARFImporter.java:409)
	at ghidra.app.plugin.core.analysis.DWARFAnalyzer.added(DWARFAnalyzer.java:113)
	at ghidra.app.plugin.core.analysis.AnalysisScheduler.runAnalyzer(AnalysisScheduler.java:186)
	at ghidra.app.plugin.core.analysis.AnalysisTask.applyTo(AnalysisTask.java:37)
	at ghidra.app.plugin.core.analysis.AnalysisTask.applyTo(AnalysisTask.java:24)
	at ghidra.app.plugin.core.analysis.AutoAnalysisManager$AnalysisTaskWrapper.run(AutoAnalysisManager.java:660)
	at ghidra.app.plugin.core.analysis.AutoAnalysisManager.startAnalysis(AutoAnalysisManager.java:760)
	at ghidra.app.plugin.core.analysis.AutoAnalysisManager.startAnalysis(AutoAnalysisManager.java:639)
	at ghidra.app.plugin.core.analysis.AutoAnalysisManager.startAnalysis(AutoAnalysisManager.java:604)
	at ghidra.app.util.headless.HeadlessAnalyzer.analyzeProgram(HeadlessAnalyzer.java:1053)
	at ghidra.app.util.headless.HeadlessAnalyzer.processFileWithImport(HeadlessAnalyzer.java:1584)
	at ghidra.app.util.headless.HeadlessAnalyzer.processWithLoader(HeadlessAnalyzer.java:1744)
	at ghidra.app.util.headless.HeadlessAnalyzer.processWithImport(HeadlessAnalyzer.java:1685)
	at ghidra.app.util.headless.HeadlessAnalyzer.processWithImport(HeadlessAnalyzer.java:1769)
	at ghidra.app.util.headless.HeadlessAnalyzer.processLocal(HeadlessAnalyzer.java:462)
	at ghidra.app.util.headless.AnalyzeHeadless.launch(AnalyzeHeadless.java:199)
	at ghidra.GhidraLauncher.launch(GhidraLauncher.java:81)
	at ghidra.Ghidra.main(Ghidra.java:54)
 
INFO  DIE info:
DIEAgregrate of: DIE [0x16e0], 
<1><16e0>: DW_TAG_subprogram [abbrev 8, tag 46, index 619, children 7]
		DW_AT_low_pc : DW_FORM_addr, addr v4 0x3134
		DW_AT_high_pc : DW_FORM_data4 = 144 [00000090]
		DW_AT_frame_base : DW_FORM_exprloc = [1]6e
		DW_AT_???? 8471 (0x2117) : DW_FORM_flag_present = true
		DW_AT_name : DW_FORM_strp = "dspCV_hvx_lock" (offset 0xa06)
		DW_AT_decl_file : DW_FORM_data1 = 1 [01]
		DW_AT_decl_line : DW_FORM_data1 = -106 or 150 [96]
		DW_AT_prototyped : DW_FORM_flag_present = true
		DW_AT_type : DW_FORM_ref4 = 5533 [000000000000159d]
		DW_AT_external : DW_FORM_flag_present = true
 (DWARFFunctionImporter)  
ERROR Error when processing DWARF information for DIE 176f (DWARFFunctionImporter) java.lang.NullPointerException: Cannot invoke "ghidra.app.util.bin.format.dwarf.DWARFRegisterMappings.getStackFrameRegisterOffset()" because the return value of "ghidra.app.util.bin.format.dwarf.DWARFProgram.getRegisterMappings()" is null
	at ghidra.app.util.bin.format.dwarf.DWARFFunction.read(DWARFFunction.java:108)
	at ghidra.app.util.bin.format.dwarf.DWARFFunctionImporter.processSubprogram(DWARFFunctionImporter.java:161)
	at ghidra.app.util.bin.format.dwarf.DWARFFunctionImporter.importFunctions(DWARFFunctionImporter.java:111)
	at ghidra.app.util.bin.format.dwarf.DWARFImporter.performImport(DWARFImporter.java:409)
	at ghidra.app.plugin.core.analysis.DWARFAnalyzer.added(DWARFAnalyzer.java:113)
	at ghidra.app.plugin.core.analysis.AnalysisScheduler.runAnalyzer(AnalysisScheduler.java:186)
	at ghidra.app.plugin.core.analysis.AnalysisTask.applyTo(AnalysisTask.java:37)
	at ghidra.app.plugin.core.analysis.AnalysisTask.applyTo(AnalysisTask.java:24)
	at ghidra.app.plugin.core.analysis.AutoAnalysisManager$AnalysisTaskWrapper.run(AutoAnalysisManager.java:660)
	at ghidra.app.plugin.core.analysis.AutoAnalysisManager.startAnalysis(AutoAnalysisManager.java:760)
	at ghidra.app.plugin.core.analysis.AutoAnalysisManager.startAnalysis(AutoAnalysisManager.java:639)
	at ghidra.app.plugin.core.analysis.AutoAnalysisManager.startAnalysis(AutoAnalysisManager.java:604)
	at ghidra.app.util.headless.HeadlessAnalyzer.analyzeProgram(HeadlessAnalyzer.java:1053)
	at ghidra.app.util.headless.HeadlessAnalyzer.processFileWithImport(HeadlessAnalyzer.java:1584)
	at ghidra.app.util.headless.HeadlessAnalyzer.processWithLoader(HeadlessAnalyzer.java:1744)
	at ghidra.app.util.headless.HeadlessAnalyzer.processWithImport(HeadlessAnalyzer.java:1685)
	at ghidra.app.util.headless.HeadlessAnalyzer.processWithImport(HeadlessAnalyzer.java:1769)
	at ghidra.app.util.headless.HeadlessAnalyzer.processLocal(HeadlessAnalyzer.java:462)
	at ghidra.app.util.headless.AnalyzeHeadless.launch(AnalyzeHeadless.java:199)
	at ghidra.GhidraLauncher.launch(GhidraLauncher.java:81)
	at ghidra.Ghidra.main(Ghidra.java:54)
 
INFO  DIE info:
DIEAgregrate of: DIE [0x176f], 
<1><176f>: DW_TAG_subprogram [abbrev 7, tag 46, index 630, children 0]
		DW_AT_low_pc : DW_FORM_addr, addr v4 0x31c4
		DW_AT_high_pc : DW_FORM_data4 = 4 [00000004]
		DW_AT_frame_base : DW_FORM_exprloc = [1]6d
		DW_AT_???? 8471 (0x2117) : DW_FORM_flag_present = true
		DW_AT_name : DW_FORM_strp = "dspCV_hvx_unlock" (offset 0xa29)
		DW_AT_decl_file : DW_FORM_data1 = 1 [01]
		DW_AT_decl_line : DW_FORM_data1 = -31 or 225 [e1]
		DW_AT_prototyped : DW_FORM_flag_present = true
		DW_AT_external : DW_FORM_flag_present = true
 (DWARFFunctionImporter)  
ERROR Error when processing DWARF information for DIE 178c (DWARFFunctionImporter) java.lang.NullPointerException: Cannot invoke "ghidra.app.util.bin.format.dwarf.DWARFRegisterMappings.getStackFrameRegisterOffset()" because the return value of "ghidra.app.util.bin.format.dwarf.DWARFProgram.getRegisterMappings()" is null
	at ghidra.app.util.bin.format.dwarf.DWARFFunction.read(DWARFFunction.java:108)
	at ghidra.app.util.bin.format.dwarf.DWARFFunctionImporter.processSubprogram(DWARFFunctionImporter.java:161)
	at ghidra.app.util.bin.format.dwarf.DWARFFunctionImporter.importFunctions(DWARFFunctionImporter.java:111)
	at ghidra.app.util.bin.format.dwarf.DWARFImporter.performImport(DWARFImporter.java:409)
	at ghidra.app.plugin.core.analysis.DWARFAnalyzer.added(DWARFAnalyzer.java:113)
	at ghidra.app.plugin.core.analysis.AnalysisScheduler.runAnalyzer(AnalysisScheduler.java:186)
	at ghidra.app.plugin.core.analysis.AnalysisTask.applyTo(AnalysisTask.java:37)
	at ghidra.app.plugin.core.analysis.AnalysisTask.applyTo(AnalysisTask.java:24)
	at ghidra.app.plugin.core.analysis.AutoAnalysisManager$AnalysisTaskWrapper.run(AutoAnalysisManager.java:660)
	at ghidra.app.plugin.core.analysis.AutoAnalysisManager.startAnalysis(AutoAnalysisManager.java:760)
	at ghidra.app.plugin.core.analysis.AutoAnalysisManager.startAnalysis(AutoAnalysisManager.java:639)
	at ghidra.app.plugin.core.analysis.AutoAnalysisManager.startAnalysis(AutoAnalysisManager.java:604)
	at ghidra.app.util.headless.HeadlessAnalyzer.analyzeProgram(HeadlessAnalyzer.java:1053)
	at ghidra.app.util.headless.HeadlessAnalyzer.processFileWithImport(HeadlessAnalyzer.java:1584)
	at ghidra.app.util.headless.HeadlessAnalyzer.processWithLoader(HeadlessAnalyzer.java:1744)
	at ghidra.app.util.headless.HeadlessAnalyzer.processWithImport(HeadlessAnalyzer.java:1685)
	at ghidra.app.util.headless.HeadlessAnalyzer.processWithImport(HeadlessAnalyzer.java:1769)
	at ghidra.app.util.headless.HeadlessAnalyzer.processLocal(HeadlessAnalyzer.java:462)
	at ghidra.app.util.headless.AnalyzeHeadless.launch(AnalyzeHeadless.java:199)
	at ghidra.GhidraLauncher.launch(GhidraLauncher.java:81)
	at ghidra.Ghidra.main(Ghidra.java:54)
 
INFO  DIE info:
DIEAgregrate of: DIE [0x178c], 
<1><178c>: DW_TAG_subprogram [abbrev 15, tag 46, index 632, children 4]
		DW_AT_low_pc : DW_FORM_addr, addr v4 0x31c8
		DW_AT_high_pc : DW_FORM_data4 = 196 [000000c4]
		DW_AT_frame_base : DW_FORM_exprloc = [1]6e
		DW_AT_???? 8471 (0x2117) : DW_FORM_flag_present = true
		DW_AT_name : DW_FORM_strp = "dspCV_hvx_prepare_mt_job" (offset 0x91e)
		DW_AT_decl_file : DW_FORM_data1 = 1 [01]
		DW_AT_decl_line : DW_FORM_data1 = -21 or 235 [eb]
		DW_AT_prototyped : DW_FORM_flag_present = true
		DW_AT_external : DW_FORM_flag_present = true
 (DWARFFunctionImporter)  
ERROR Error when processing DWARF information for DIE 1621 (DWARFFunctionImporter) java.lang.NullPointerException: Cannot invoke "ghidra.app.util.bin.format.dwarf.DWARFRegisterMappings.getStackFrameRegisterOffset()" because the return value of "ghidra.app.util.bin.format.dwarf.DWARFProgram.getRegisterMappings()" is null
	at ghidra.app.util.bin.format.dwarf.DWARFFunction.read(DWARFFunction.java:108)
	at ghidra.app.util.bin.format.dwarf.DWARFFunctionImporter.processSubprogram(DWARFFunctionImporter.java:161)
	at ghidra.app.util.bin.format.dwarf.DWARFFunctionImporter.importFunctions(DWARFFunctionImporter.java:111)
	at ghidra.app.util.bin.format.dwarf.DWARFImporter.performImport(DWARFImporter.java:409)
	at ghidra.app.plugin.core.analysis.DWARFAnalyzer.added(DWARFAnalyzer.java:113)
	at ghidra.app.plugin.core.analysis.AnalysisScheduler.runAnalyzer(AnalysisScheduler.java:186)
	at ghidra.app.plugin.core.analysis.AnalysisTask.applyTo(AnalysisTask.java:37)
	at ghidra.app.plugin.core.analysis.AnalysisTask.applyTo(AnalysisTask.java:24)
	at ghidra.app.plugin.core.analysis.AutoAnalysisManager$AnalysisTaskWrapper.run(AutoAnalysisManager.java:660)
	at ghidra.app.plugin.core.analysis.AutoAnalysisManager.startAnalysis(AutoAnalysisManager.java:760)
	at ghidra.app.plugin.core.analysis.AutoAnalysisManager.startAnalysis(AutoAnalysisManager.java:639)
	at ghidra.app.plugin.core.analysis.AutoAnalysisManager.startAnalysis(AutoAnalysisManager.java:604)
	at ghidra.app.util.headless.HeadlessAnalyzer.analyzeProgram(HeadlessAnalyzer.java:1053)
	at ghidra.app.util.headless.HeadlessAnalyzer.processFileWithImport(HeadlessAnalyzer.java:1584)
	at ghidra.app.util.headless.HeadlessAnalyzer.processWithLoader(HeadlessAnalyzer.java:1744)
	at ghidra.app.util.headless.HeadlessAnalyzer.processWithImport(HeadlessAnalyzer.java:1685)
	at ghidra.app.util.headless.HeadlessAnalyzer.processWithImport(HeadlessAnalyzer.java:1769)
	at ghidra.app.util.headless.HeadlessAnalyzer.processLocal(HeadlessAnalyzer.java:462)
	at ghidra.app.util.headless.AnalyzeHeadless.launch(AnalyzeHeadless.java:199)
	at ghidra.GhidraLauncher.launch(GhidraLauncher.java:81)
	at ghidra.Ghidra.main(Ghidra.java:54)
 
INFO  DIE info:
DIEAgregrate of: DIE [0x1621], 
<1><1621>: DW_TAG_subprogram [abbrev 8, tag 46, index 605, children 4]
		DW_AT_low_pc : DW_FORM_addr, addr v4 0x3088
		DW_AT_high_pc : DW_FORM_data4 = 128 [00000080]
		DW_AT_frame_base : DW_FORM_exprloc = [1]6e
		DW_AT_???? 8471 (0x2117) : DW_FORM_flag_present = true
		DW_AT_name : DW_FORM_strp = "dspCV_hvx_reserve" (offset 0xe80)
		DW_AT_decl_file : DW_FORM_data1 = 1 [01]
		DW_AT_decl_line : DW_FORM_data1 = 82 [52]
		DW_AT_prototyped : DW_FORM_flag_present = true
		DW_AT_type : DW_FORM_ref4 = 5533 [000000000000159d]
		DW_AT_external : DW_FORM_flag_present = true
 (DWARFFunctionImporter)  
ERROR Error when processing DWARF information for DIE 1684 (DWARFFunctionImporter) java.lang.NullPointerException: Cannot invoke "ghidra.app.util.bin.format.dwarf.DWARFRegisterMappings.getStackFrameRegisterOffset()" because the return value of "ghidra.app.util.bin.format.dwarf.DWARFProgram.getRegisterMappings()" is null
	at ghidra.app.util.bin.format.dwarf.DWARFFunction.read(DWARFFunction.java:108)
	at ghidra.app.util.bin.format.dwarf.DWARFFunctionImporter.processSubprogram(DWARFFunctionImporter.java:161)
	at ghidra.app.util.bin.format.dwarf.DWARFFunctionImporter.importFunctions(DWARFFunctionImporter.java:111)
	at ghidra.app.util.bin.format.dwarf.DWARFImporter.performImport(DWARFImporter.java:409)
	at ghidra.app.plugin.core.analysis.DWARFAnalyzer.added(DWARFAnalyzer.java:113)
	at ghidra.app.plugin.core.analysis.AnalysisScheduler.runAnalyzer(AnalysisScheduler.java:186)
	at ghidra.app.plugin.core.analysis.AnalysisTask.applyTo(AnalysisTask.java:37)
	at ghidra.app.plugin.core.analysis.AnalysisTask.applyTo(AnalysisTask.java:24)
	at ghidra.app.plugin.core.analysis.AutoAnalysisManager$AnalysisTaskWrapper.run(AutoAnalysisManager.java:660)
	at ghidra.app.plugin.core.analysis.AutoAnalysisManager.startAnalysis(AutoAnalysisManager.java:760)
	at ghidra.app.plugin.core.analysis.AutoAnalysisManager.startAnalysis(AutoAnalysisManager.java:639)
	at ghidra.app.plugin.core.analysis.AutoAnalysisManager.startAnalysis(AutoAnalysisManager.java:604)
	at ghidra.app.util.headless.HeadlessAnalyzer.analyzeProgram(HeadlessAnalyzer.java:1053)
	at ghidra.app.util.headless.HeadlessAnalyzer.processFileWithImport(HeadlessAnalyzer.java:1584)
	at ghidra.app.util.headless.HeadlessAnalyzer.processWithLoader(HeadlessAnalyzer.java:1744)
	at ghidra.app.util.headless.HeadlessAnalyzer.processWithImport(HeadlessAnalyzer.java:1685)
	at ghidra.app.util.headless.HeadlessAnalyzer.processWithImport(HeadlessAnalyzer.java:1769)
	at ghidra.app.util.headless.HeadlessAnalyzer.processLocal(HeadlessAnalyzer.java:462)
	at ghidra.app.util.headless.AnalyzeHeadless.launch(AnalyzeHeadless.java:199)
	at ghidra.GhidraLauncher.launch(GhidraLauncher.java:81)
	at ghidra.Ghidra.main(Ghidra.java:54)
 
INFO  DIE info:
DIEAgregrate of: DIE [0x1684], 
<1><1684>: DW_TAG_subprogram [abbrev 15, tag 46, index 613, children 1]
		DW_AT_low_pc : DW_FORM_addr, addr v4 0x3108
		DW_AT_high_pc : DW_FORM_data4 = 24 [00000018]
		DW_AT_frame_base : DW_FORM_exprloc = [1]6e
		DW_AT_???? 8471 (0x2117) : DW_FORM_flag_present = true
		DW_AT_name : DW_FORM_strp = "dspCV_hvx_unreserve" (offset 0xe92)
		DW_AT_decl_file : DW_FORM_data1 = 1 [01]
		DW_AT_decl_line : DW_FORM_data1 = 120 [78]
		DW_AT_prototyped : DW_FORM_flag_present = true
		DW_AT_external : DW_FORM_flag_present = true
 (DWARFFunctionImporter)  
ERROR Error when processing DWARF information for DIE 17cf (DWARFFunctionImporter) java.lang.NullPointerException: Cannot invoke "ghidra.app.util.bin.format.dwarf.DWARFRegisterMappings.getStackFrameRegisterOffset()" because the return value of "ghidra.app.util.bin.format.dwarf.DWARFProgram.getRegisterMappings()" is null
	at ghidra.app.util.bin.format.dwarf.DWARFFunction.read(DWARFFunction.java:108)
	at ghidra.app.util.bin.format.dwarf.DWARFFunctionImporter.processSubprogram(DWARFFunctionImporter.java:161)
	at ghidra.app.util.bin.format.dwarf.DWARFFunctionImporter.importFunctions(DWARFFunctionImporter.java:111)
	at ghidra.app.util.bin.format.dwarf.DWARFImporter.performImport(DWARFImporter.java:409)
	at ghidra.app.plugin.core.analysis.DWARFAnalyzer.added(DWARFAnalyzer.java:113)
	at ghidra.app.plugin.core.analysis.AnalysisScheduler.runAnalyzer(AnalysisScheduler.java:186)
	at ghidra.app.plugin.core.analysis.AnalysisTask.applyTo(AnalysisTask.java:37)
	at ghidra.app.plugin.core.analysis.AnalysisTask.applyTo(AnalysisTask.java:24)
	at ghidra.app.plugin.core.analysis.AutoAnalysisManager$AnalysisTaskWrapper.run(AutoAnalysisManager.java:660)
	at ghidra.app.plugin.core.analysis.AutoAnalysisManager.startAnalysis(AutoAnalysisManager.java:760)
	at ghidra.app.plugin.core.analysis.AutoAnalysisManager.startAnalysis(AutoAnalysisManager.java:639)
	at ghidra.app.plugin.core.analysis.AutoAnalysisManager.startAnalysis(AutoAnalysisManager.java:604)
	at ghidra.app.util.headless.HeadlessAnalyzer.analyzeProgram(HeadlessAnalyzer.java:1053)
	at ghidra.app.util.headless.HeadlessAnalyzer.processFileWithImport(HeadlessAnalyzer.java:1584)
	at ghidra.app.util.headless.HeadlessAnalyzer.processWithLoader(HeadlessAnalyzer.java:1744)
	at ghidra.app.util.headless.HeadlessAnalyzer.processWithImport(HeadlessAnalyzer.java:1685)
	at ghidra.app.util.headless.HeadlessAnalyzer.processWithImport(HeadlessAnalyzer.java:1769)
	at ghidra.app.util.headless.HeadlessAnalyzer.processLocal(HeadlessAnalyzer.java:462)
	at ghidra.app.util.headless.AnalyzeHeadless.launch(AnalyzeHeadless.java:199)
	at ghidra.GhidraLauncher.launch(GhidraLauncher.java:81)
	at ghidra.Ghidra.main(Ghidra.java:54)
 
INFO  DIE info:
DIEAgregrate of: DIE [0x17cf], 
<1><17cf>: DW_TAG_subprogram [abbrev 22, tag 46, index 637, children 1]
		DW_AT_low_pc : DW_FORM_addr, addr v4 0x328c
		DW_AT_high_pc : DW_FORM_data4 = 16 [00000010]
		DW_AT_frame_base : DW_FORM_exprloc = [1]6d
		DW_AT_???? 8471 (0x2117) : DW_FORM_flag_present = true
		DW_AT_name : DW_FORM_strp = "dspCV_hvx_cleanup_mt_job" (offset 0x9b4)
		DW_AT_decl_file : DW_FORM_data1 = 1 [01]
		DW_AT_decl_line : DW_FORM_data2 = 294 [0126]
		DW_AT_prototyped : DW_FORM_flag_present = true
		DW_AT_external : DW_FORM_flag_present = true
 (DWARFFunctionImporter)  
ERROR Error when processing DWARF information for DIE 17f0 (DWARFFunctionImporter) java.lang.NullPointerException: Cannot invoke "ghidra.app.util.bin.format.dwarf.DWARFRegisterMappings.getStackFrameRegisterOffset()" because the return value of "ghidra.app.util.bin.format.dwarf.DWARFProgram.getRegisterMappings()" is null
	at ghidra.app.util.bin.format.dwarf.DWARFFunction.read(DWARFFunction.java:108)
	at ghidra.app.util.bin.format.dwarf.DWARFFunctionImporter.processSubprogram(DWARFFunctionImporter.java:161)
	at ghidra.app.util.bin.format.dwarf.DWARFFunctionImporter.importFunctions(DWARFFunctionImporter.java:111)
	at ghidra.app.util.bin.format.dwarf.DWARFImporter.performImport(DWARFImporter.java:409)
	at ghidra.app.plugin.core.analysis.DWARFAnalyzer.added(DWARFAnalyzer.java:113)
	at ghidra.app.plugin.core.analysis.AnalysisScheduler.runAnalyzer(AnalysisScheduler.java:186)
	at ghidra.app.plugin.core.analysis.AnalysisTask.applyTo(AnalysisTask.java:37)
	at ghidra.app.plugin.core.analysis.AnalysisTask.applyTo(AnalysisTask.java:24)
	at ghidra.app.plugin.core.analysis.AutoAnalysisManager$AnalysisTaskWrapper.run(AutoAnalysisManager.java:660)
	at ghidra.app.plugin.core.analysis.AutoAnalysisManager.startAnalysis(AutoAnalysisManager.java:760)
	at ghidra.app.plugin.core.analysis.AutoAnalysisManager.startAnalysis(AutoAnalysisManager.java:639)
	at ghidra.app.plugin.core.analysis.AutoAnalysisManager.startAnalysis(AutoAnalysisManager.java:604)
	at ghidra.app.util.headless.HeadlessAnalyzer.analyzeProgram(HeadlessAnalyzer.java:1053)
	at ghidra.app.util.headless.HeadlessAnalyzer.processFileWithImport(HeadlessAnalyzer.java:1584)
	at ghidra.app.util.headless.HeadlessAnalyzer.processWithLoader(HeadlessAnalyzer.java:1744)
	at ghidra.app.util.headless.HeadlessAnalyzer.processWithImport(HeadlessAnalyzer.java:1685)
	at ghidra.app.util.headless.HeadlessAnalyzer.processWithImport(HeadlessAnalyzer.java:1769)
	at ghidra.app.util.headless.HeadlessAnalyzer.processLocal(HeadlessAnalyzer.java:462)
	at ghidra.app.util.headless.AnalyzeHeadless.launch(AnalyzeHeadless.java:199)
	at ghidra.GhidraLauncher.launch(GhidraLauncher.java:81)
	at ghidra.Ghidra.main(Ghidra.java:54)
 
INFO  DIE info:
DIEAgregrate of: DIE [0x17f0], 
<1><17f0>: DW_TAG_subprogram [abbrev 24, tag 46, index 639, children 0]
		DW_AT_low_pc : DW_FORM_addr, addr v4 0x329c
		DW_AT_high_pc : DW_FORM_data4 = 16 [00000010]
		DW_AT_frame_base : DW_FORM_exprloc = [1]6d
		DW_AT_???? 8471 (0x2117) : DW_FORM_flag_present = true
		DW_AT_name : DW_FORM_strp = "dspCV_hvx_disable" (offset 0xecd)
		DW_AT_decl_file : DW_FORM_data1 = 1 [01]
		DW_AT_decl_line : DW_FORM_data2 = 305 [0131]
		DW_AT_prototyped : DW_FORM_flag_present = true
		DW_AT_external : DW_FORM_flag_present = true
 (DWARFFunctionImporter)  
ERROR Error when processing DWARF information for DIE 1802 (DWARFFunctionImporter) java.lang.NullPointerException: Cannot invoke "ghidra.app.util.bin.format.dwarf.DWARFRegisterMappings.getStackFrameRegisterOffset()" because the return value of "ghidra.app.util.bin.format.dwarf.DWARFProgram.getRegisterMappings()" is null
	at ghidra.app.util.bin.format.dwarf.DWARFFunction.read(DWARFFunction.java:108)
	at ghidra.app.util.bin.format.dwarf.DWARFFunctionImporter.processSubprogram(DWARFFunctionImporter.java:161)
	at ghidra.app.util.bin.format.dwarf.DWARFFunctionImporter.importFunctions(DWARFFunctionImporter.java:111)
	at ghidra.app.util.bin.format.dwarf.DWARFImporter.performImport(DWARFImporter.java:409)
	at ghidra.app.plugin.core.analysis.DWARFAnalyzer.added(DWARFAnalyzer.java:113)
	at ghidra.app.plugin.core.analysis.AnalysisScheduler.runAnalyzer(AnalysisScheduler.java:186)
	at ghidra.app.plugin.core.analysis.AnalysisTask.applyTo(AnalysisTask.java:37)
	at ghidra.app.plugin.core.analysis.AnalysisTask.applyTo(AnalysisTask.java:24)
	at ghidra.app.plugin.core.analysis.AutoAnalysisManager$AnalysisTaskWrapper.run(AutoAnalysisManager.java:660)
	at ghidra.app.plugin.core.analysis.AutoAnalysisManager.startAnalysis(AutoAnalysisManager.java:760)
	at ghidra.app.plugin.core.analysis.AutoAnalysisManager.startAnalysis(AutoAnalysisManager.java:639)
	at ghidra.app.plugin.core.analysis.AutoAnalysisManager.startAnalysis(AutoAnalysisManager.java:604)
	at ghidra.app.util.headless.HeadlessAnalyzer.analyzeProgram(HeadlessAnalyzer.java:1053)
	at ghidra.app.util.headless.HeadlessAnalyzer.processFileWithImport(HeadlessAnalyzer.java:1584)
	at ghidra.app.util.headless.HeadlessAnalyzer.processWithLoader(HeadlessAnalyzer.java:1744)
	at ghidra.app.util.headless.HeadlessAnalyzer.processWithImport(HeadlessAnalyzer.java:1685)
	at ghidra.app.util.headless.HeadlessAnalyzer.processWithImport(HeadlessAnalyzer.java:1769)
	at ghidra.app.util.headless.HeadlessAnalyzer.processLocal(HeadlessAnalyzer.java:462)
	at ghidra.app.util.headless.AnalyzeHeadless.launch(AnalyzeHeadless.java:199)
	at ghidra.GhidraLauncher.launch(GhidraLauncher.java:81)
	at ghidra.Ghidra.main(Ghidra.java:54)
 
INFO  DIE info:
DIEAgregrate of: DIE [0x1802], 
<1><1802>: DW_TAG_subprogram [abbrev 24, tag 46, index 640, children 0]
		DW_AT_low_pc : DW_FORM_addr, addr v4 0x32ac
		DW_AT_high_pc : DW_FORM_data4 = 16 [00000010]
		DW_AT_frame_base : DW_FORM_exprloc = [1]6d
		DW_AT_???? 8471 (0x2117) : DW_FORM_flag_present = true
		DW_AT_name : DW_FORM_strp = "dspCV_hvx_enable" (offset 0xedf)
		DW_AT_decl_file : DW_FORM_data1 = 1 [01]
		DW_AT_decl_line : DW_FORM_data2 = 311 [0137]
		DW_AT_prototyped : DW_FORM_flag_present = true
		DW_AT_external : DW_FORM_flag_present = true
 (DWARFFunctionImporter)  
ERROR Error when processing DWARF information for DIE 1814 (DWARFFunctionImporter) java.lang.NullPointerException: Cannot invoke "ghidra.app.util.bin.format.dwarf.DWARFRegisterMappings.getStackFrameRegisterOffset()" because the return value of "ghidra.app.util.bin.format.dwarf.DWARFProgram.getRegisterMappings()" is null
	at ghidra.app.util.bin.format.dwarf.DWARFFunction.read(DWARFFunction.java:108)
	at ghidra.app.util.bin.format.dwarf.DWARFFunctionImporter.processSubprogram(DWARFFunctionImporter.java:161)
	at ghidra.app.util.bin.format.dwarf.DWARFFunctionImporter.importFunctions(DWARFFunctionImporter.java:111)
	at ghidra.app.util.bin.format.dwarf.DWARFImporter.performImport(DWARFImporter.java:409)
	at ghidra.app.plugin.core.analysis.DWARFAnalyzer.added(DWARFAnalyzer.java:113)
	at ghidra.app.plugin.core.analysis.AnalysisScheduler.runAnalyzer(AnalysisScheduler.java:186)
	at ghidra.app.plugin.core.analysis.AnalysisTask.applyTo(AnalysisTask.java:37)
	at ghidra.app.plugin.core.analysis.AnalysisTask.applyTo(AnalysisTask.java:24)
	at ghidra.app.plugin.core.analysis.AutoAnalysisManager$AnalysisTaskWrapper.run(AutoAnalysisManager.java:660)
	at ghidra.app.plugin.core.analysis.AutoAnalysisManager.startAnalysis(AutoAnalysisManager.java:760)
	at ghidra.app.plugin.core.analysis.AutoAnalysisManager.startAnalysis(AutoAnalysisManager.java:639)
	at ghidra.app.plugin.core.analysis.AutoAnalysisManager.startAnalysis(AutoAnalysisManager.java:604)
	at ghidra.app.util.headless.HeadlessAnalyzer.analyzeProgram(HeadlessAnalyzer.java:1053)
	at ghidra.app.util.headless.HeadlessAnalyzer.processFileWithImport(HeadlessAnalyzer.java:1584)
	at ghidra.app.util.headless.HeadlessAnalyzer.processWithLoader(HeadlessAnalyzer.java:1744)
	at ghidra.app.util.headless.HeadlessAnalyzer.processWithImport(HeadlessAnalyzer.java:1685)
	at ghidra.app.util.headless.HeadlessAnalyzer.processWithImport(HeadlessAnalyzer.java:1769)
	at ghidra.app.util.headless.HeadlessAnalyzer.processLocal(HeadlessAnalyzer.java:462)
	at ghidra.app.util.headless.AnalyzeHeadless.launch(AnalyzeHeadless.java:199)
	at ghidra.GhidraLauncher.launch(GhidraLauncher.java:81)
	at ghidra.Ghidra.main(Ghidra.java:54)
 
INFO  DIE info:
DIEAgregrate of: DIE [0x1814], 
<1><1814>: DW_TAG_subprogram [abbrev 22, tag 46, index 641, children 1]
		DW_AT_low_pc : DW_FORM_addr, addr v4 0x32bc
		DW_AT_high_pc : DW_FORM_data4 = 16 [00000010]
		DW_AT_frame_base : DW_FORM_exprloc = [1]6d
		DW_AT_???? 8471 (0x2117) : DW_FORM_flag_present = true
		DW_AT_name : DW_FORM_strp = "dspCV_hvx_set_default_mode" (offset 0xef0)
		DW_AT_decl_file : DW_FORM_data1 = 1 [01]
		DW_AT_decl_line : DW_FORM_data2 = 317 [013d]
		DW_AT_prototyped : DW_FORM_flag_present = true
		DW_AT_external : DW_FORM_flag_present = true
 (DWARFFunctionImporter)  
ERROR Error when processing DWARF information for DIE 1d7d (DWARFFunctionImporter) java.lang.NullPointerException: Cannot invoke "ghidra.app.util.bin.format.dwarf.DWARFRegisterMappings.getStackFrameRegisterOffset()" because the return value of "ghidra.app.util.bin.format.dwarf.DWARFProgram.getRegisterMappings()" is null
	at ghidra.app.util.bin.format.dwarf.DWARFFunction.read(DWARFFunction.java:108)
	at ghidra.app.util.bin.format.dwarf.DWARFFunctionImporter.processSubprogram(DWARFFunctionImporter.java:161)
	at ghidra.app.util.bin.format.dwarf.DWARFFunctionImporter.importFunctions(DWARFFunctionImporter.java:111)
	at ghidra.app.util.bin.format.dwarf.DWARFImporter.performImport(DWARFImporter.java:409)
	at ghidra.app.plugin.core.analysis.DWARFAnalyzer.added(DWARFAnalyzer.java:113)
	at ghidra.app.plugin.core.analysis.AnalysisScheduler.runAnalyzer(AnalysisScheduler.java:186)
	at ghidra.app.plugin.core.analysis.AnalysisTask.applyTo(AnalysisTask.java:37)
	at ghidra.app.plugin.core.analysis.AnalysisTask.applyTo(AnalysisTask.java:24)
	at ghidra.app.plugin.core.analysis.AutoAnalysisManager$AnalysisTaskWrapper.run(AutoAnalysisManager.java:660)
	at ghidra.app.plugin.core.analysis.AutoAnalysisManager.startAnalysis(AutoAnalysisManager.java:760)
	at ghidra.app.plugin.core.analysis.AutoAnalysisManager.startAnalysis(AutoAnalysisManager.java:639)
	at ghidra.app.plugin.core.analysis.AutoAnalysisManager.startAnalysis(AutoAnalysisManager.java:604)
	at ghidra.app.util.headless.HeadlessAnalyzer.analyzeProgram(HeadlessAnalyzer.java:1053)
	at ghidra.app.util.headless.HeadlessAnalyzer.processFileWithImport(HeadlessAnalyzer.java:1584)
	at ghidra.app.util.headless.HeadlessAnalyzer.processWithLoader(HeadlessAnalyzer.java:1744)
	at ghidra.app.util.headless.HeadlessAnalyzer.processWithImport(HeadlessAnalyzer.java:1685)
	at ghidra.app.util.headless.HeadlessAnalyzer.processWithImport(HeadlessAnalyzer.java:1769)
	at ghidra.app.util.headless.HeadlessAnalyzer.processLocal(HeadlessAnalyzer.java:462)
	at ghidra.app.util.headless.AnalyzeHeadless.launch(AnalyzeHeadless.java:199)
	at ghidra.GhidraLauncher.launch(GhidraLauncher.java:81)
	at ghidra.Ghidra.main(Ghidra.java:54)
 
INFO  DIE info:
DIEAgregrate of: DIE [0x1d7d], 
<1><1d7d>: DW_TAG_subprogram [abbrev 31, tag 46, index 777, children 20]
		DW_AT_low_pc : DW_FORM_addr, addr v4 0x32cc
		DW_AT_high_pc : DW_FORM_data4 = 560 [00000230]
		DW_AT_frame_base : DW_FORM_exprloc = [1]6e
		DW_AT_???? 8471 (0x2117) : DW_FORM_flag_present = true
		DW_AT_linkage_name : DW_FORM_strp = "_Z24dspCV_worker_constructorv" (offset 0x15ec)
		DW_AT_name : DW_FORM_strp = "dspCV_worker_constructor" (offset 0x160a)
		DW_AT_decl_file : DW_FORM_data1 = 1 [01]
		DW_AT_decl_line : DW_FORM_data1 = -66 or 190 [be]
		DW_AT_external : DW_FORM_flag_present = true
 (DWARFFunctionImporter)  
ERROR Error when processing DWARF information for DIE 1f46 (DWARFFunctionImporter) java.lang.NullPointerException: Cannot invoke "ghidra.app.util.bin.format.dwarf.DWARFRegisterMappings.getStackFrameRegisterOffset()" because the return value of "ghidra.app.util.bin.format.dwarf.DWARFProgram.getRegisterMappings()" is null
	at ghidra.app.util.bin.format.dwarf.DWARFFunction.read(DWARFFunction.java:108)
	at ghidra.app.util.bin.format.dwarf.DWARFFunctionImporter.processSubprogram(DWARFFunctionImporter.java:161)
	at ghidra.app.util.bin.format.dwarf.DWARFFunctionImporter.importFunctions(DWARFFunctionImporter.java:111)
	at ghidra.app.util.bin.format.dwarf.DWARFImporter.performImport(DWARFImporter.java:409)
	at ghidra.app.plugin.core.analysis.DWARFAnalyzer.added(DWARFAnalyzer.java:113)
	at ghidra.app.plugin.core.analysis.AnalysisScheduler.runAnalyzer(AnalysisScheduler.java:186)
	at ghidra.app.plugin.core.analysis.AnalysisTask.applyTo(AnalysisTask.java:37)
	at ghidra.app.plugin.core.analysis.AnalysisTask.applyTo(AnalysisTask.java:24)
	at ghidra.app.plugin.core.analysis.AutoAnalysisManager$AnalysisTaskWrapper.run(AutoAnalysisManager.java:660)
	at ghidra.app.plugin.core.analysis.AutoAnalysisManager.startAnalysis(AutoAnalysisManager.java:760)
	at ghidra.app.plugin.core.analysis.AutoAnalysisManager.startAnalysis(AutoAnalysisManager.java:639)
	at ghidra.app.plugin.core.analysis.AutoAnalysisManager.startAnalysis(AutoAnalysisManager.java:604)
	at ghidra.app.util.headless.HeadlessAnalyzer.analyzeProgram(HeadlessAnalyzer.java:1053)
	at ghidra.app.util.headless.HeadlessAnalyzer.processFileWithImport(HeadlessAnalyzer.java:1584)
	at ghidra.app.util.headless.HeadlessAnalyzer.processWithLoader(HeadlessAnalyzer.java:1744)
	at ghidra.app.util.headless.HeadlessAnalyzer.processWithImport(HeadlessAnalyzer.java:1685)
	at ghidra.app.util.headless.HeadlessAnalyzer.processWithImport(HeadlessAnalyzer.java:1769)
	at ghidra.app.util.headless.HeadlessAnalyzer.processLocal(HeadlessAnalyzer.java:462)
	at ghidra.app.util.headless.AnalyzeHeadless.launch(AnalyzeHeadless.java:199)
	at ghidra.GhidraLauncher.launch(GhidraLauncher.java:81)
	at ghidra.Ghidra.main(Ghidra.java:54)
 
INFO  DIE info:
DIEAgregrate of: DIE [0x1f46], 
<1><1f46>: DW_TAG_subprogram [abbrev 45, tag 46, index 817, children 1]
		DW_AT_low_pc : DW_FORM_addr, addr v4 0x3a40
		DW_AT_high_pc : DW_FORM_data4 = 60 [0000003c]
		DW_AT_frame_base : DW_FORM_exprloc = [1]6d
		DW_AT_linkage_name : DW_FORM_strp = "_Z24dspCV_worker_constructorv.llvmint.extracted_region" (offset 0x17c1)
		DW_AT_name : DW_FORM_strp = "_Z24dspCV_worker_constructorv.llvmint.extracted_region" (offset 0x17c1)
 (DWARFFunctionImporter)  
ERROR Error when processing DWARF information for DIE 1fec (DWARFFunctionImporter) java.lang.NullPointerException: Cannot invoke "ghidra.app.util.bin.format.dwarf.DWARFRegisterMappings.getStackFrameRegisterOffset()" because the return value of "ghidra.app.util.bin.format.dwarf.DWARFProgram.getRegisterMappings()" is null
	at ghidra.app.util.bin.format.dwarf.DWARFFunction.read(DWARFFunction.java:108)
	at ghidra.app.util.bin.format.dwarf.DWARFFunctionImporter.processSubprogram(DWARFFunctionImporter.java:161)
	at ghidra.app.util.bin.format.dwarf.DWARFFunctionImporter.importFunctions(DWARFFunctionImporter.java:111)
	at ghidra.app.util.bin.format.dwarf.DWARFImporter.performImport(DWARFImporter.java:409)
	at ghidra.app.plugin.core.analysis.DWARFAnalyzer.added(DWARFAnalyzer.java:113)
	at ghidra.app.plugin.core.analysis.AnalysisScheduler.runAnalyzer(AnalysisScheduler.java:186)
	at ghidra.app.plugin.core.analysis.AnalysisTask.applyTo(AnalysisTask.java:37)
	at ghidra.app.plugin.core.analysis.AnalysisTask.applyTo(AnalysisTask.java:24)
	at ghidra.app.plugin.core.analysis.AutoAnalysisManager$AnalysisTaskWrapper.run(AutoAnalysisManager.java:660)
	at ghidra.app.plugin.core.analysis.AutoAnalysisManager.startAnalysis(AutoAnalysisManager.java:760)
	at ghidra.app.plugin.core.analysis.AutoAnalysisManager.startAnalysis(AutoAnalysisManager.java:639)
	at ghidra.app.plugin.core.analysis.AutoAnalysisManager.startAnalysis(AutoAnalysisManager.java:604)
	at ghidra.app.util.headless.HeadlessAnalyzer.analyzeProgram(HeadlessAnalyzer.java:1053)
	at ghidra.app.util.headless.HeadlessAnalyzer.processFileWithImport(HeadlessAnalyzer.java:1584)
	at ghidra.app.util.headless.HeadlessAnalyzer.processWithLoader(HeadlessAnalyzer.java:1744)
	at ghidra.app.util.headless.HeadlessAnalyzer.processWithImport(HeadlessAnalyzer.java:1685)
	at ghidra.app.util.headless.HeadlessAnalyzer.processWithImport(HeadlessAnalyzer.java:1769)
	at ghidra.app.util.headless.HeadlessAnalyzer.processLocal(HeadlessAnalyzer.java:462)
	at ghidra.app.util.headless.AnalyzeHeadless.launch(AnalyzeHeadless.java:199)
	at ghidra.GhidraLauncher.launch(GhidraLauncher.java:81)
	at ghidra.Ghidra.main(Ghidra.java:54)
 
INFO  DIE info:
DIEAgregrate of: DIE [0x1fec], 
<1><1fec>: DW_TAG_subprogram [abbrev 49, tag 46, index 838, children 9]
		DW_AT_low_pc : DW_FORM_addr, addr v4 0x35a0
		DW_AT_high_pc : DW_FORM_data4 = 156 [0000009c]
		DW_AT_frame_base : DW_FORM_exprloc = [1]6e
		DW_AT_???? 8471 (0x2117) : DW_FORM_flag_present = true
		DW_AT_linkage_name : DW_FORM_strp = "_ZL32dspCV_worker_pool_deinit_contextP19dspCV_worker_pool_t" (offset 0x164e)
		DW_AT_name : DW_FORM_strp = "dspCV_worker_pool_deinit_context" (offset 0x168a)
		DW_AT_decl_file : DW_FORM_data1 = 1 [01]
		DW_AT_decl_line : DW_FORM_data1 = -93 or 163 [a3]
 (DWARFFunctionImporter)  
ERROR Error when processing DWARF information for DIE 20fd (DWARFFunctionImporter) java.lang.NullPointerException: Cannot invoke "ghidra.app.util.bin.format.dwarf.DWARFRegisterMappings.getStackFrameRegisterOffset()" because the return value of "ghidra.app.util.bin.format.dwarf.DWARFProgram.getRegisterMappings()" is null
	at ghidra.app.util.bin.format.dwarf.DWARFFunction.read(DWARFFunction.java:108)
	at ghidra.app.util.bin.format.dwarf.DWARFFunctionImporter.processSubprogram(DWARFFunctionImporter.java:161)
	at ghidra.app.util.bin.format.dwarf.DWARFFunctionImporter.importFunctions(DWARFFunctionImporter.java:111)
	at ghidra.app.util.bin.format.dwarf.DWARFImporter.performImport(DWARFImporter.java:409)
	at ghidra.app.plugin.core.analysis.DWARFAnalyzer.added(DWARFAnalyzer.java:113)
	at ghidra.app.plugin.core.analysis.AnalysisScheduler.runAnalyzer(AnalysisScheduler.java:186)
	at ghidra.app.plugin.core.analysis.AnalysisTask.applyTo(AnalysisTask.java:37)
	at ghidra.app.plugin.core.analysis.AnalysisTask.applyTo(AnalysisTask.java:24)
	at ghidra.app.plugin.core.analysis.AutoAnalysisManager$AnalysisTaskWrapper.run(AutoAnalysisManager.java:660)
	at ghidra.app.plugin.core.analysis.AutoAnalysisManager.startAnalysis(AutoAnalysisManager.java:760)
	at ghidra.app.plugin.core.analysis.AutoAnalysisManager.startAnalysis(AutoAnalysisManager.java:639)
	at ghidra.app.plugin.core.analysis.AutoAnalysisManager.startAnalysis(AutoAnalysisManager.java:604)
	at ghidra.app.util.headless.HeadlessAnalyzer.analyzeProgram(HeadlessAnalyzer.java:1053)
	at ghidra.app.util.headless.HeadlessAnalyzer.processFileWithImport(HeadlessAnalyzer.java:1584)
	at ghidra.app.util.headless.HeadlessAnalyzer.processWithLoader(HeadlessAnalyzer.java:1744)
	at ghidra.app.util.headless.HeadlessAnalyzer.processWithImport(HeadlessAnalyzer.java:1685)
	at ghidra.app.util.headless.HeadlessAnalyzer.processWithImport(HeadlessAnalyzer.java:1769)
	at ghidra.app.util.headless.HeadlessAnalyzer.processLocal(HeadlessAnalyzer.java:462)
	at ghidra.app.util.headless.AnalyzeHeadless.launch(AnalyzeHeadless.java:199)
	at ghidra.GhidraLauncher.launch(GhidraLauncher.java:81)
	at ghidra.Ghidra.main(Ghidra.java:54)
 
INFO  DIE info:
DIEAgregrate of: DIE [0x20fd], 
<1><20fd>: DW_TAG_subprogram [abbrev 49, tag 46, index 860, children 15]
		DW_AT_low_pc : DW_FORM_addr, addr v4 0x34fc
		DW_AT_high_pc : DW_FORM_data4 = 164 [000000a4]
		DW_AT_frame_base : DW_FORM_exprloc = [1]6e
		DW_AT_???? 8471 (0x2117) : DW_FORM_flag_present = true
		DW_AT_linkage_name : DW_FORM_strp = "_ZL17dspCV_worker_mainPv" (offset 0x1623)
		DW_AT_name : DW_FORM_strp = "dspCV_worker_main" (offset 0x163c)
		DW_AT_decl_file : DW_FORM_data1 = 1 [01]
		DW_AT_decl_line : DW_FORM_data1 = 124 [7c]
 (DWARFFunctionImporter)  
ERROR Error when processing DWARF information for DIE 22c7 (DWARFFunctionImporter) java.lang.NullPointerException: Cannot invoke "ghidra.app.util.bin.format.dwarf.DWARFRegisterMappings.getStackFrameRegisterOffset()" because the return value of "ghidra.app.util.bin.format.dwarf.DWARFProgram.getRegisterMappings()" is null
	at ghidra.app.util.bin.format.dwarf.DWARFFunction.read(DWARFFunction.java:108)
	at ghidra.app.util.bin.format.dwarf.DWARFFunctionImporter.processSubprogram(DWARFFunctionImporter.java:161)
	at ghidra.app.util.bin.format.dwarf.DWARFFunctionImporter.importFunctions(DWARFFunctionImporter.java:111)
	at ghidra.app.util.bin.format.dwarf.DWARFImporter.performImport(DWARFImporter.java:409)
	at ghidra.app.plugin.core.analysis.DWARFAnalyzer.added(DWARFAnalyzer.java:113)
	at ghidra.app.plugin.core.analysis.AnalysisScheduler.runAnalyzer(AnalysisScheduler.java:186)
	at ghidra.app.plugin.core.analysis.AnalysisTask.applyTo(AnalysisTask.java:37)
	at ghidra.app.plugin.core.analysis.AnalysisTask.applyTo(AnalysisTask.java:24)
	at ghidra.app.plugin.core.analysis.AutoAnalysisManager$AnalysisTaskWrapper.run(AutoAnalysisManager.java:660)
	at ghidra.app.plugin.core.analysis.AutoAnalysisManager.startAnalysis(AutoAnalysisManager.java:760)
	at ghidra.app.plugin.core.analysis.AutoAnalysisManager.startAnalysis(AutoAnalysisManager.java:639)
	at ghidra.app.plugin.core.analysis.AutoAnalysisManager.startAnalysis(AutoAnalysisManager.java:604)
	at ghidra.app.util.headless.HeadlessAnalyzer.analyzeProgram(HeadlessAnalyzer.java:1053)
	at ghidra.app.util.headless.HeadlessAnalyzer.processFileWithImport(HeadlessAnalyzer.java:1584)
	at ghidra.app.util.headless.HeadlessAnalyzer.processWithLoader(HeadlessAnalyzer.java:1744)
	at ghidra.app.util.headless.HeadlessAnalyzer.processWithImport(HeadlessAnalyzer.java:1685)
	at ghidra.app.util.headless.HeadlessAnalyzer.processWithImport(HeadlessAnalyzer.java:1769)
	at ghidra.app.util.headless.HeadlessAnalyzer.processLocal(HeadlessAnalyzer.java:462)
	at ghidra.app.util.headless.AnalyzeHeadless.launch(AnalyzeHeadless.java:199)
	at ghidra.GhidraLauncher.launch(GhidraLauncher.java:81)
	at ghidra.Ghidra.main(Ghidra.java:54)
 
INFO  DIE info:
DIEAgregrate of: DIE [0x22c7], 
<1><22c7>: DW_TAG_subprogram [abbrev 54, tag 46, index 909, children 1]
		DW_AT_low_pc : DW_FORM_addr, addr v4 0x363c
		DW_AT_high_pc : DW_FORM_data4 = 16 [00000010]
		DW_AT_frame_base : DW_FORM_exprloc = [1]6d
		DW_AT_???? 8471 (0x2117) : DW_FORM_flag_present = true
		DW_AT_linkage_name : DW_FORM_strp = "_Z23dspCV_worker_destructorv" (offset 0x16ab)
		DW_AT_name : DW_FORM_strp = "dspCV_worker_destructor" (offset 0x16c8)
		DW_AT_decl_file : DW_FORM_data1 = 1 [01]
		DW_AT_decl_line : DW_FORM_data2 = 292 [0124]
		DW_AT_external : DW_FORM_flag_present = true
 (DWARFFunctionImporter)  
ERROR Error when processing DWARF information for DIE 22ee (DWARFFunctionImporter) java.lang.NullPointerException: Cannot invoke "ghidra.app.util.bin.format.dwarf.DWARFRegisterMappings.getStackFrameRegisterOffset()" because the return value of "ghidra.app.util.bin.format.dwarf.DWARFProgram.getRegisterMappings()" is null
	at ghidra.app.util.bin.format.dwarf.DWARFFunction.read(DWARFFunction.java:108)
	at ghidra.app.util.bin.format.dwarf.DWARFFunctionImporter.processSubprogram(DWARFFunctionImporter.java:161)
	at ghidra.app.util.bin.format.dwarf.DWARFFunctionImporter.importFunctions(DWARFFunctionImporter.java:111)
	at ghidra.app.util.bin.format.dwarf.DWARFImporter.performImport(DWARFImporter.java:409)
	at ghidra.app.plugin.core.analysis.DWARFAnalyzer.added(DWARFAnalyzer.java:113)
	at ghidra.app.plugin.core.analysis.AnalysisScheduler.runAnalyzer(AnalysisScheduler.java:186)
	at ghidra.app.plugin.core.analysis.AnalysisTask.applyTo(AnalysisTask.java:37)
	at ghidra.app.plugin.core.analysis.AnalysisTask.applyTo(AnalysisTask.java:24)
	at ghidra.app.plugin.core.analysis.AutoAnalysisManager$AnalysisTaskWrapper.run(AutoAnalysisManager.java:660)
	at ghidra.app.plugin.core.analysis.AutoAnalysisManager.startAnalysis(AutoAnalysisManager.java:760)
	at ghidra.app.plugin.core.analysis.AutoAnalysisManager.startAnalysis(AutoAnalysisManager.java:639)
	at ghidra.app.plugin.core.analysis.AutoAnalysisManager.startAnalysis(AutoAnalysisManager.java:604)
	at ghidra.app.util.headless.HeadlessAnalyzer.analyzeProgram(HeadlessAnalyzer.java:1053)
	at ghidra.app.util.headless.HeadlessAnalyzer.processFileWithImport(HeadlessAnalyzer.java:1584)
	at ghidra.app.util.headless.HeadlessAnalyzer.processWithLoader(HeadlessAnalyzer.java:1744)
	at ghidra.app.util.headless.HeadlessAnalyzer.processWithImport(HeadlessAnalyzer.java:1685)
	at ghidra.app.util.headless.HeadlessAnalyzer.processWithImport(HeadlessAnalyzer.java:1769)
	at ghidra.app.util.headless.HeadlessAnalyzer.processLocal(HeadlessAnalyzer.java:462)
	at ghidra.app.util.headless.AnalyzeHeadless.launch(AnalyzeHeadless.java:199)
	at ghidra.GhidraLauncher.launch(GhidraLauncher.java:81)
	at ghidra.Ghidra.main(Ghidra.java:54)
 
INFO  DIE info:
DIEAgregrate of: DIE [0x22ee], 
<1><22ee>: DW_TAG_subprogram [abbrev 55, tag 46, index 911, children 0]
		DW_AT_low_pc : DW_FORM_addr, addr v4 0x364c
		DW_AT_high_pc : DW_FORM_data4 = 20 [00000014]
		DW_AT_frame_base : DW_FORM_exprloc = [1]6d
		DW_AT_???? 8471 (0x2117) : DW_FORM_flag_present = true
		DW_AT_name : DW_FORM_strp = "dspCV_worker_pool_available" (offset 0x16e0)
		DW_AT_decl_file : DW_FORM_data1 = 1 [01]
		DW_AT_decl_line : DW_FORM_data2 = 356 [0164]
		DW_AT_type : DW_FORM_ref4 = 6958 [0000000000001b2e]
		DW_AT_external : DW_FORM_flag_present = true
 (DWARFFunctionImporter)  
ERROR Error when processing DWARF information for DIE 232e (DWARFFunctionImporter) java.lang.NullPointerException: Cannot invoke "ghidra.app.util.bin.format.dwarf.DWARFRegisterMappings.getStackFrameRegisterOffset()" because the return value of "ghidra.app.util.bin.format.dwarf.DWARFProgram.getRegisterMappings()" is null
	at ghidra.app.util.bin.format.dwarf.DWARFFunction.read(DWARFFunction.java:108)
	at ghidra.app.util.bin.format.dwarf.DWARFFunctionImporter.processSubprogram(DWARFFunctionImporter.java:161)
	at ghidra.app.util.bin.format.dwarf.DWARFFunctionImporter.importFunctions(DWARFFunctionImporter.java:111)
	at ghidra.app.util.bin.format.dwarf.DWARFImporter.performImport(DWARFImporter.java:409)
	at ghidra.app.plugin.core.analysis.DWARFAnalyzer.added(DWARFAnalyzer.java:113)
	at ghidra.app.plugin.core.analysis.AnalysisScheduler.runAnalyzer(AnalysisScheduler.java:186)
	at ghidra.app.plugin.core.analysis.AnalysisTask.applyTo(AnalysisTask.java:37)
	at ghidra.app.plugin.core.analysis.AnalysisTask.applyTo(AnalysisTask.java:24)
	at ghidra.app.plugin.core.analysis.AutoAnalysisManager$AnalysisTaskWrapper.run(AutoAnalysisManager.java:660)
	at ghidra.app.plugin.core.analysis.AutoAnalysisManager.startAnalysis(AutoAnalysisManager.java:760)
	at ghidra.app.plugin.core.analysis.AutoAnalysisManager.startAnalysis(AutoAnalysisManager.java:639)
	at ghidra.app.plugin.core.analysis.AutoAnalysisManager.startAnalysis(AutoAnalysisManager.java:604)
	at ghidra.app.util.headless.HeadlessAnalyzer.analyzeProgram(HeadlessAnalyzer.java:1053)
	at ghidra.app.util.headless.HeadlessAnalyzer.processFileWithImport(HeadlessAnalyzer.java:1584)
	at ghidra.app.util.headless.HeadlessAnalyzer.processWithLoader(HeadlessAnalyzer.java:1744)
	at ghidra.app.util.headless.HeadlessAnalyzer.processWithImport(HeadlessAnalyzer.java:1685)
	at ghidra.app.util.headless.HeadlessAnalyzer.processWithImport(HeadlessAnalyzer.java:1769)
	at ghidra.app.util.headless.HeadlessAnalyzer.processLocal(HeadlessAnalyzer.java:462)
	at ghidra.app.util.headless.AnalyzeHeadless.launch(AnalyzeHeadless.java:199)
	at ghidra.GhidraLauncher.launch(GhidraLauncher.java:81)
	at ghidra.Ghidra.main(Ghidra.java:54)
 
INFO  DIE info:
DIEAgregrate of: DIE [0x232e], 
<1><232e>: DW_TAG_subprogram [abbrev 58, tag 46, index 915, children 23]
		DW_AT_low_pc : DW_FORM_addr, addr v4 0x3660
		DW_AT_high_pc : DW_FORM_data4 = 612 [00000264]
		DW_AT_frame_base : DW_FORM_exprloc = [1]6e
		DW_AT_???? 8471 (0x2117) : DW_FORM_flag_present = true
		DW_AT_name : DW_FORM_strp = "dspCV_worker_pool_init" (offset 0x16fc)
		DW_AT_decl_file : DW_FORM_data1 = 1 [01]
		DW_AT_decl_line : DW_FORM_data2 = 365 [016d]
		DW_AT_type : DW_FORM_ref4 = 6958 [0000000000001b2e]
		DW_AT_external : DW_FORM_flag_present = true
 (DWARFFunctionImporter)  
ERROR Error when processing DWARF information for DIE 24fc (DWARFFunctionImporter) java.lang.NullPointerException: Cannot invoke "ghidra.app.util.bin.format.dwarf.DWARFRegisterMappings.getStackFrameRegisterOffset()" because the return value of "ghidra.app.util.bin.format.dwarf.DWARFProgram.getRegisterMappings()" is null
	at ghidra.app.util.bin.format.dwarf.DWARFFunction.read(DWARFFunction.java:108)
	at ghidra.app.util.bin.format.dwarf.DWARFFunctionImporter.processSubprogram(DWARFFunctionImporter.java:161)
	at ghidra.app.util.bin.format.dwarf.DWARFFunctionImporter.importFunctions(DWARFFunctionImporter.java:111)
	at ghidra.app.util.bin.format.dwarf.DWARFImporter.performImport(DWARFImporter.java:409)
	at ghidra.app.plugin.core.analysis.DWARFAnalyzer.added(DWARFAnalyzer.java:113)
	at ghidra.app.plugin.core.analysis.AnalysisScheduler.runAnalyzer(AnalysisScheduler.java:186)
	at ghidra.app.plugin.core.analysis.AnalysisTask.applyTo(AnalysisTask.java:37)
	at ghidra.app.plugin.core.analysis.AnalysisTask.applyTo(AnalysisTask.java:24)
	at ghidra.app.plugin.core.analysis.AutoAnalysisManager$AnalysisTaskWrapper.run(AutoAnalysisManager.java:660)
	at ghidra.app.plugin.core.analysis.AutoAnalysisManager.startAnalysis(AutoAnalysisManager.java:760)
	at ghidra.app.plugin.core.analysis.AutoAnalysisManager.startAnalysis(AutoAnalysisManager.java:639)
	at ghidra.app.plugin.core.analysis.AutoAnalysisManager.startAnalysis(AutoAnalysisManager.java:604)
	at ghidra.app.util.headless.HeadlessAnalyzer.analyzeProgram(HeadlessAnalyzer.java:1053)
	at ghidra.app.util.headless.HeadlessAnalyzer.processFileWithImport(HeadlessAnalyzer.java:1584)
	at ghidra.app.util.headless.HeadlessAnalyzer.processWithLoader(HeadlessAnalyzer.java:1744)
	at ghidra.app.util.headless.HeadlessAnalyzer.processWithImport(HeadlessAnalyzer.java:1685)
	at ghidra.app.util.headless.HeadlessAnalyzer.processWithImport(HeadlessAnalyzer.java:1769)
	at ghidra.app.util.headless.HeadlessAnalyzer.processLocal(HeadlessAnalyzer.java:462)
	at ghidra.app.util.headless.AnalyzeHeadless.launch(AnalyzeHeadless.java:199)
	at ghidra.GhidraLauncher.launch(GhidraLauncher.java:81)
	at ghidra.Ghidra.main(Ghidra.java:54)
 
INFO  DIE info:
DIEAgregrate of: DIE [0x24fc], 
<1><24fc>: DW_TAG_subprogram [abbrev 61, tag 46, index 952, children 4]
		DW_AT_low_pc : DW_FORM_addr, addr v4 0x38c4
		DW_AT_high_pc : DW_FORM_data4 = 84 [00000054]
		DW_AT_frame_base : DW_FORM_exprloc = [1]6e
		DW_AT_???? 8471 (0x2117) : DW_FORM_flag_present = true
		DW_AT_name : DW_FORM_strp = "dspCV_worker_pool_deinit" (offset 0x1713)
		DW_AT_decl_file : DW_FORM_data1 = 1 [01]
		DW_AT_decl_line : DW_FORM_data2 = 477 [01dd]
		DW_AT_external : DW_FORM_flag_present = true
 (DWARFFunctionImporter)  
ERROR Error when processing DWARF information for DIE 2565 (DWARFFunctionImporter) java.lang.NullPointerException: Cannot invoke "ghidra.app.util.bin.format.dwarf.DWARFRegisterMappings.getStackFrameRegisterOffset()" because the return value of "ghidra.app.util.bin.format.dwarf.DWARFProgram.getRegisterMappings()" is null
	at ghidra.app.util.bin.format.dwarf.DWARFFunction.read(DWARFFunction.java:108)
	at ghidra.app.util.bin.format.dwarf.DWARFFunctionImporter.processSubprogram(DWARFFunctionImporter.java:161)
	at ghidra.app.util.bin.format.dwarf.DWARFFunctionImporter.importFunctions(DWARFFunctionImporter.java:111)
	at ghidra.app.util.bin.format.dwarf.DWARFImporter.performImport(DWARFImporter.java:409)
	at ghidra.app.plugin.core.analysis.DWARFAnalyzer.added(DWARFAnalyzer.java:113)
	at ghidra.app.plugin.core.analysis.AnalysisScheduler.runAnalyzer(AnalysisScheduler.java:186)
	at ghidra.app.plugin.core.analysis.AnalysisTask.applyTo(AnalysisTask.java:37)
	at ghidra.app.plugin.core.analysis.AnalysisTask.applyTo(AnalysisTask.java:24)
	at ghidra.app.plugin.core.analysis.AutoAnalysisManager$AnalysisTaskWrapper.run(AutoAnalysisManager.java:660)
	at ghidra.app.plugin.core.analysis.AutoAnalysisManager.startAnalysis(AutoAnalysisManager.java:760)
	at ghidra.app.plugin.core.analysis.AutoAnalysisManager.startAnalysis(AutoAnalysisManager.java:639)
	at ghidra.app.plugin.core.analysis.AutoAnalysisManager.startAnalysis(AutoAnalysisManager.java:604)
	at ghidra.app.util.headless.HeadlessAnalyzer.analyzeProgram(HeadlessAnalyzer.java:1053)
	at ghidra.app.util.headless.HeadlessAnalyzer.processFileWithImport(HeadlessAnalyzer.java:1584)
	at ghidra.app.util.headless.HeadlessAnalyzer.processWithLoader(HeadlessAnalyzer.java:1744)
	at ghidra.app.util.headless.HeadlessAnalyzer.processWithImport(HeadlessAnalyzer.java:1685)
	at ghidra.app.util.headless.HeadlessAnalyzer.processWithImport(HeadlessAnalyzer.java:1769)
	at ghidra.app.util.headless.HeadlessAnalyzer.processLocal(HeadlessAnalyzer.java:462)
	at ghidra.app.util.headless.AnalyzeHeadless.launch(AnalyzeHeadless.java:199)
	at ghidra.GhidraLauncher.launch(GhidraLauncher.java:81)
	at ghidra.Ghidra.main(Ghidra.java:54)
 
INFO  DIE info:
DIEAgregrate of: DIE [0x2565], 
<1><2565>: DW_TAG_subprogram [abbrev 58, tag 46, index 961, children 1]
		DW_AT_low_pc : DW_FORM_addr, addr v4 0x3918
		DW_AT_high_pc : DW_FORM_data4 = 8 [00000008]
		DW_AT_frame_base : DW_FORM_exprloc = [1]6d
		DW_AT_???? 8471 (0x2117) : DW_FORM_flag_present = true
		DW_AT_name : DW_FORM_strp = "dspCV_worker_pool_submit" (offset 0x958)
		DW_AT_decl_file : DW_FORM_data1 = 1 [01]
		DW_AT_decl_line : DW_FORM_data2 = 497 [01f1]
		DW_AT_type : DW_FORM_ref4 = 6958 [0000000000001b2e]
		DW_AT_external : DW_FORM_flag_present = true
 (DWARFFunctionImporter)  
ERROR Error when processing DWARF information for DIE 258b (DWARFFunctionImporter) java.lang.NullPointerException: Cannot invoke "ghidra.app.util.bin.format.dwarf.DWARFRegisterMappings.getStackFrameRegisterOffset()" because the return value of "ghidra.app.util.bin.format.dwarf.DWARFProgram.getRegisterMappings()" is null
	at ghidra.app.util.bin.format.dwarf.DWARFFunction.read(DWARFFunction.java:108)
	at ghidra.app.util.bin.format.dwarf.DWARFFunctionImporter.processSubprogram(DWARFFunctionImporter.java:161)
	at ghidra.app.util.bin.format.dwarf.DWARFFunctionImporter.importFunctions(DWARFFunctionImporter.java:111)
	at ghidra.app.util.bin.format.dwarf.DWARFImporter.performImport(DWARFImporter.java:409)
	at ghidra.app.plugin.core.analysis.DWARFAnalyzer.added(DWARFAnalyzer.java:113)
	at ghidra.app.plugin.core.analysis.AnalysisScheduler.runAnalyzer(AnalysisScheduler.java:186)
	at ghidra.app.plugin.core.analysis.AnalysisTask.applyTo(AnalysisTask.java:37)
	at ghidra.app.plugin.core.analysis.AnalysisTask.applyTo(AnalysisTask.java:24)
	at ghidra.app.plugin.core.analysis.AutoAnalysisManager$AnalysisTaskWrapper.run(AutoAnalysisManager.java:660)
	at ghidra.app.plugin.core.analysis.AutoAnalysisManager.startAnalysis(AutoAnalysisManager.java:760)
	at ghidra.app.plugin.core.analysis.AutoAnalysisManager.startAnalysis(AutoAnalysisManager.java:639)
	at ghidra.app.plugin.core.analysis.AutoAnalysisManager.startAnalysis(AutoAnalysisManager.java:604)
	at ghidra.app.util.headless.HeadlessAnalyzer.analyzeProgram(HeadlessAnalyzer.java:1053)
	at ghidra.app.util.headless.HeadlessAnalyzer.processFileWithImport(HeadlessAnalyzer.java:1584)
	at ghidra.app.util.headless.HeadlessAnalyzer.processWithLoader(HeadlessAnalyzer.java:1744)
	at ghidra.app.util.headless.HeadlessAnalyzer.processWithImport(HeadlessAnalyzer.java:1685)
	at ghidra.app.util.headless.HeadlessAnalyzer.processWithImport(HeadlessAnalyzer.java:1769)
	at ghidra.app.util.headless.HeadlessAnalyzer.processLocal(HeadlessAnalyzer.java:462)
	at ghidra.app.util.headless.AnalyzeHeadless.launch(AnalyzeHeadless.java:199)
	at ghidra.GhidraLauncher.launch(GhidraLauncher.java:81)
	at ghidra.Ghidra.main(Ghidra.java:54)
 
INFO  DIE info:
DIEAgregrate of: DIE [0x258b], 
<1><258b>: DW_TAG_subprogram [abbrev 64, tag 46, index 963, children 22]
		DW_AT_low_pc : DW_FORM_addr, addr v4 0x3920
		DW_AT_high_pc : DW_FORM_data4 = 196 [000000c4]
		DW_AT_frame_base : DW_FORM_exprloc = [1]6e
		DW_AT_???? 8471 (0x2117) : DW_FORM_flag_present = true
		DW_AT_linkage_name : DW_FORM_strp = "_ZL29dspCV_worker_pool_prio_submit18dspCV_worker_job_ti" (offset 0x172c)
		DW_AT_name : DW_FORM_strp = "dspCV_worker_pool_prio_submit" (offset 0x1764)
		DW_AT_decl_file : DW_FORM_data1 = 1 [01]
		DW_AT_decl_line : DW_FORM_data2 = 299 [012b]
		DW_AT_type : DW_FORM_ref4 = 6958 [0000000000001b2e]
 (DWARFFunctionImporter)  
ERROR Error when processing DWARF information for DIE 26c7 (DWARFFunctionImporter) java.lang.NullPointerException: Cannot invoke "ghidra.app.util.bin.format.dwarf.DWARFRegisterMappings.getStackFrameRegisterOffset()" because the return value of "ghidra.app.util.bin.format.dwarf.DWARFProgram.getRegisterMappings()" is null
	at ghidra.app.util.bin.format.dwarf.DWARFFunction.read(DWARFFunction.java:108)
	at ghidra.app.util.bin.format.dwarf.DWARFFunctionImporter.processSubprogram(DWARFFunctionImporter.java:161)
	at ghidra.app.util.bin.format.dwarf.DWARFFunctionImporter.importFunctions(DWARFFunctionImporter.java:111)
	at ghidra.app.util.bin.format.dwarf.DWARFImporter.performImport(DWARFImporter.java:409)
	at ghidra.app.plugin.core.analysis.DWARFAnalyzer.added(DWARFAnalyzer.java:113)
	at ghidra.app.plugin.core.analysis.AnalysisScheduler.runAnalyzer(AnalysisScheduler.java:186)
	at ghidra.app.plugin.core.analysis.AnalysisTask.applyTo(AnalysisTask.java:37)
	at ghidra.app.plugin.core.analysis.AnalysisTask.applyTo(AnalysisTask.java:24)
	at ghidra.app.plugin.core.analysis.AutoAnalysisManager$AnalysisTaskWrapper.run(AutoAnalysisManager.java:660)
	at ghidra.app.plugin.core.analysis.AutoAnalysisManager.startAnalysis(AutoAnalysisManager.java:760)
	at ghidra.app.plugin.core.analysis.AutoAnalysisManager.startAnalysis(AutoAnalysisManager.java:639)
	at ghidra.app.plugin.core.analysis.AutoAnalysisManager.startAnalysis(AutoAnalysisManager.java:604)
	at ghidra.app.util.headless.HeadlessAnalyzer.analyzeProgram(HeadlessAnalyzer.java:1053)
	at ghidra.app.util.headless.HeadlessAnalyzer.processFileWithImport(HeadlessAnalyzer.java:1584)
	at ghidra.app.util.headless.HeadlessAnalyzer.processWithLoader(HeadlessAnalyzer.java:1744)
	at ghidra.app.util.headless.HeadlessAnalyzer.processWithImport(HeadlessAnalyzer.java:1685)
	at ghidra.app.util.headless.HeadlessAnalyzer.processWithImport(HeadlessAnalyzer.java:1769)
	at ghidra.app.util.headless.HeadlessAnalyzer.processLocal(HeadlessAnalyzer.java:462)
	at ghidra.app.util.headless.AnalyzeHeadless.launch(AnalyzeHeadless.java:199)
	at ghidra.GhidraLauncher.launch(GhidraLauncher.java:81)
	at ghidra.Ghidra.main(Ghidra.java:54)
 
INFO  DIE info:
DIEAgregrate of: DIE [0x26c7], 
<1><26c7>: DW_TAG_subprogram [abbrev 58, tag 46, index 987, children 1]
		DW_AT_low_pc : DW_FORM_addr, addr v4 0x39e4
		DW_AT_high_pc : DW_FORM_data4 = 8 [00000008]
		DW_AT_frame_base : DW_FORM_exprloc = [1]6d
		DW_AT_???? 8471 (0x2117) : DW_FORM_flag_present = true
		DW_AT_name : DW_FORM_strp = "dspCV_worker_pool_boosted_submit" (offset 0x1782)
		DW_AT_decl_file : DW_FORM_data1 = 1 [01]
		DW_AT_decl_line : DW_FORM_data2 = 504 [01f8]
		DW_AT_type : DW_FORM_ref4 = 6958 [0000000000001b2e]
		DW_AT_external : DW_FORM_flag_present = true
 (DWARFFunctionImporter)  
ERROR Error when processing DWARF information for DIE 26ed (DWARFFunctionImporter) java.lang.NullPointerException: Cannot invoke "ghidra.app.util.bin.format.dwarf.DWARFRegisterMappings.getStackFrameRegisterOffset()" because the return value of "ghidra.app.util.bin.format.dwarf.DWARFProgram.getRegisterMappings()" is null
	at ghidra.app.util.bin.format.dwarf.DWARFFunction.read(DWARFFunction.java:108)
	at ghidra.app.util.bin.format.dwarf.DWARFFunctionImporter.processSubprogram(DWARFFunctionImporter.java:161)
	at ghidra.app.util.bin.format.dwarf.DWARFFunctionImporter.importFunctions(DWARFFunctionImporter.java:111)
	at ghidra.app.util.bin.format.dwarf.DWARFImporter.performImport(DWARFImporter.java:409)
	at ghidra.app.plugin.core.analysis.DWARFAnalyzer.added(DWARFAnalyzer.java:113)
	at ghidra.app.plugin.core.analysis.AnalysisScheduler.runAnalyzer(AnalysisScheduler.java:186)
	at ghidra.app.plugin.core.analysis.AnalysisTask.applyTo(AnalysisTask.java:37)
	at ghidra.app.plugin.core.analysis.AnalysisTask.applyTo(AnalysisTask.java:24)
	at ghidra.app.plugin.core.analysis.AutoAnalysisManager$AnalysisTaskWrapper.run(AutoAnalysisManager.java:660)
	at ghidra.app.plugin.core.analysis.AutoAnalysisManager.startAnalysis(AutoAnalysisManager.java:760)
	at ghidra.app.plugin.core.analysis.AutoAnalysisManager.startAnalysis(AutoAnalysisManager.java:639)
	at ghidra.app.plugin.core.analysis.AutoAnalysisManager.startAnalysis(AutoAnalysisManager.java:604)
	at ghidra.app.util.headless.HeadlessAnalyzer.analyzeProgram(HeadlessAnalyzer.java:1053)
	at ghidra.app.util.headless.HeadlessAnalyzer.processFileWithImport(HeadlessAnalyzer.java:1584)
	at ghidra.app.util.headless.HeadlessAnalyzer.processWithLoader(HeadlessAnalyzer.java:1744)
	at ghidra.app.util.headless.HeadlessAnalyzer.processWithImport(HeadlessAnalyzer.java:1685)
	at ghidra.app.util.headless.HeadlessAnalyzer.processWithImport(HeadlessAnalyzer.java:1769)
	at ghidra.app.util.headless.HeadlessAnalyzer.processLocal(HeadlessAnalyzer.java:462)
	at ghidra.app.util.headless.AnalyzeHeadless.launch(AnalyzeHeadless.java:199)
	at ghidra.GhidraLauncher.launch(GhidraLauncher.java:81)
	at ghidra.Ghidra.main(Ghidra.java:54)
 
INFO  DIE info:
DIEAgregrate of: DIE [0x26ed], 
<1><26ed>: DW_TAG_subprogram [abbrev 58, tag 46, index 989, children 1]
		DW_AT_low_pc : DW_FORM_addr, addr v4 0x39ec
		DW_AT_high_pc : DW_FORM_data4 = 8 [00000008]
		DW_AT_frame_base : DW_FORM_exprloc = [1]6d
		DW_AT_???? 8471 (0x2117) : DW_FORM_flag_present = true
		DW_AT_name : DW_FORM_strp = "dspCV_worker_pool_bkgd_submit" (offset 0x17a3)
		DW_AT_decl_file : DW_FORM_data1 = 1 [01]
		DW_AT_decl_line : DW_FORM_data2 = 511 [01ff]
		DW_AT_type : DW_FORM_ref4 = 6958 [0000000000001b2e]
		DW_AT_external : DW_FORM_flag_present = true
 (DWARFFunctionImporter)  
ERROR Error when processing DWARF information for DIE 2713 (DWARFFunctionImporter) java.lang.NullPointerException: Cannot invoke "ghidra.app.util.bin.format.dwarf.DWARFRegisterMappings.getStackFrameRegisterOffset()" because the return value of "ghidra.app.util.bin.format.dwarf.DWARFProgram.getRegisterMappings()" is null
	at ghidra.app.util.bin.format.dwarf.DWARFFunction.read(DWARFFunction.java:108)
	at ghidra.app.util.bin.format.dwarf.DWARFFunctionImporter.processSubprogram(DWARFFunctionImporter.java:161)
	at ghidra.app.util.bin.format.dwarf.DWARFFunctionImporter.importFunctions(DWARFFunctionImporter.java:111)
	at ghidra.app.util.bin.format.dwarf.DWARFImporter.performImport(DWARFImporter.java:409)
	at ghidra.app.plugin.core.analysis.DWARFAnalyzer.added(DWARFAnalyzer.java:113)
	at ghidra.app.plugin.core.analysis.AnalysisScheduler.runAnalyzer(AnalysisScheduler.java:186)
	at ghidra.app.plugin.core.analysis.AnalysisTask.applyTo(AnalysisTask.java:37)
	at ghidra.app.plugin.core.analysis.AnalysisTask.applyTo(AnalysisTask.java:24)
	at ghidra.app.plugin.core.analysis.AutoAnalysisManager$AnalysisTaskWrapper.run(AutoAnalysisManager.java:660)
	at ghidra.app.plugin.core.analysis.AutoAnalysisManager.startAnalysis(AutoAnalysisManager.java:760)
	at ghidra.app.plugin.core.analysis.AutoAnalysisManager.startAnalysis(AutoAnalysisManager.java:639)
	at ghidra.app.plugin.core.analysis.AutoAnalysisManager.startAnalysis(AutoAnalysisManager.java:604)
	at ghidra.app.util.headless.HeadlessAnalyzer.analyzeProgram(HeadlessAnalyzer.java:1053)
	at ghidra.app.util.headless.HeadlessAnalyzer.processFileWithImport(HeadlessAnalyzer.java:1584)
	at ghidra.app.util.headless.HeadlessAnalyzer.processWithLoader(HeadlessAnalyzer.java:1744)
	at ghidra.app.util.headless.HeadlessAnalyzer.processWithImport(HeadlessAnalyzer.java:1685)
	at ghidra.app.util.headless.HeadlessAnalyzer.processWithImport(HeadlessAnalyzer.java:1769)
	at ghidra.app.util.headless.HeadlessAnalyzer.processLocal(HeadlessAnalyzer.java:462)
	at ghidra.app.util.headless.AnalyzeHeadless.launch(AnalyzeHeadless.java:199)
	at ghidra.GhidraLauncher.launch(GhidraLauncher.java:81)
	at ghidra.Ghidra.main(Ghidra.java:54)
 
INFO  DIE info:
DIEAgregrate of: DIE [0x2713], 
<1><2713>: DW_TAG_subprogram [abbrev 61, tag 46, index 991, children 3]
		DW_AT_low_pc : DW_FORM_addr, addr v4 0x39f4
		DW_AT_high_pc : DW_FORM_data4 = 12 [0000000c]
		DW_AT_frame_base : DW_FORM_exprloc = [1]6d
		DW_AT_???? 8471 (0x2117) : DW_FORM_flag_present = true
		DW_AT_name : DW_FORM_strp = "dspCV_worker_pool_synctoken_init" (offset 0x937)
		DW_AT_decl_file : DW_FORM_data1 = 1 [01]
		DW_AT_decl_line : DW_FORM_data2 = 519 [0207]
		DW_AT_external : DW_FORM_flag_present = true
 (DWARFFunctionImporter)  
ERROR Error when processing DWARF information for DIE 279b (DWARFFunctionImporter) java.lang.NullPointerException: Cannot invoke "ghidra.app.util.bin.format.dwarf.DWARFRegisterMappings.getStackFrameRegisterOffset()" because the return value of "ghidra.app.util.bin.format.dwarf.DWARFProgram.getRegisterMappings()" is null
	at ghidra.app.util.bin.format.dwarf.DWARFFunction.read(DWARFFunction.java:108)
	at ghidra.app.util.bin.format.dwarf.DWARFFunctionImporter.processSubprogram(DWARFFunctionImporter.java:161)
	at ghidra.app.util.bin.format.dwarf.DWARFFunctionImporter.importFunctions(DWARFFunctionImporter.java:111)
	at ghidra.app.util.bin.format.dwarf.DWARFImporter.performImport(DWARFImporter.java:409)
	at ghidra.app.plugin.core.analysis.DWARFAnalyzer.added(DWARFAnalyzer.java:113)
	at ghidra.app.plugin.core.analysis.AnalysisScheduler.runAnalyzer(AnalysisScheduler.java:186)
	at ghidra.app.plugin.core.analysis.AnalysisTask.applyTo(AnalysisTask.java:37)
	at ghidra.app.plugin.core.analysis.AnalysisTask.applyTo(AnalysisTask.java:24)
	at ghidra.app.plugin.core.analysis.AutoAnalysisManager$AnalysisTaskWrapper.run(AutoAnalysisManager.java:660)
	at ghidra.app.plugin.core.analysis.AutoAnalysisManager.startAnalysis(AutoAnalysisManager.java:760)
	at ghidra.app.plugin.core.analysis.AutoAnalysisManager.startAnalysis(AutoAnalysisManager.java:639)
	at ghidra.app.plugin.core.analysis.AutoAnalysisManager.startAnalysis(AutoAnalysisManager.java:604)
	at ghidra.app.util.headless.HeadlessAnalyzer.analyzeProgram(HeadlessAnalyzer.java:1053)
	at ghidra.app.util.headless.HeadlessAnalyzer.processFileWithImport(HeadlessAnalyzer.java:1584)
	at ghidra.app.util.headless.HeadlessAnalyzer.processWithLoader(HeadlessAnalyzer.java:1744)
	at ghidra.app.util.headless.HeadlessAnalyzer.processWithImport(HeadlessAnalyzer.java:1685)
	at ghidra.app.util.headless.HeadlessAnalyzer.processWithImport(HeadlessAnalyzer.java:1769)
	at ghidra.app.util.headless.HeadlessAnalyzer.processLocal(HeadlessAnalyzer.java:462)
	at ghidra.app.util.headless.AnalyzeHeadless.launch(AnalyzeHeadless.java:199)
	at ghidra.GhidraLauncher.launch(GhidraLauncher.java:81)
	at ghidra.Ghidra.main(Ghidra.java:54)
 
INFO  DIE info:
DIEAgregrate of: DIE [0x279b], 
<1><279b>: DW_TAG_subprogram [abbrev 61, tag 46, index 1001, children 4]
		DW_AT_low_pc : DW_FORM_addr, addr v4 0x3a00
		DW_AT_high_pc : DW_FORM_data4 = 36 [00000024]
		DW_AT_frame_base : DW_FORM_exprloc = [1]6d
		DW_AT_???? 8471 (0x2117) : DW_FORM_flag_present = true
		DW_AT_name : DW_FORM_strp = "dspCV_worker_pool_synctoken_jobdone" (offset 0xa3a)
		DW_AT_decl_file : DW_FORM_data1 = 1 [01]
		DW_AT_decl_line : DW_FORM_data2 = 531 [0213]
		DW_AT_external : DW_FORM_flag_present = true
 (DWARFFunctionImporter)  
ERROR Error when processing DWARF information for DIE 27f4 (DWARFFunctionImporter) java.lang.NullPointerException: Cannot invoke "ghidra.app.util.bin.format.dwarf.DWARFRegisterMappings.getStackFrameRegisterOffset()" because the return value of "ghidra.app.util.bin.format.dwarf.DWARFProgram.getRegisterMappings()" is null
	at ghidra.app.util.bin.format.dwarf.DWARFFunction.read(DWARFFunction.java:108)
	at ghidra.app.util.bin.format.dwarf.DWARFFunctionImporter.processSubprogram(DWARFFunctionImporter.java:161)
	at ghidra.app.util.bin.format.dwarf.DWARFFunctionImporter.importFunctions(DWARFFunctionImporter.java:111)
	at ghidra.app.util.bin.format.dwarf.DWARFImporter.performImport(DWARFImporter.java:409)
	at ghidra.app.plugin.core.analysis.DWARFAnalyzer.added(DWARFAnalyzer.java:113)
	at ghidra.app.plugin.core.analysis.AnalysisScheduler.runAnalyzer(AnalysisScheduler.java:186)
	at ghidra.app.plugin.core.analysis.AnalysisTask.applyTo(AnalysisTask.java:37)
	at ghidra.app.plugin.core.analysis.AnalysisTask.applyTo(AnalysisTask.java:24)
	at ghidra.app.plugin.core.analysis.AutoAnalysisManager$AnalysisTaskWrapper.run(AutoAnalysisManager.java:660)
	at ghidra.app.plugin.core.analysis.AutoAnalysisManager.startAnalysis(AutoAnalysisManager.java:760)
	at ghidra.app.plugin.core.analysis.AutoAnalysisManager.startAnalysis(AutoAnalysisManager.java:639)
	at ghidra.app.plugin.core.analysis.AutoAnalysisManager.startAnalysis(AutoAnalysisManager.java:604)
	at ghidra.app.util.headless.HeadlessAnalyzer.analyzeProgram(HeadlessAnalyzer.java:1053)
	at ghidra.app.util.headless.HeadlessAnalyzer.processFileWithImport(HeadlessAnalyzer.java:1584)
	at ghidra.app.util.headless.HeadlessAnalyzer.processWithLoader(HeadlessAnalyzer.java:1744)
	at ghidra.app.util.headless.HeadlessAnalyzer.processWithImport(HeadlessAnalyzer.java:1685)
	at ghidra.app.util.headless.HeadlessAnalyzer.processWithImport(HeadlessAnalyzer.java:1769)
	at ghidra.app.util.headless.HeadlessAnalyzer.processLocal(HeadlessAnalyzer.java:462)
	at ghidra.app.util.headless.AnalyzeHeadless.launch(AnalyzeHeadless.java:199)
	at ghidra.GhidraLauncher.launch(GhidraLauncher.java:81)
	at ghidra.Ghidra.main(Ghidra.java:54)
 
INFO  DIE info:
DIEAgregrate of: DIE [0x27f4], 
<1><27f4>: DW_TAG_subprogram [abbrev 61, tag 46, index 1007, children 3]
		DW_AT_low_pc : DW_FORM_addr, addr v4 0x3a24
		DW_AT_high_pc : DW_FORM_data4 = 28 [0000001c]
		DW_AT_frame_base : DW_FORM_exprloc = [1]6e
		DW_AT_???? 8471 (0x2117) : DW_FORM_flag_present = true
		DW_AT_name : DW_FORM_strp = "dspCV_worker_pool_synctoken_wait" (offset 0x993)
		DW_AT_decl_file : DW_FORM_data1 = 1 [01]
		DW_AT_decl_line : DW_FORM_data2 = 545 [0221]
		DW_AT_external : DW_FORM_flag_present = true
 (DWARFFunctionImporter)  
INFO  Added 833 source map entries (DWARFImporter)  
INFO  DWARF ver[4], 6 compUnits, 1025 DIES, import - total elapsed: 113ms (DWARFImportSummary)  
INFO  DWARF data type import - elapsed: 45ms (DWARFImportSummary)  
INFO  DWARF func & symbol import - elapsed: 31ms (DWARFImportSummary)  
INFO  DWARF types imported: 106 (DWARFImportSummary)  
INFO  DWARF enums from macros - elapsed: 1ms (DWARFImportSummary)  
INFO  DWARF compile dirs: [/local/mnt/workspace/CRMBuilds/CDSP.HT.2.9.c1-00078-HAMOA-1_20251101_183151/b/cdsp_proc/build/ms] (DWARFImportSummary)  
INFO  DWARF producers: [QuIC LLVM Hexagon Clang version 8.6.06] (DWARFImportSummary)  
INFO  DWARF source languages: [DW_LANG_C99, DW_LANG_C_plus_plus_14, DW_LANG_Mips_Assembler] (DWARFImportSummary)  
INFO  DWARF compUnit: /local/mnt/workspace/CRMBuilds/CDSP.HT.2.9.c1-00078-HAMOA-1_20251101_183151/b/cdsp_proc/platform/securepd/example/gaussian/src/example_algo_runner.c (DWARFImportSummary)  
INFO  DWARF compUnit: /local/mnt/workspace/CRMBuilds/CDSP.HT.2.9.c1-00078-HAMOA-1_20251101_183151/b/cdsp_proc/platform/securepd/example/gaussian/src/example_algo.c (DWARFImportSummary)  
INFO  DWARF compUnit: /local/mnt/workspace/CRMBuilds/CDSP.HT.2.9.c1-00078-HAMOA-1_20251101_183151/b/cdsp_proc/platform/securepd/example/gaussian/src/dspCV_hvx.c (DWARFImportSummary)  
INFO  DWARF compUnit: /local/mnt/workspace/CRMBuilds/CDSP.HT.2.9.c1-00078-HAMOA-1_20251101_183151/b/cdsp_proc/platform/securepd/example/gaussian/src/dspCV_worker.cpp (DWARFImportSummary)  
INFO  DWARF compUnit: /local/mnt/workspace/CRMBuilds/CDSP.HT.2.9.c1-00078-HAMOA-1_20251101_183151/b/cdsp_proc/platform/securepd/example/gaussian/asm_src/gaussian7x7_asm.S (DWARFImportSummary)  
INFO  DWARF compUnit: /local/mnt/workspace/CRMBuilds/CDSP.HT.2.9.c1-00078-HAMOA-1_20251101_183151/b/cdsp_proc/platform/securepd/example/gaussian/asm_src/dspCV_sync.S (DWARFImportSummary)  
ERROR DWARF un-recoverable expressions: (DWARFImportSummary)  
ERROR   DW_OP_addr; DW_OP_deref_size; DW_OP_lit1; DW_OP_mul; DW_OP_lit0; DW_OP_plus; DW_OP_stack_value -> 1 (DWARFImportSummary)  
ERROR   DW_OP_addr; DW_OP_deref_size; DW_OP_lit0; DW_OP_not; DW_OP_mul; DW_OP_lit1; DW_OP_plus; DW_OP_stack_value -> 1 (DWARFImportSummary)  
INFO  Packed database cache: /var/tmp/geoca-ghidra/packed-db-cache (PackedDatabaseCache)  
INFO  Applied data type archive: generic_clib (ApplyDataArchiveAnalyzer)  
INFO  -----------------------------------------------------
    ASCII Strings                              0.288 secs
    Apply Data Archives                        0.399 secs
    Basic Constant Reference Analyzer          0.350 secs
    Call Convention ID                         0.717 secs
    Call-Fixup Installer                       0.002 secs
    Create Address Tables                      0.004 secs
    Create Function                            0.012 secs
    DWARF                                      0.165 secs
    Data Reference                             0.011 secs
    Decompiler Switch Analysis                 2.688 secs
    Demangler GNU                              0.069 secs
    Disassemble Entry Points                   0.138 secs
    Embedded Media                             0.004 secs
    External Entry References                  0.001 secs
    Function ID                                0.026 secs
    Function Start Search                      0.013 secs
    GCC Exception Handlers                     0.032 secs
    Non-Returning Functions - Known            0.008 secs
    Reference                                  0.019 secs
    Shared Return Calls                        0.011 secs
    Stack                                      0.138 secs
    Subroutine References                      0.006 secs
-----------------------------------------------------
     Total Time   5 secs
-----------------------------------------------------
 (AutoAnalysisManager)  
INFO  REPORT: Analysis succeeded for file: file:///home/geoca/Documents/SP11-PROJECT/00-RE-archive/sp11-driverdump/qcnspmcdm_ext_cdsp8380.inf_arm64_4a8c3ebe3aad408a/CDSP/example_image_runner.so (HeadlessAnalyzer)  
INFO  REPORT: Execute script: DecompileNamed.java '/home/geoca/Documents/SP11-PROJECT/06-camera/SP11X1ECamera/experiments/E004-front-ir-vd55g0/e004dc-cpz-protected-frame-worker-image-and-invoke-abi/ghidra/EXAMPLE-RUNNER-DECOMP.txt' 'example_algo_open' 'example_algo_close' 'example_algo_run'  (HeadlessAnalyzer)  
INFO  SCRIPT: /home/geoca/Documents/SP11-PROJECT/06-camera/SP11X1ECamera/experiments/E004-front-ir-vd55g0/e004dc-cpz-protected-frame-worker-image-and-invoke-abi/ghidra/DecompileNamed.java (HeadlessAnalyzer)  
INFO  ANALYZING changes made by post scripts: file:///home/geoca/Documents/SP11-PROJECT/00-RE-archive/sp11-driverdump/qcnspmcdm_ext_cdsp8380.inf_arm64_4a8c3ebe3aad408a/CDSP/example_image_runner.so (HeadlessAnalyzer)  
INFO  REPORT: Post-analysis succeeded for file: file:///home/geoca/Documents/SP11-PROJECT/00-RE-archive/sp11-driverdump/qcnspmcdm_ext_cdsp8380.inf_arm64_4a8c3ebe3aad408a/CDSP/example_image_runner.so (HeadlessAnalyzer)  
INFO  /example_image_runner.so: file created (geoca) (LocalFileSystem)  
INFO  REPORT: Save succeeded for: /example_image_runner.so (E004DC_RUNNER:/example_image_runner.so) (HeadlessAnalyzer)  
INFO  REPORT: Import succeeded (HeadlessAnalyzer)  
