<stdout>: Warning (unique_unit_address): /soc@0/geniqup@bc0000/spi@b8c000: duplicate unit-address (also used in node /soc@0/geniqup@bc0000/i2c@b8c000)
<stdout>: Warning (unique_unit_address): /soc@0/geniqup@bc0000/spi@b94000: duplicate unit-address (also used in node /soc@0/geniqup@bc0000/i2c@b94000)
<stdout>: Warning (unique_unit_address): /soc@0/geniqup@bc0000/spi@b80000: duplicate unit-address (also used in node /soc@0/geniqup@bc0000/i2c@b80000)
<stdout>: Warning (unique_unit_address): /soc@0/geniqup@bc0000/spi@b9c000: duplicate unit-address (also used in node /soc@0/geniqup@bc0000/i2c@b9c000)
<stdout>: Warning (unique_unit_address): /soc@0/geniqup@bc0000/i2c@b98000: duplicate unit-address (also used in node /soc@0/geniqup@bc0000/spi@b98000)
<stdout>: Warning (unique_unit_address): /soc@0/geniqup@bc0000/i2c@b84000: duplicate unit-address (also used in node /soc@0/geniqup@bc0000/spi@b84000)
<stdout>: Warning (unique_unit_address): /soc@0/geniqup@bc0000/spi@b90000: duplicate unit-address (also used in node /soc@0/geniqup@bc0000/i2c@b90000)
<stdout>: Warning (unique_unit_address): /soc@0/geniqup@bc0000/spi@b88000: duplicate unit-address (also used in node /soc@0/geniqup@bc0000/i2c@b88000)
<stdout>: Warning (unique_unit_address): /soc@0/geniqup@bc0000/spi@b88000: duplicate unit-address (also used in node /soc@0/geniqup@bc0000/serial@b88000)
<stdout>: Warning (unique_unit_address): /soc@0/geniqup@bc0000/i2c@b88000: duplicate unit-address (also used in node /soc@0/geniqup@bc0000/serial@b88000)
<stdout>: Warning (unique_unit_address): /soc@0/geniqup@8c0000/spi@88c000: duplicate unit-address (also used in node /soc@0/geniqup@8c0000/i2c@88c000)
<stdout>: Warning (unique_unit_address): /soc@0/geniqup@8c0000/spi@894000: duplicate unit-address (also used in node /soc@0/geniqup@8c0000/i2c@894000)
<stdout>: Warning (unique_unit_address): /soc@0/geniqup@8c0000/spi@894000: duplicate unit-address (also used in node /soc@0/geniqup@8c0000/serial@894000)
<stdout>: Warning (unique_unit_address): /soc@0/geniqup@8c0000/i2c@894000: duplicate unit-address (also used in node /soc@0/geniqup@8c0000/serial@894000)
<stdout>: Warning (unique_unit_address): /soc@0/geniqup@8c0000/spi@880000: duplicate unit-address (also used in node /soc@0/geniqup@8c0000/i2c@880000)
<stdout>: Warning (unique_unit_address): /soc@0/geniqup@8c0000/spi@89c000: duplicate unit-address (also used in node /soc@0/geniqup@8c0000/i2c@89c000)
<stdout>: Warning (unique_unit_address): /soc@0/geniqup@8c0000/i2c@898000: duplicate unit-address (also used in node /soc@0/geniqup@8c0000/spi@898000)
<stdout>: Warning (unique_unit_address): /soc@0/geniqup@8c0000/i2c@884000: duplicate unit-address (also used in node /soc@0/geniqup@8c0000/spi@884000)
<stdout>: Warning (unique_unit_address): /soc@0/geniqup@8c0000/spi@890000: duplicate unit-address (also used in node /soc@0/geniqup@8c0000/i2c@890000)
<stdout>: Warning (unique_unit_address): /soc@0/geniqup@8c0000/spi@888000: duplicate unit-address (also used in node /soc@0/geniqup@8c0000/i2c@888000)
<stdout>: Warning (unique_unit_address): /soc@0/geniqup@ac0000/i2c@a98000: duplicate unit-address (also used in node /soc@0/geniqup@ac0000/serial@a98000)
<stdout>: Warning (unique_unit_address): /soc@0/geniqup@ac0000/i2c@a90000: duplicate unit-address (also used in node /soc@0/geniqup@ac0000/spi@a90000)
<stdout>: Warning (unique_unit_address): /soc@0/geniqup@ac0000/spi@a8c000: duplicate unit-address (also used in node /soc@0/geniqup@ac0000/i2c@a8c000)
<stdout>: Warning (unique_unit_address): /soc@0/geniqup@ac0000/i2c@a88000: duplicate unit-address (also used in node /soc@0/geniqup@ac0000/spi@a88000)
<stdout>: Warning (unique_unit_address): /soc@0/geniqup@ac0000/spi@a94000: duplicate unit-address (also used in node /soc@0/geniqup@ac0000/i2c@a94000)
<stdout>: Warning (unique_unit_address): /soc@0/geniqup@ac0000/spi@a80000: duplicate unit-address (also used in node /soc@0/geniqup@ac0000/i2c@a80000)
<stdout>: Warning (unique_unit_address): /soc@0/geniqup@ac0000/spi@a9c000: duplicate unit-address (also used in node /soc@0/geniqup@ac0000/i2c@a9c000)
<stdout>: Warning (unique_unit_address): /soc@0/geniqup@ac0000/i2c@a98000: duplicate unit-address (also used in node /soc@0/geniqup@ac0000/spi@a98000)
<stdout>: Warning (unique_unit_address): /soc@0/geniqup@ac0000/serial@a98000: duplicate unit-address (also used in node /soc@0/geniqup@ac0000/spi@a98000)
<stdout>: Warning (unique_unit_address): /soc@0/geniqup@ac0000/i2c@a84000: duplicate unit-address (also used in node /soc@0/geniqup@ac0000/spi@a84000)
<stdout>: Warning (clocks_property): /soc@0/phy@88e5000:clocks: cell 0 is not a phandle reference
<stdout>: Warning (clocks_property): /soc@0/phy@88e5000:clocks: cell 2 is not a phandle reference
<stdout>: Warning (clocks_property): /soc@0/phy@88e5000:clocks: cell 4 is not a phandle reference
<stdout>: Warning (clocks_property): /soc@0/phy@88e5000:clocks: cell 6 is not a phandle reference
<stdout>: Warning (clocks_property): /soc@0/tpdm@1000f000:clocks: cell 0 is not a phandle reference
<stdout>: Warning (clocks_property): /soc@0/phy@88e2000:clocks: cell 0 is not a phandle reference
<stdout>: Warning (clocks_property): /soc@0/tpdm@10c08000:clocks: cell 0 is not a phandle reference
<stdout>: Warning (clocks_property): /soc@0/codec@6b00000:clocks: cell 0 is not a phandle reference
<stdout>: Warning (clocks_property): /soc@0/codec@6b00000:clocks: cell 3 is not a phandle reference
<stdout>: Warning (clocks_property): /soc@0/codec@6b00000:clocks: cell 6 is not a phandle reference
<stdout>: Warning (clocks_property): /soc@0/codec@6b00000:clocks: cell 9 is not a phandle reference
<stdout>: Warning (clocks_property): /soc@0/cti@1098b000:clocks: cell 0 is not a phandle reference
<stdout>: Warning (clocks_property): /soc@0/funnel@10cc5000:clocks: cell 0 is not a phandle reference
<stdout>: Warning (clocks_property): /soc@0/tpdm@10b0b000:clocks: cell 0 is not a phandle reference
<stdout>: Warning (clocks_property): /soc@0/tpdm@10d0d000:clocks: cell 0 is not a phandle reference
<stdout>: Warning (clocks_property): /soc@0/phy@fda000:clocks: cell 0 is not a phandle reference
<stdout>: Warning (clocks_property): /soc@0/phy@fda000:clocks: cell 2 is not a phandle reference
<stdout>: Warning (clocks_property): /soc@0/phy@fda000:clocks: cell 4 is not a phandle reference
<stdout>: Warning (clocks_property): /soc@0/phy@fda000:clocks: cell 6 is not a phandle reference
<stdout>: Warning (clocks_property): /soc@0/pinctrl@6e80000:clocks: cell 0 is not a phandle reference
<stdout>: Warning (clocks_property): /soc@0/pinctrl@6e80000:clocks: cell 3 is not a phandle reference
<stdout>: Warning (clocks_property): /soc@0/tpdm@10d0a000:clocks: cell 0 is not a phandle reference
<stdout>: Warning (clocks_property): /soc@0/soundwire@6b10000:clocks: cell 0 is not a phandle reference
<stdout>: Warning (clocks_property): /soc@0/pci@1c00000:clocks: cell 0 is not a phandle reference
<stdout>: Warning (clocks_property): /soc@0/pci@1c00000:clocks: cell 2 is not a phandle reference
<stdout>: Warning (clocks_property): /soc@0/pci@1c00000:clocks: cell 4 is not a phandle reference
<stdout>: Warning (clocks_property): /soc@0/pci@1c00000:clocks: cell 6 is not a phandle reference
<stdout>: Warning (clocks_property): /soc@0/pci@1c00000:clocks: cell 8 is not a phandle reference
<stdout>: Warning (clocks_property): /soc@0/pci@1c00000:clocks: cell 10 is not a phandle reference
<stdout>: Warning (clocks_property): /soc@0/pci@1c00000:clocks: cell 12 is not a phandle reference
<stdout>: Warning (clocks_property): /soc@0/pcie@1bd0000:clocks: cell 0 is not a phandle reference
<stdout>: Warning (clocks_property): /soc@0/pcie@1bd0000:clocks: cell 2 is not a phandle reference
<stdout>: Warning (clocks_property): /soc@0/pcie@1bd0000:clocks: cell 4 is not a phandle reference
<stdout>: Warning (clocks_property): /soc@0/pcie@1bd0000:clocks: cell 6 is not a phandle reference
<stdout>: Warning (clocks_property): /soc@0/pcie@1bd0000:clocks: cell 8 is not a phandle reference
<stdout>: Warning (clocks_property): /soc@0/pcie@1bd0000:clocks: cell 10 is not a phandle reference
<stdout>: Warning (clocks_property): /soc@0/pcie@1bd0000:clocks: cell 12 is not a phandle reference
<stdout>: Warning (clocks_property): /soc@0/tpdm@10003000:clocks: cell 0 is not a phandle reference
<stdout>: Warning (clocks_property): /soc@0/remoteproc@32300000:clocks: cell 0 is not a phandle reference
<stdout>: Warning (clocks_property): /soc@0/usb@a000000:clocks: cell 0 is not a phandle reference
<stdout>: Warning (clocks_property): /soc@0/usb@a000000:clocks: cell 2 is not a phandle reference
<stdout>: Warning (clocks_property): /soc@0/usb@a000000:clocks: cell 4 is not a phandle reference
<stdout>: Warning (clocks_property): /soc@0/usb@a000000:clocks: cell 6 is not a phandle reference
<stdout>: Warning (clocks_property): /soc@0/usb@a000000:clocks: cell 8 is not a phandle reference
<stdout>: Warning (clocks_property): /soc@0/usb@a000000:clocks: cell 10 is not a phandle reference
<stdout>: Warning (clocks_property): /soc@0/usb@a000000:clocks: cell 12 is not a phandle reference
<stdout>: Warning (clocks_property): /soc@0/usb@a000000:clocks: cell 14 is not a phandle reference
<stdout>: Warning (clocks_property): /soc@0/usb@a000000:clocks: cell 16 is not a phandle reference
<stdout>: Warning (clocks_property): /soc@0/tpdm@10c29000:clocks: cell 0 is not a phandle reference
<stdout>: Warning (clocks_property): /soc@0/tpda@10004000:clocks: cell 0 is not a phandle reference
<stdout>: Warning (clocks_property): /soc@0/usb@a600000:clocks: cell 0 is not a phandle reference
<stdout>: Warning (clocks_property): /soc@0/usb@a600000:clocks: cell 2 is not a phandle reference
<stdout>: Warning (clocks_property): /soc@0/usb@a600000:clocks: cell 4 is not a phandle reference
<stdout>: Warning (clocks_property): /soc@0/usb@a600000:clocks: cell 6 is not a phandle reference
<stdout>: Warning (clocks_property): /soc@0/usb@a600000:clocks: cell 8 is not a phandle reference
<stdout>: Warning (clocks_property): /soc@0/usb@a600000:clocks: cell 10 is not a phandle reference
<stdout>: Warning (clocks_property): /soc@0/usb@a600000:clocks: cell 12 is not a phandle reference
<stdout>: Warning (clocks_property): /soc@0/usb@a600000:clocks: cell 14 is not a phandle reference
<stdout>: Warning (clocks_property): /soc@0/usb@a600000:clocks: cell 16 is not a phandle reference
<stdout>: Warning (clocks_property): /soc@0/display-subsystem@ae00000:clocks: cell 0 is not a phandle reference
<stdout>: Warning (clocks_property): /soc@0/display-subsystem@ae00000:clocks: cell 2 is not a phandle reference
<stdout>: Warning (clocks_property): /soc@0/display-subsystem@ae00000:clocks: cell 4 is not a phandle reference
<stdout>: Warning (clocks_property): /soc@0/display-subsystem@ae00000/displayport-controller@ae98000:clocks: cell 0 is not a phandle reference
<stdout>: Warning (clocks_property): /soc@0/display-subsystem@ae00000/displayport-controller@ae98000:clocks: cell 2 is not a phandle reference
<stdout>: Warning (clocks_property): /soc@0/display-subsystem@ae00000/displayport-controller@ae98000:clocks: cell 4 is not a phandle reference
<stdout>: Warning (clocks_property): /soc@0/display-subsystem@ae00000/displayport-controller@ae98000:clocks: cell 6 is not a phandle reference
<stdout>: Warning (clocks_property): /soc@0/display-subsystem@ae00000/displayport-controller@ae98000:clocks: cell 8 is not a phandle reference
<stdout>: Warning (clocks_property): /soc@0/display-subsystem@ae00000/displayport-controller@ae98000:clocks: cell 10 is not a phandle reference
<stdout>: Warning (clocks_property): /soc@0/display-subsystem@ae00000/display-controller@ae01000:clocks: cell 0 is not a phandle reference
<stdout>: Warning (clocks_property): /soc@0/display-subsystem@ae00000/display-controller@ae01000:clocks: cell 2 is not a phandle reference
<stdout>: Warning (clocks_property): /soc@0/display-subsystem@ae00000/display-controller@ae01000:clocks: cell 4 is not a phandle reference
<stdout>: Warning (clocks_property): /soc@0/display-subsystem@ae00000/display-controller@ae01000:clocks: cell 6 is not a phandle reference
<stdout>: Warning (clocks_property): /soc@0/display-subsystem@ae00000/display-controller@ae01000:clocks: cell 8 is not a phandle reference
<stdout>: Warning (clocks_property): /soc@0/display-subsystem@ae00000/displayport-controller@aea0000:clocks: cell 0 is not a phandle reference
<stdout>: Warning (clocks_property): /soc@0/display-subsystem@ae00000/displayport-controller@aea0000:clocks: cell 2 is not a phandle reference
<stdout>: Warning (clocks_property): /soc@0/display-subsystem@ae00000/displayport-controller@aea0000:clocks: cell 4 is not a phandle reference
<stdout>: Warning (clocks_property): /soc@0/display-subsystem@ae00000/displayport-controller@aea0000:clocks: cell 6 is not a phandle reference
<stdout>: Warning (clocks_property): /soc@0/display-subsystem@ae00000/displayport-controller@aea0000:clocks: cell 8 is not a phandle reference
<stdout>: Warning (clocks_property): /soc@0/display-subsystem@ae00000/displayport-controller@ae9a000:clocks: cell 0 is not a phandle reference
<stdout>: Warning (clocks_property): /soc@0/display-subsystem@ae00000/displayport-controller@ae9a000:clocks: cell 2 is not a phandle reference
<stdout>: Warning (clocks_property): /soc@0/display-subsystem@ae00000/displayport-controller@ae9a000:clocks: cell 4 is not a phandle reference
<stdout>: Warning (clocks_property): /soc@0/display-subsystem@ae00000/displayport-controller@ae9a000:clocks: cell 6 is not a phandle reference
<stdout>: Warning (clocks_property): /soc@0/display-subsystem@ae00000/displayport-controller@ae9a000:clocks: cell 8 is not a phandle reference
<stdout>: Warning (clocks_property): /soc@0/display-subsystem@ae00000/displayport-controller@ae9a000:clocks: cell 10 is not a phandle reference
<stdout>: Warning (clocks_property): /soc@0/display-subsystem@ae00000/displayport-controller@ae90000:clocks: cell 0 is not a phandle reference
<stdout>: Warning (clocks_property): /soc@0/display-subsystem@ae00000/displayport-controller@ae90000:clocks: cell 2 is not a phandle reference
<stdout>: Warning (clocks_property): /soc@0/display-subsystem@ae00000/displayport-controller@ae90000:clocks: cell 4 is not a phandle reference
<stdout>: Warning (clocks_property): /soc@0/display-subsystem@ae00000/displayport-controller@ae90000:clocks: cell 6 is not a phandle reference
<stdout>: Warning (clocks_property): /soc@0/display-subsystem@ae00000/displayport-controller@ae90000:clocks: cell 8 is not a phandle reference
<stdout>: Warning (clocks_property): /soc@0/display-subsystem@ae00000/displayport-controller@ae90000:clocks: cell 10 is not a phandle reference
<stdout>: Warning (clocks_property): /soc@0/tpdm@109d0000:clocks: cell 0 is not a phandle reference
<stdout>: Warning (clocks_property): /soc@0/ufshc@1d84000:clocks: cell 0 is not a phandle reference
<stdout>: Warning (clocks_property): /soc@0/ufshc@1d84000:clocks: cell 2 is not a phandle reference
<stdout>: Warning (clocks_property): /soc@0/ufshc@1d84000:clocks: cell 4 is not a phandle reference
<stdout>: Warning (clocks_property): /soc@0/ufshc@1d84000:clocks: cell 6 is not a phandle reference
<stdout>: Warning (clocks_property): /soc@0/ufshc@1d84000:clocks: cell 8 is not a phandle reference
<stdout>: Warning (clocks_property): /soc@0/ufshc@1d84000:clocks: cell 10 is not a phandle reference
<stdout>: Warning (clocks_property): /soc@0/ufshc@1d84000:clocks: cell 12 is not a phandle reference
<stdout>: Warning (clocks_property): /soc@0/ufshc@1d84000:clocks: cell 14 is not a phandle reference
<stdout>: Warning (clocks_property): /soc@0/tpdm@10ac0000:clocks: cell 0 is not a phandle reference
<stdout>: Warning (clocks_property): /soc@0/rsc@17500000/clock-controller:clocks: cell 0 is not a phandle reference
<stdout>: Warning (clocks_property): /soc@0/funnel@10045000:clocks: cell 0 is not a phandle reference
<stdout>: Warning (clocks_property): /soc@0/tpdm@1082c000:clocks: cell 0 is not a phandle reference
<stdout>: Warning (clocks_property): /soc@0/tpda@10ac4000:clocks: cell 0 is not a phandle reference
<stdout>: Warning (clocks_property): /soc@0/funnel@10b04000:clocks: cell 0 is not a phandle reference
<stdout>: Warning (clocks_property): /soc@0/soundwire@6d30000:clocks: cell 0 is not a phandle reference
<stdout>: Warning (clocks_property): /soc@0/funnel@10042000:clocks: cell 0 is not a phandle reference
<stdout>: Warning (clocks_property): /soc@0/funnel@10ac5000:clocks: cell 0 is not a phandle reference
<stdout>: Warning (clocks_property): /soc@0/phy@88e1000:clocks: cell 0 is not a phandle reference
<stdout>: Warning (clocks_property): /soc@0/clock-controller@aaf0000:clocks: cell 0 is not a phandle reference
<stdout>: Warning (clocks_property): /soc@0/clock-controller@aaf0000:clocks: cell 1 is not a phandle reference
<stdout>: Warning (clocks_property): /soc@0/codec@6d44000:clocks: cell 0 is not a phandle reference
<stdout>: Warning (clocks_property): /soc@0/codec@6d44000:clocks: cell 3 is not a phandle reference
<stdout>: Warning (clocks_property): /soc@0/codec@6d44000:clocks: cell 6 is not a phandle reference
<stdout>: Warning (clocks_property): /soc@0/phy@fdf000:clocks: cell 0 is not a phandle reference
<stdout>: Warning (clocks_property): /soc@0/phy@fdf000:clocks: cell 2 is not a phandle reference
<stdout>: Warning (clocks_property): /soc@0/phy@fdf000:clocks: cell 4 is not a phandle reference
<stdout>: Warning (clocks_property): /soc@0/phy@fdf000:clocks: cell 6 is not a phandle reference
<stdout>: Warning (clocks_property): /soc@0/clock-controller@100000:clocks: cell 0 is not a phandle reference
<stdout>: Warning (clocks_property): /soc@0/clock-controller@100000:clocks: cell 1 is not a phandle reference
<stdout>: Warning (clocks_property): /soc@0/clock-controller@100000:clocks: cell 2 is not a phandle reference
<stdout>: Warning (clocks_property): /soc@0/clock-controller@100000:clocks: cell 3 is not a phandle reference
<stdout>: Warning (clocks_property): /soc@0/clock-controller@100000:clocks: cell 4 is not a phandle reference
<stdout>: Warning (clocks_property): /soc@0/clock-controller@100000:clocks: cell 5 is not a phandle reference
<stdout>: Warning (clocks_property): /soc@0/clock-controller@100000:clocks: cell 7 is not a phandle reference
<stdout>: Warning (clocks_property): /soc@0/clock-controller@100000:clocks: cell 9 is not a phandle reference
<stdout>: Warning (clocks_property): /soc@0/clock-controller@100000:clocks: cell 11 is not a phandle reference
<stdout>: Warning (clocks_property): /soc@0/clock-controller@100000:clocks: cell 40 is not a phandle reference
<stdout>: Warning (clocks_property): /soc@0/clock-controller@100000:clocks: cell 42 is not a phandle reference
<stdout>: Warning (clocks_property): /soc@0/clock-controller@100000:clocks: cell 44 is not a phandle reference
<stdout>: Warning (clocks_property): /soc@0/tpdm@10b0d000:clocks: cell 0 is not a phandle reference
<stdout>: Warning (clocks_property): /soc@0/tpdm@10d0f000:clocks: cell 0 is not a phandle reference
<stdout>: Warning (clocks_property): /soc@0/codec@6ac0000:clocks: cell 0 is not a phandle reference
<stdout>: Warning (clocks_property): /soc@0/codec@6ac0000:clocks: cell 3 is not a phandle reference
<stdout>: Warning (clocks_property): /soc@0/codec@6ac0000:clocks: cell 6 is not a phandle reference
<stdout>: Warning (clocks_property): /soc@0/codec@6ac0000:clocks: cell 9 is not a phandle reference
<stdout>: Warning (clocks_property): /soc@0/geniqup@bc0000:clocks: cell 0 is not a phandle reference
<stdout>: Warning (clocks_property): /soc@0/geniqup@bc0000:clocks: cell 2 is not a phandle reference
<stdout>: Warning (clocks_property): /soc@0/geniqup@bc0000/spi@b8c000:clocks: cell 0 is not a phandle reference
<stdout>: Warning (clocks_property): /soc@0/geniqup@bc0000/spi@b94000:clocks: cell 0 is not a phandle reference
<stdout>: Warning (clocks_property): /soc@0/geniqup@bc0000/i2c@b98000:clocks: cell 0 is not a phandle reference
<stdout>: Warning (clocks_property): /soc@0/geniqup@bc0000/spi@b80000:clocks: cell 0 is not a phandle reference
<stdout>: Warning (clocks_property): /soc@0/geniqup@bc0000/i2c@b84000:clocks: cell 0 is not a phandle reference
<stdout>: Warning (clocks_property): /soc@0/geniqup@bc0000/spi@b9c000:clocks: cell 0 is not a phandle reference
<stdout>: Warning (clocks_property): /soc@0/geniqup@bc0000/spi@b90000:clocks: cell 0 is not a phandle reference
<stdout>: Warning (clocks_property): /soc@0/geniqup@bc0000/i2c@b8c000:clocks: cell 0 is not a phandle reference
<stdout>: Warning (clocks_property): /soc@0/geniqup@bc0000/i2c@b8c000/typec-mux@8:clocks: cell 0 is not a phandle reference
<stdout>: Warning (clocks_property): /soc@0/geniqup@bc0000/spi@b88000:clocks: cell 0 is not a phandle reference
<stdout>: Warning (clocks_property): /soc@0/geniqup@bc0000/i2c@b94000:clocks: cell 0 is not a phandle reference
<stdout>: Warning (clocks_property): /soc@0/geniqup@bc0000/i2c@b80000:clocks: cell 0 is not a phandle reference
<stdout>: Warning (clocks_property): /soc@0/geniqup@bc0000/i2c@b9c000:clocks: cell 0 is not a phandle reference
<stdout>: Warning (clocks_property): /soc@0/geniqup@bc0000/i2c@b9c000/typec-mux@8:clocks: cell 0 is not a phandle reference
<stdout>: Warning (clocks_property): /soc@0/geniqup@bc0000/spi@b98000:clocks: cell 0 is not a phandle reference
<stdout>: Warning (clocks_property): /soc@0/geniqup@bc0000/spi@b84000:clocks: cell 0 is not a phandle reference
<stdout>: Warning (clocks_property): /soc@0/geniqup@bc0000/i2c@b90000:clocks: cell 0 is not a phandle reference
<stdout>: Warning (clocks_property): /soc@0/geniqup@bc0000/i2c@b88000:clocks: cell 0 is not a phandle reference
<stdout>: Warning (clocks_property): /soc@0/geniqup@bc0000/serial@b88000:clocks: cell 0 is not a phandle reference
<stdout>: Warning (clocks_property): /soc@0/pci@1c08000:clocks: cell 0 is not a phandle reference
<stdout>: Warning (clocks_property): /soc@0/pci@1c08000:clocks: cell 2 is not a phandle reference
<stdout>: Warning (clocks_property): /soc@0/pci@1c08000:clocks: cell 4 is not a phandle reference
<stdout>: Warning (clocks_property): /soc@0/pci@1c08000:clocks: cell 6 is not a phandle reference
<stdout>: Warning (clocks_property): /soc@0/pci@1c08000:clocks: cell 8 is not a phandle reference
<stdout>: Warning (clocks_property): /soc@0/pci@1c08000:clocks: cell 10 is not a phandle reference
<stdout>: Warning (clocks_property): /soc@0/pci@1c08000:clocks: cell 12 is not a phandle reference
<stdout>: Warning (clocks_property): /soc@0/tpdm@10b20000:clocks: cell 0 is not a phandle reference
<stdout>: Warning (clocks_property): /soc@0/tpdm@10b0a000:clocks: cell 0 is not a phandle reference
<stdout>: Warning (clocks_property): /soc@0/tpdm@10d0c000:clocks: cell 0 is not a phandle reference
<stdout>: Warning (clocks_property): /soc@0/stm@10002000:clocks: cell 0 is not a phandle reference
<stdout>: Warning (clocks_property): /soc@0/tpdm@10c39000:clocks: cell 0 is not a phandle reference
<stdout>: Warning (clocks_property): /soc@0/geniqup@8c0000:clocks: cell 0 is not a phandle reference
<stdout>: Warning (clocks_property): /soc@0/geniqup@8c0000:clocks: cell 2 is not a phandle reference
<stdout>: Warning (clocks_property): /soc@0/geniqup@8c0000/spi@88c000:clocks: cell 0 is not a phandle reference
<stdout>: Warning (clocks_property): /soc@0/geniqup@8c0000/spi@894000:clocks: cell 0 is not a phandle reference
<stdout>: Warning (clocks_property): /soc@0/geniqup@8c0000/i2c@898000:clocks: cell 0 is not a phandle reference
<stdout>: Warning (clocks_property): /soc@0/geniqup@8c0000/spi@880000:clocks: cell 0 is not a phandle reference
<stdout>: Warning (clocks_property): /soc@0/geniqup@8c0000/i2c@884000:clocks: cell 0 is not a phandle reference
<stdout>: Warning (clocks_property): /soc@0/geniqup@8c0000/spi@89c000:clocks: cell 0 is not a phandle reference
<stdout>: Warning (clocks_property): /soc@0/geniqup@8c0000/spi@890000:clocks: cell 0 is not a phandle reference
<stdout>: Warning (clocks_property): /soc@0/geniqup@8c0000/i2c@88c000:clocks: cell 0 is not a phandle reference
<stdout>: Warning (clocks_property): /soc@0/geniqup@8c0000/spi@888000:clocks: cell 0 is not a phandle reference
<stdout>: Warning (clocks_property): /soc@0/geniqup@8c0000/i2c@894000:clocks: cell 0 is not a phandle reference
<stdout>: Warning (clocks_property): /soc@0/geniqup@8c0000/serial@894000:clocks: cell 0 is not a phandle reference
<stdout>: Warning (clocks_property): /soc@0/geniqup@8c0000/i2c@880000:clocks: cell 0 is not a phandle reference
<stdout>: Warning (clocks_property): /soc@0/geniqup@8c0000/i2c@89c000:clocks: cell 0 is not a phandle reference
<stdout>: Warning (clocks_property): /soc@0/geniqup@8c0000/spi@898000:clocks: cell 0 is not a phandle reference
<stdout>: Warning (clocks_property): /soc@0/geniqup@8c0000/spi@884000:clocks: cell 0 is not a phandle reference
<stdout>: Warning (clocks_property): /soc@0/geniqup@8c0000/i2c@890000:clocks: cell 0 is not a phandle reference
<stdout>: Warning (clocks_property): /soc@0/geniqup@8c0000/i2c@888000:clocks: cell 0 is not a phandle reference
<stdout>: Warning (clocks_property): /soc@0/soundwire@6ad0000:clocks: cell 0 is not a phandle reference
<stdout>: Warning (clocks_property): /soc@0/phy@fd9000:clocks: cell 0 is not a phandle reference
<stdout>: Warning (clocks_property): /soc@0/tpdm@10d09000:clocks: cell 0 is not a phandle reference
<stdout>: Warning (clocks_property): /soc@0/tpdm@10c28000:clocks: cell 0 is not a phandle reference
<stdout>: Warning (clocks_property): /soc@0/tpda@10d12000:clocks: cell 0 is not a phandle reference
<stdout>: Warning (clocks_property): /soc@0/phy@fd3000:clocks: cell 0 is not a phandle reference
<stdout>: Warning (clocks_property): /soc@0/iommu@3da0000:clocks: cell 0 is not a phandle reference
<stdout>: Warning (clocks_property): /soc@0/iommu@3da0000:clocks: cell 2 is not a phandle reference
<stdout>: Warning (clocks_property): /soc@0/iommu@3da0000:clocks: cell 4 is not a phandle reference
<stdout>: Warning (clocks_property): /soc@0/iommu@3da0000:clocks: cell 6 is not a phandle reference
<stdout>: Warning (clocks_property): /soc@0/tpda@10b08000:clocks: cell 0 is not a phandle reference
<stdout>: Warning (clocks_property): /soc@0/clock-controller@af00000:clocks: cell 0 is not a phandle reference
<stdout>: Warning (clocks_property): /soc@0/clock-controller@af00000:clocks: cell 1 is not a phandle reference
<stdout>: Warning (clocks_property): /soc@0/clock-controller@af00000:clocks: cell 2 is not a phandle reference
<stdout>: Warning (clocks_property): /soc@0/clock-controller@af00000:clocks: cell 4 is not a phandle reference
<stdout>: Warning (clocks_property): /soc@0/clock-controller@af00000:clocks: cell 9 is not a phandle reference
<stdout>: Warning (clocks_property): /soc@0/clock-controller@af00000:clocks: cell 11 is not a phandle reference
<stdout>: Warning (clocks_property): /soc@0/clock-controller@af00000:clocks: cell 13 is not a phandle reference
<stdout>: Warning (clocks_property): /soc@0/clock-controller@af00000:clocks: cell 15 is not a phandle reference
<stdout>: Warning (clocks_property): /soc@0/clock-controller@af00000:clocks: cell 17 is not a phandle reference
<stdout>: Warning (clocks_property): /soc@0/clock-controller@af00000:clocks: cell 19 is not a phandle reference
<stdout>: Warning (clocks_property): /soc@0/clock-controller@af00000:clocks: cell 21 is not a phandle reference
<stdout>: Warning (clocks_property): /soc@0/clock-controller@af00000:clocks: cell 23 is not a phandle reference
<stdout>: Warning (clocks_property): /soc@0/usb@a400000:clocks: cell 0 is not a phandle reference
<stdout>: Warning (clocks_property): /soc@0/usb@a400000:clocks: cell 2 is not a phandle reference
<stdout>: Warning (clocks_property): /soc@0/usb@a400000:clocks: cell 4 is not a phandle reference
<stdout>: Warning (clocks_property): /soc@0/usb@a400000:clocks: cell 6 is not a phandle reference
<stdout>: Warning (clocks_property): /soc@0/usb@a400000:clocks: cell 8 is not a phandle reference
<stdout>: Warning (clocks_property): /soc@0/usb@a400000:clocks: cell 10 is not a phandle reference
<stdout>: Warning (clocks_property): /soc@0/usb@a400000:clocks: cell 12 is not a phandle reference
<stdout>: Warning (clocks_property): /soc@0/usb@a400000:clocks: cell 14 is not a phandle reference
<stdout>: Warning (clocks_property): /soc@0/usb@a400000:clocks: cell 16 is not a phandle reference
<stdout>: Warning (clocks_property): /soc@0/geniqup@ac0000:clocks: cell 0 is not a phandle reference
<stdout>: Warning (clocks_property): /soc@0/geniqup@ac0000:clocks: cell 2 is not a phandle reference
<stdout>: Warning (clocks_property): /soc@0/geniqup@ac0000/i2c@a90000:clocks: cell 0 is not a phandle reference
<stdout>: Warning (clocks_property): /soc@0/geniqup@ac0000/i2c@a88000:clocks: cell 0 is not a phandle reference
<stdout>: Warning (clocks_property): /soc@0/geniqup@ac0000/spi@a8c000:clocks: cell 0 is not a phandle reference
<stdout>: Warning (clocks_property): /soc@0/geniqup@ac0000/spi@a94000:clocks: cell 0 is not a phandle reference
<stdout>: Warning (clocks_property): /soc@0/geniqup@ac0000/i2c@a98000:clocks: cell 0 is not a phandle reference
<stdout>: Warning (clocks_property): /soc@0/geniqup@ac0000/spi@a80000:clocks: cell 0 is not a phandle reference
<stdout>: Warning (clocks_property): /soc@0/geniqup@ac0000/serial@a98000:clocks: cell 0 is not a phandle reference
<stdout>: Warning (clocks_property): /soc@0/geniqup@ac0000/i2c@a84000:clocks: cell 0 is not a phandle reference
<stdout>: Warning (clocks_property): /soc@0/geniqup@ac0000/spi@a9c000:clocks: cell 0 is not a phandle reference
<stdout>: Warning (clocks_property): /soc@0/geniqup@ac0000/spi@a90000:clocks: cell 0 is not a phandle reference
<stdout>: Warning (clocks_property): /soc@0/geniqup@ac0000/i2c@a8c000:clocks: cell 0 is not a phandle reference
<stdout>: Warning (clocks_property): /soc@0/geniqup@ac0000/spi@a88000:clocks: cell 0 is not a phandle reference
<stdout>: Warning (clocks_property): /soc@0/geniqup@ac0000/i2c@a94000:clocks: cell 0 is not a phandle reference
<stdout>: Warning (clocks_property): /soc@0/geniqup@ac0000/i2c@a80000:clocks: cell 0 is not a phandle reference
<stdout>: Warning (clocks_property): /soc@0/geniqup@ac0000/i2c@a9c000:clocks: cell 0 is not a phandle reference
<stdout>: Warning (clocks_property): /soc@0/geniqup@ac0000/spi@a98000:clocks: cell 0 is not a phandle reference
<stdout>: Warning (clocks_property): /soc@0/geniqup@ac0000/spi@a84000:clocks: cell 0 is not a phandle reference
<stdout>: Warning (clocks_property): /soc@0/pci@1bf8000:clocks: cell 0 is not a phandle reference
<stdout>: Warning (clocks_property): /soc@0/pci@1bf8000:clocks: cell 2 is not a phandle reference
<stdout>: Warning (clocks_property): /soc@0/pci@1bf8000:clocks: cell 4 is not a phandle reference
<stdout>: Warning (clocks_property): /soc@0/pci@1bf8000:clocks: cell 6 is not a phandle reference
<stdout>: Warning (clocks_property): /soc@0/pci@1bf8000:clocks: cell 8 is not a phandle reference
<stdout>: Warning (clocks_property): /soc@0/pci@1bf8000:clocks: cell 10 is not a phandle reference
<stdout>: Warning (clocks_property): /soc@0/pci@1bf8000:clocks: cell 12 is not a phandle reference
<stdout>: Warning (clocks_property): /soc@0/clock-controller@3d90000:clocks: cell 0 is not a phandle reference
<stdout>: Warning (clocks_property): /soc@0/clock-controller@3d90000:clocks: cell 1 is not a phandle reference
<stdout>: Warning (clocks_property): /soc@0/clock-controller@3d90000:clocks: cell 3 is not a phandle reference
<stdout>: Warning (clocks_property): /soc@0/funnel@10d13000:clocks: cell 0 is not a phandle reference
<stdout>: Warning (clocks_property): /soc@0/tpdm@10844000:clocks: cell 0 is not a phandle reference
<stdout>: Warning (clocks_property): /soc@0/clock-controller@1fc0000:clocks: cell 0 is not a phandle reference
<stdout>: Warning (clocks_property): /soc@0/tpdm@10cc1000:clocks: cell 0 is not a phandle reference
<stdout>: Warning (clocks_property): /soc@0/replicator@10b06000:clocks: cell 0 is not a phandle reference
<stdout>: Warning (clocks_property): /soc@0/tpdm@10841000:clocks: cell 0 is not a phandle reference
<stdout>: Warning (clocks_property): /soc@0/funnel@10041000:clocks: cell 0 is not a phandle reference
<stdout>: Warning (clocks_property): /soc@0/phy@88e3000:clocks: cell 0 is not a phandle reference
<stdout>: Warning (clocks_property): /soc@0/phy@88e3000:clocks: cell 2 is not a phandle reference
<stdout>: Warning (clocks_property): /soc@0/phy@88e3000:clocks: cell 4 is not a phandle reference
<stdout>: Warning (clocks_property): /soc@0/phy@88e3000:clocks: cell 6 is not a phandle reference
<stdout>: Warning (clocks_property): /soc@0/funnel@10c0b000:clocks: cell 0 is not a phandle reference
<stdout>: Warning (clocks_property): /soc@0/phy@88e0000:clocks: cell 0 is not a phandle reference
<stdout>: Warning (clocks_property): /soc@0/funnel@10846000:clocks: cell 0 is not a phandle reference
<stdout>: Warning (clocks_property): /soc@0/phy@aec5a00:clocks: cell 0 is not a phandle reference
<stdout>: Warning (clocks_property): /soc@0/phy@aec5a00:clocks: cell 2 is not a phandle reference
<stdout>: Warning (clocks_property): /soc@0/phy@aec5a00:clocks: cell 4 is not a phandle reference
<stdout>: Warning (clocks_property): /soc@0/phy@1be0000:clocks: cell 0 is not a phandle reference
<stdout>: Warning (clocks_property): /soc@0/phy@1be0000:clocks: cell 2 is not a phandle reference
<stdout>: Warning (clocks_property): /soc@0/phy@1be0000:clocks: cell 4 is not a phandle reference
<stdout>: Warning (clocks_property): /soc@0/phy@1be0000:clocks: cell 6 is not a phandle reference
<stdout>: Warning (clocks_property): /soc@0/phy@1be0000:clocks: cell 8 is not a phandle reference
<stdout>: Warning (clocks_property): /soc@0/phy@1be0000:clocks: cell 10 is not a phandle reference
<stdout>: Warning (clocks_property): /soc@0/phy@1d80000:clocks: cell 0 is not a phandle reference
<stdout>: Warning (clocks_property): /soc@0/phy@1d80000:clocks: cell 2 is not a phandle reference
<stdout>: Warning (clocks_property): /soc@0/phy@1d80000:clocks: cell 4 is not a phandle reference
<stdout>: Warning (clocks_property): /soc@0/gmu@3d6a000:clocks: cell 0 is not a phandle reference
<stdout>: Warning (clocks_property): /soc@0/gmu@3d6a000:clocks: cell 2 is not a phandle reference
<stdout>: Warning (clocks_property): /soc@0/gmu@3d6a000:clocks: cell 4 is not a phandle reference
<stdout>: Warning (clocks_property): /soc@0/gmu@3d6a000:clocks: cell 6 is not a phandle reference
<stdout>: Warning (clocks_property): /soc@0/gmu@3d6a000:clocks: cell 8 is not a phandle reference
<stdout>: Warning (clocks_property): /soc@0/gmu@3d6a000:clocks: cell 10 is not a phandle reference
<stdout>: Warning (clocks_property): /soc@0/gmu@3d6a000:clocks: cell 12 is not a phandle reference
<stdout>: Warning (clocks_property): /soc@0/phy@aec2a00:clocks: cell 0 is not a phandle reference
<stdout>: Warning (clocks_property): /soc@0/phy@aec2a00:clocks: cell 2 is not a phandle reference
<stdout>: Warning (clocks_property): /soc@0/phy@aec2a00:clocks: cell 4 is not a phandle reference
<stdout>: Warning (clocks_property): /soc@0/phy@fde000:clocks: cell 0 is not a phandle reference
<stdout>: Warning (clocks_property): /soc@0/mmc@8804000:clocks: cell 0 is not a phandle reference
<stdout>: Warning (clocks_property): /soc@0/mmc@8804000:clocks: cell 2 is not a phandle reference
<stdout>: Warning (clocks_property): /soc@0/mmc@8804000:clocks: cell 4 is not a phandle reference
<stdout>: Warning (clocks_property): /soc@0/tpda@10c3c000:clocks: cell 0 is not a phandle reference
<stdout>: Warning (clocks_property): /soc@0/tpdm@10b0c000:clocks: cell 0 is not a phandle reference
<stdout>: Warning (clocks_property): /soc@0/tpdm@10d0e000:clocks: cell 0 is not a phandle reference
<stdout>: Warning (clocks_property): /soc@0/video-codec@aa00000:clocks: cell 0 is not a phandle reference
<stdout>: Warning (clocks_property): /soc@0/video-codec@aa00000:clocks: cell 2 is not a phandle reference
<stdout>: Warning (clocks_property): /soc@0/video-codec@aa00000:clocks: cell 4 is not a phandle reference
<stdout>: Warning (clocks_property): /soc@0/tpdm@10d0b000:clocks: cell 0 is not a phandle reference
<stdout>: Warning (clocks_property): /soc@0/mmc@8844000:clocks: cell 0 is not a phandle reference
<stdout>: Warning (clocks_property): /soc@0/mmc@8844000:clocks: cell 2 is not a phandle reference
<stdout>: Warning (clocks_property): /soc@0/mmc@8844000:clocks: cell 4 is not a phandle reference
<stdout>: Warning (clocks_property): /soc@0/phy@1c06000:clocks: cell 0 is not a phandle reference
<stdout>: Warning (clocks_property): /soc@0/phy@1c06000:clocks: cell 2 is not a phandle reference
<stdout>: Warning (clocks_property): /soc@0/phy@1c06000:clocks: cell 4 is not a phandle reference
<stdout>: Warning (clocks_property): /soc@0/phy@1c06000:clocks: cell 6 is not a phandle reference
<stdout>: Warning (clocks_property): /soc@0/phy@1c06000:clocks: cell 8 is not a phandle reference
<stdout>: Warning (clocks_property): /soc@0/phy@1c06000:clocks: cell 10 is not a phandle reference
<stdout>: Warning (clocks_property): /soc@0/tmc@10b05000:clocks: cell 0 is not a phandle reference
<stdout>: Warning (clocks_property): /soc@0/tpda@10b23000:clocks: cell 0 is not a phandle reference
<stdout>: Warning (clocks_property): /soc@0/funnel@10c3d000:clocks: cell 0 is not a phandle reference
<stdout>: Warning (clocks_property): /soc@0/tpdm@10c38000:clocks: cell 0 is not a phandle reference
<stdout>: Warning (clocks_property): /soc@0/phy@1bfc000:clocks: cell 0 is not a phandle reference
<stdout>: Warning (clocks_property): /soc@0/phy@1bfc000:clocks: cell 2 is not a phandle reference
<stdout>: Warning (clocks_property): /soc@0/phy@1bfc000:clocks: cell 4 is not a phandle reference
<stdout>: Warning (clocks_property): /soc@0/phy@1bfc000:clocks: cell 6 is not a phandle reference
<stdout>: Warning (clocks_property): /soc@0/phy@1bfc000:clocks: cell 8 is not a phandle reference
<stdout>: Warning (clocks_property): /soc@0/phy@1bfc000:clocks: cell 10 is not a phandle reference
<stdout>: Warning (clocks_property): /soc@0/tpda@10c2b000:clocks: cell 0 is not a phandle reference
<stdout>: Warning (clocks_property): /soc@0/funnel@10b24000:clocks: cell 0 is not a phandle reference
<stdout>: Warning (clocks_property): /soc@0/tpdm@10b09000:clocks: cell 0 is not a phandle reference
<stdout>: Warning (clocks_property): /soc@0/tpdm@10d08000:clocks: cell 0 is not a phandle reference
<stdout>: Warning (clocks_property): /soc@0/watchdog@17410000:clocks: cell 0 is not a phandle reference
<stdout>: Warning (clocks_property): /soc@0/funnel@10c2c000:clocks: cell 0 is not a phandle reference
<stdout>: Warning (clocks_property): /soc@0/phy@fd5000:clocks: cell 0 is not a phandle reference
<stdout>: Warning (clocks_property): /soc@0/phy@fd5000:clocks: cell 2 is not a phandle reference
<stdout>: Warning (clocks_property): /soc@0/phy@fd5000:clocks: cell 4 is not a phandle reference
<stdout>: Warning (clocks_property): /soc@0/phy@fd5000:clocks: cell 6 is not a phandle reference
<stdout>: Warning (clocks_property): /soc@0/usb@a200000:clocks: cell 0 is not a phandle reference
<stdout>: Warning (clocks_property): /soc@0/usb@a200000:clocks: cell 2 is not a phandle reference
<stdout>: Warning (clocks_property): /soc@0/usb@a200000:clocks: cell 4 is not a phandle reference
<stdout>: Warning (clocks_property): /soc@0/usb@a200000:clocks: cell 6 is not a phandle reference
<stdout>: Warning (clocks_property): /soc@0/usb@a200000:clocks: cell 8 is not a phandle reference
<stdout>: Warning (clocks_property): /soc@0/usb@a200000:clocks: cell 10 is not a phandle reference
<stdout>: Warning (clocks_property): /soc@0/usb@a200000:clocks: cell 12 is not a phandle reference
<stdout>: Warning (clocks_property): /soc@0/usb@a200000:clocks: cell 14 is not a phandle reference
<stdout>: Warning (clocks_property): /soc@0/usb@a200000:clocks: cell 16 is not a phandle reference
<stdout>: Warning (clocks_property): /soc@0/codec@6aa0000:clocks: cell 0 is not a phandle reference
<stdout>: Warning (clocks_property): /soc@0/codec@6aa0000:clocks: cell 3 is not a phandle reference
<stdout>: Warning (clocks_property): /soc@0/codec@6aa0000:clocks: cell 6 is not a phandle reference
<stdout>: Warning (clocks_property): /soc@0/codec@6aa0000:clocks: cell 9 is not a phandle reference
<stdout>: Warning (clocks_property): /soc@0/codec@6ae0000:clocks: cell 0 is not a phandle reference
<stdout>: Warning (clocks_property): /soc@0/codec@6ae0000:clocks: cell 3 is not a phandle reference
<stdout>: Warning (clocks_property): /soc@0/codec@6ae0000:clocks: cell 6 is not a phandle reference
<stdout>: Warning (clocks_property): /soc@0/codec@6ae0000:clocks: cell 9 is not a phandle reference
<stdout>: Warning (clocks_property): /soc@0/tpdm@10800000:clocks: cell 0 is not a phandle reference
<stdout>: Warning (clocks_property): /soc@0/usb@a800000:clocks: cell 0 is not a phandle reference
<stdout>: Warning (clocks_property): /soc@0/usb@a800000:clocks: cell 2 is not a phandle reference
<stdout>: Warning (clocks_property): /soc@0/usb@a800000:clocks: cell 4 is not a phandle reference
<stdout>: Warning (clocks_property): /soc@0/usb@a800000:clocks: cell 6 is not a phandle reference
<stdout>: Warning (clocks_property): /soc@0/usb@a800000:clocks: cell 8 is not a phandle reference
<stdout>: Warning (clocks_property): /soc@0/usb@a800000:clocks: cell 10 is not a phandle reference
<stdout>: Warning (clocks_property): /soc@0/usb@a800000:clocks: cell 12 is not a phandle reference
<stdout>: Warning (clocks_property): /soc@0/usb@a800000:clocks: cell 14 is not a phandle reference
<stdout>: Warning (clocks_property): /soc@0/usb@a800000:clocks: cell 16 is not a phandle reference
<stdout>: Warning (clocks_property): /soc@0/tpdm@10ac1000:clocks: cell 0 is not a phandle reference
<stdout>: Warning (clocks_property): /soc@0/remoteproc@6800000:clocks: cell 0 is not a phandle reference
<stdout>: Warning (clocks_property): /soc@0/phy@1c0e000:clocks: cell 0 is not a phandle reference
<stdout>: Warning (clocks_property): /soc@0/phy@1c0e000:clocks: cell 2 is not a phandle reference
<stdout>: Warning (clocks_property): /soc@0/phy@1c0e000:clocks: cell 4 is not a phandle reference
<stdout>: Warning (clocks_property): /soc@0/phy@1c0e000:clocks: cell 6 is not a phandle reference
<stdout>: Warning (clocks_property): /soc@0/phy@1c0e000:clocks: cell 8 is not a phandle reference
<stdout>: Warning (clocks_property): /soc@0/phy@1c0e000:clocks: cell 10 is not a phandle reference
<stdout>: Warning (clocks_property): /soc@0/soundwire@6ab0000:clocks: cell 0 is not a phandle reference
<stdout>: Warning (clocks_property): /soc@0/tpda@10cc4000:clocks: cell 0 is not a phandle reference
<stdout>: Warning (clocks_property): /soc@0/funnel@10d04000:clocks: cell 0 is not a phandle reference
<stdout>: Warning (clocks_property): /clocks/bi-tcxo-ao-div2-clk:clocks: cell 0 is not a phandle reference
<stdout>: Warning (clocks_property): /clocks/bi-tcxo-div2-clk:clocks: cell 0 is not a phandle reference
<stdout>: Warning (cooling_device_property): /thermal-zones/gpuss-7-thermal/cooling-maps/map0:cooling-device: cell 0 is not a phandle reference
<stdout>: Warning (cooling_device_property): /thermal-zones/gpuss-0-thermal/cooling-maps/map0:cooling-device: cell 0 is not a phandle reference
<stdout>: Warning (cooling_device_property): /thermal-zones/gpuss-2-thermal/cooling-maps/map0:cooling-device: cell 0 is not a phandle reference
<stdout>: Warning (cooling_device_property): /thermal-zones/gpuss-4-thermal/cooling-maps/map0:cooling-device: cell 0 is not a phandle reference
<stdout>: Warning (cooling_device_property): /thermal-zones/gpuss-6-thermal/cooling-maps/map0:cooling-device: cell 0 is not a phandle reference
<stdout>: Warning (cooling_device_property): /thermal-zones/gpuss-1-thermal/cooling-maps/map0:cooling-device: cell 0 is not a phandle reference
<stdout>: Warning (cooling_device_property): /thermal-zones/gpuss-3-thermal/cooling-maps/map0:cooling-device: cell 0 is not a phandle reference
<stdout>: Warning (cooling_device_property): /thermal-zones/gpuss-5-thermal/cooling-maps/map0:cooling-device: cell 0 is not a phandle reference
<stdout>: Warning (dmas_property): /soc@0/geniqup@bc0000/spi@b8c000:dmas: cell 0 is not a phandle reference
<stdout>: Warning (dmas_property): /soc@0/geniqup@bc0000/spi@b8c000:dmas: cell 4 is not a phandle reference
<stdout>: Warning (dmas_property): /soc@0/geniqup@bc0000/spi@b94000:dmas: cell 0 is not a phandle reference
<stdout>: Warning (dmas_property): /soc@0/geniqup@bc0000/spi@b94000:dmas: cell 4 is not a phandle reference
<stdout>: Warning (dmas_property): /soc@0/geniqup@bc0000/i2c@b98000:dmas: cell 0 is not a phandle reference
<stdout>: Warning (dmas_property): /soc@0/geniqup@bc0000/i2c@b98000:dmas: cell 4 is not a phandle reference
<stdout>: Warning (dmas_property): /soc@0/geniqup@bc0000/spi@b80000:dmas: cell 0 is not a phandle reference
<stdout>: Warning (dmas_property): /soc@0/geniqup@bc0000/spi@b80000:dmas: cell 4 is not a phandle reference
<stdout>: Warning (dmas_property): /soc@0/geniqup@bc0000/i2c@b84000:dmas: cell 0 is not a phandle reference
<stdout>: Warning (dmas_property): /soc@0/geniqup@bc0000/i2c@b84000:dmas: cell 4 is not a phandle reference
<stdout>: Warning (dmas_property): /soc@0/geniqup@bc0000/spi@b9c000:dmas: cell 0 is not a phandle reference
<stdout>: Warning (dmas_property): /soc@0/geniqup@bc0000/spi@b9c000:dmas: cell 4 is not a phandle reference
<stdout>: Warning (dmas_property): /soc@0/geniqup@bc0000/spi@b90000:dmas: cell 0 is not a phandle reference
<stdout>: Warning (dmas_property): /soc@0/geniqup@bc0000/spi@b90000:dmas: cell 4 is not a phandle reference
<stdout>: Warning (dmas_property): /soc@0/geniqup@bc0000/i2c@b8c000:dmas: cell 0 is not a phandle reference
<stdout>: Warning (dmas_property): /soc@0/geniqup@bc0000/i2c@b8c000:dmas: cell 4 is not a phandle reference
<stdout>: Warning (dmas_property): /soc@0/geniqup@bc0000/spi@b88000:dmas: cell 0 is not a phandle reference
<stdout>: Warning (dmas_property): /soc@0/geniqup@bc0000/spi@b88000:dmas: cell 4 is not a phandle reference
<stdout>: Warning (dmas_property): /soc@0/geniqup@bc0000/i2c@b94000:dmas: cell 0 is not a phandle reference
<stdout>: Warning (dmas_property): /soc@0/geniqup@bc0000/i2c@b94000:dmas: cell 4 is not a phandle reference
<stdout>: Warning (dmas_property): /soc@0/geniqup@bc0000/i2c@b80000:dmas: cell 0 is not a phandle reference
<stdout>: Warning (dmas_property): /soc@0/geniqup@bc0000/i2c@b80000:dmas: cell 4 is not a phandle reference
<stdout>: Warning (dmas_property): /soc@0/geniqup@bc0000/i2c@b9c000:dmas: cell 0 is not a phandle reference
<stdout>: Warning (dmas_property): /soc@0/geniqup@bc0000/i2c@b9c000:dmas: cell 4 is not a phandle reference
<stdout>: Warning (dmas_property): /soc@0/geniqup@bc0000/spi@b98000:dmas: cell 0 is not a phandle reference
<stdout>: Warning (dmas_property): /soc@0/geniqup@bc0000/spi@b98000:dmas: cell 4 is not a phandle reference
<stdout>: Warning (dmas_property): /soc@0/geniqup@bc0000/spi@b84000:dmas: cell 0 is not a phandle reference
<stdout>: Warning (dmas_property): /soc@0/geniqup@bc0000/spi@b84000:dmas: cell 4 is not a phandle reference
<stdout>: Warning (dmas_property): /soc@0/geniqup@bc0000/i2c@b90000:dmas: cell 0 is not a phandle reference
<stdout>: Warning (dmas_property): /soc@0/geniqup@bc0000/i2c@b90000:dmas: cell 4 is not a phandle reference
<stdout>: Warning (dmas_property): /soc@0/geniqup@bc0000/i2c@b88000:dmas: cell 0 is not a phandle reference
<stdout>: Warning (dmas_property): /soc@0/geniqup@bc0000/i2c@b88000:dmas: cell 4 is not a phandle reference
<stdout>: Warning (dmas_property): /soc@0/crypto@1dfa000:dmas: cell 0 is not a phandle reference
<stdout>: Warning (dmas_property): /soc@0/crypto@1dfa000:dmas: cell 2 is not a phandle reference
<stdout>: Warning (dmas_property): /soc@0/geniqup@8c0000/spi@88c000:dmas: cell 0 is not a phandle reference
<stdout>: Warning (dmas_property): /soc@0/geniqup@8c0000/spi@88c000:dmas: cell 4 is not a phandle reference
<stdout>: Warning (dmas_property): /soc@0/geniqup@8c0000/spi@894000:dmas: cell 0 is not a phandle reference
<stdout>: Warning (dmas_property): /soc@0/geniqup@8c0000/spi@894000:dmas: cell 4 is not a phandle reference
<stdout>: Warning (dmas_property): /soc@0/geniqup@8c0000/i2c@898000:dmas: cell 0 is not a phandle reference
<stdout>: Warning (dmas_property): /soc@0/geniqup@8c0000/i2c@898000:dmas: cell 4 is not a phandle reference
<stdout>: Warning (dmas_property): /soc@0/geniqup@8c0000/spi@880000:dmas: cell 0 is not a phandle reference
<stdout>: Warning (dmas_property): /soc@0/geniqup@8c0000/spi@880000:dmas: cell 4 is not a phandle reference
<stdout>: Warning (dmas_property): /soc@0/geniqup@8c0000/i2c@884000:dmas: cell 0 is not a phandle reference
<stdout>: Warning (dmas_property): /soc@0/geniqup@8c0000/i2c@884000:dmas: cell 4 is not a phandle reference
<stdout>: Warning (dmas_property): /soc@0/geniqup@8c0000/spi@89c000:dmas: cell 0 is not a phandle reference
<stdout>: Warning (dmas_property): /soc@0/geniqup@8c0000/spi@89c000:dmas: cell 4 is not a phandle reference
<stdout>: Warning (dmas_property): /soc@0/geniqup@8c0000/spi@890000:dmas: cell 0 is not a phandle reference
<stdout>: Warning (dmas_property): /soc@0/geniqup@8c0000/spi@890000:dmas: cell 4 is not a phandle reference
<stdout>: Warning (dmas_property): /soc@0/geniqup@8c0000/i2c@88c000:dmas: cell 0 is not a phandle reference
<stdout>: Warning (dmas_property): /soc@0/geniqup@8c0000/i2c@88c000:dmas: cell 4 is not a phandle reference
<stdout>: Warning (dmas_property): /soc@0/geniqup@8c0000/spi@888000:dmas: cell 0 is not a phandle reference
<stdout>: Warning (dmas_property): /soc@0/geniqup@8c0000/spi@888000:dmas: cell 4 is not a phandle reference
<stdout>: Warning (dmas_property): /soc@0/geniqup@8c0000/i2c@894000:dmas: cell 0 is not a phandle reference
<stdout>: Warning (dmas_property): /soc@0/geniqup@8c0000/i2c@894000:dmas: cell 4 is not a phandle reference
<stdout>: Warning (dmas_property): /soc@0/geniqup@8c0000/i2c@880000:dmas: cell 0 is not a phandle reference
<stdout>: Warning (dmas_property): /soc@0/geniqup@8c0000/i2c@880000:dmas: cell 4 is not a phandle reference
<stdout>: Warning (dmas_property): /soc@0/geniqup@8c0000/i2c@89c000:dmas: cell 0 is not a phandle reference
<stdout>: Warning (dmas_property): /soc@0/geniqup@8c0000/i2c@89c000:dmas: cell 4 is not a phandle reference
<stdout>: Warning (dmas_property): /soc@0/geniqup@8c0000/spi@898000:dmas: cell 0 is not a phandle reference
<stdout>: Warning (dmas_property): /soc@0/geniqup@8c0000/spi@898000:dmas: cell 4 is not a phandle reference
<stdout>: Warning (dmas_property): /soc@0/geniqup@8c0000/spi@884000:dmas: cell 0 is not a phandle reference
<stdout>: Warning (dmas_property): /soc@0/geniqup@8c0000/spi@884000:dmas: cell 4 is not a phandle reference
<stdout>: Warning (dmas_property): /soc@0/geniqup@8c0000/i2c@890000:dmas: cell 0 is not a phandle reference
<stdout>: Warning (dmas_property): /soc@0/geniqup@8c0000/i2c@890000:dmas: cell 4 is not a phandle reference
<stdout>: Warning (dmas_property): /soc@0/geniqup@8c0000/i2c@888000:dmas: cell 0 is not a phandle reference
<stdout>: Warning (dmas_property): /soc@0/geniqup@8c0000/i2c@888000:dmas: cell 4 is not a phandle reference
<stdout>: Warning (dmas_property): /soc@0/geniqup@ac0000/i2c@a90000:dmas: cell 0 is not a phandle reference
<stdout>: Warning (dmas_property): /soc@0/geniqup@ac0000/i2c@a90000:dmas: cell 4 is not a phandle reference
<stdout>: Warning (dmas_property): /soc@0/geniqup@ac0000/i2c@a88000:dmas: cell 0 is not a phandle reference
<stdout>: Warning (dmas_property): /soc@0/geniqup@ac0000/i2c@a88000:dmas: cell 4 is not a phandle reference
<stdout>: Warning (dmas_property): /soc@0/geniqup@ac0000/spi@a8c000:dmas: cell 0 is not a phandle reference
<stdout>: Warning (dmas_property): /soc@0/geniqup@ac0000/spi@a8c000:dmas: cell 4 is not a phandle reference
<stdout>: Warning (dmas_property): /soc@0/geniqup@ac0000/spi@a94000:dmas: cell 0 is not a phandle reference
<stdout>: Warning (dmas_property): /soc@0/geniqup@ac0000/spi@a94000:dmas: cell 4 is not a phandle reference
<stdout>: Warning (dmas_property): /soc@0/geniqup@ac0000/i2c@a98000:dmas: cell 0 is not a phandle reference
<stdout>: Warning (dmas_property): /soc@0/geniqup@ac0000/i2c@a98000:dmas: cell 4 is not a phandle reference
<stdout>: Warning (dmas_property): /soc@0/geniqup@ac0000/spi@a80000:dmas: cell 0 is not a phandle reference
<stdout>: Warning (dmas_property): /soc@0/geniqup@ac0000/spi@a80000:dmas: cell 4 is not a phandle reference
<stdout>: Warning (dmas_property): /soc@0/geniqup@ac0000/i2c@a84000:dmas: cell 0 is not a phandle reference
<stdout>: Warning (dmas_property): /soc@0/geniqup@ac0000/i2c@a84000:dmas: cell 4 is not a phandle reference
<stdout>: Warning (dmas_property): /soc@0/geniqup@ac0000/spi@a9c000:dmas: cell 0 is not a phandle reference
<stdout>: Warning (dmas_property): /soc@0/geniqup@ac0000/spi@a9c000:dmas: cell 4 is not a phandle reference
<stdout>: Warning (dmas_property): /soc@0/geniqup@ac0000/spi@a90000:dmas: cell 0 is not a phandle reference
<stdout>: Warning (dmas_property): /soc@0/geniqup@ac0000/spi@a90000:dmas: cell 4 is not a phandle reference
<stdout>: Warning (dmas_property): /soc@0/geniqup@ac0000/i2c@a8c000:dmas: cell 0 is not a phandle reference
<stdout>: Warning (dmas_property): /soc@0/geniqup@ac0000/i2c@a8c000:dmas: cell 4 is not a phandle reference
<stdout>: Warning (dmas_property): /soc@0/geniqup@ac0000/spi@a88000:dmas: cell 0 is not a phandle reference
<stdout>: Warning (dmas_property): /soc@0/geniqup@ac0000/spi@a88000:dmas: cell 4 is not a phandle reference
<stdout>: Warning (dmas_property): /soc@0/geniqup@ac0000/i2c@a94000:dmas: cell 0 is not a phandle reference
<stdout>: Warning (dmas_property): /soc@0/geniqup@ac0000/i2c@a94000:dmas: cell 4 is not a phandle reference
<stdout>: Warning (dmas_property): /soc@0/geniqup@ac0000/i2c@a80000:dmas: cell 0 is not a phandle reference
<stdout>: Warning (dmas_property): /soc@0/geniqup@ac0000/i2c@a80000:dmas: cell 4 is not a phandle reference
<stdout>: Warning (dmas_property): /soc@0/geniqup@ac0000/i2c@a9c000:dmas: cell 0 is not a phandle reference
<stdout>: Warning (dmas_property): /soc@0/geniqup@ac0000/i2c@a9c000:dmas: cell 4 is not a phandle reference
<stdout>: Warning (dmas_property): /soc@0/geniqup@ac0000/spi@a98000:dmas: cell 0 is not a phandle reference
<stdout>: Warning (dmas_property): /soc@0/geniqup@ac0000/spi@a98000:dmas: cell 4 is not a phandle reference
<stdout>: Warning (dmas_property): /soc@0/geniqup@ac0000/spi@a84000:dmas: cell 0 is not a phandle reference
<stdout>: Warning (dmas_property): /soc@0/geniqup@ac0000/spi@a84000:dmas: cell 4 is not a phandle reference
<stdout>: Warning (hwlocks_property): /reserved-memory/smem@ffe00000:hwlocks: cell 0 is not a phandle reference
<stdout>: Warning (interrupts_extended_property): /soc@0/remoteproc@32300000:interrupts-extended: cell 0 is not a phandle reference
<stdout>: Warning (interrupts_extended_property): /soc@0/remoteproc@32300000:interrupts-extended: cell 4 is not a phandle reference
<stdout>: Warning (interrupts_extended_property): /soc@0/remoteproc@32300000:interrupts-extended: cell 7 is not a phandle reference
<stdout>: Warning (interrupts_extended_property): /soc@0/remoteproc@32300000:interrupts-extended: cell 10 is not a phandle reference
<stdout>: Warning (interrupts_extended_property): /soc@0/remoteproc@32300000:interrupts-extended: cell 13 is not a phandle reference
<stdout>: Warning (interrupts_extended_property): /soc@0/remoteproc@32300000/glink-edge:interrupts-extended: cell 0 is not a phandle reference
<stdout>: Warning (interrupts_extended_property): /soc@0/usb@a000000:interrupts-extended: cell 0 is not a phandle reference
<stdout>: Warning (interrupts_extended_property): /soc@0/usb@a000000:interrupts-extended: cell 4 is not a phandle reference
<stdout>: Warning (interrupts_extended_property): /soc@0/usb@a000000:interrupts-extended: cell 8 is not a phandle reference
<stdout>: Warning (interrupts_extended_property): /soc@0/usb@a000000:interrupts-extended: cell 11 is not a phandle reference
<stdout>: Warning (interrupts_extended_property): /soc@0/usb@a000000:interrupts-extended: cell 14 is not a phandle reference
<stdout>: Warning (interrupts_extended_property): /soc@0/power-management@c300000:interrupts-extended: cell 0 is not a phandle reference
<stdout>: Warning (interrupts_extended_property): /soc@0/usb@a600000:interrupts-extended: cell 0 is not a phandle reference
<stdout>: Warning (interrupts_extended_property): /soc@0/usb@a600000:interrupts-extended: cell 4 is not a phandle reference
<stdout>: Warning (interrupts_extended_property): /soc@0/usb@a600000:interrupts-extended: cell 8 is not a phandle reference
<stdout>: Warning (interrupts_extended_property): /soc@0/usb@a600000:interrupts-extended: cell 11 is not a phandle reference
<stdout>: Warning (interrupts_extended_property): /soc@0/usb@a600000:interrupts-extended: cell 14 is not a phandle reference
<stdout>: Warning (interrupts_extended_property): /soc@0/display-subsystem@ae00000/displayport-controller@ae98000:interrupts-extended: cell 0 is not a phandle reference
<stdout>: Warning (interrupts_extended_property): /soc@0/display-subsystem@ae00000/display-controller@ae01000:interrupts-extended: cell 0 is not a phandle reference
<stdout>: Warning (interrupts_extended_property): /soc@0/display-subsystem@ae00000/displayport-controller@aea0000:interrupts-extended: cell 0 is not a phandle reference
<stdout>: Warning (interrupts_extended_property): /soc@0/display-subsystem@ae00000/displayport-controller@ae9a000:interrupts-extended: cell 0 is not a phandle reference
<stdout>: Warning (interrupts_extended_property): /soc@0/display-subsystem@ae00000/displayport-controller@ae90000:interrupts-extended: cell 0 is not a phandle reference
<stdout>: Warning (interrupts_extended_property): /soc@0/thermal-sensor@c272000:interrupts-extended: cell 0 is not a phandle reference
<stdout>: Warning (interrupts_extended_property): /soc@0/thermal-sensor@c272000:interrupts-extended: cell 3 is not a phandle reference
<stdout>: Warning (interrupts_extended_property): /soc@0/geniqup@bc0000/serial@b88000/embedded-controller:interrupts-extended: cell 0 is not a phandle reference
<stdout>: Warning (interrupts_extended_property): /soc@0/usb@a400000:interrupts-extended: cell 0 is not a phandle reference
<stdout>: Warning (interrupts_extended_property): /soc@0/usb@a400000:interrupts-extended: cell 4 is not a phandle reference
<stdout>: Warning (interrupts_extended_property): /soc@0/usb@a400000:interrupts-extended: cell 8 is not a phandle reference
<stdout>: Warning (interrupts_extended_property): /soc@0/usb@a400000:interrupts-extended: cell 12 is not a phandle reference
<stdout>: Warning (interrupts_extended_property): /soc@0/usb@a400000:interrupts-extended: cell 16 is not a phandle reference
<stdout>: Warning (interrupts_extended_property): /soc@0/usb@a400000:interrupts-extended: cell 20 is not a phandle reference
<stdout>: Warning (interrupts_extended_property): /soc@0/usb@a400000:interrupts-extended: cell 23 is not a phandle reference
<stdout>: Warning (interrupts_extended_property): /soc@0/usb@a400000:interrupts-extended: cell 26 is not a phandle reference
<stdout>: Warning (interrupts_extended_property): /soc@0/usb@a400000:interrupts-extended: cell 29 is not a phandle reference
<stdout>: Warning (interrupts_extended_property): /soc@0/usb@a400000:interrupts-extended: cell 32 is not a phandle reference
<stdout>: Warning (interrupts_extended_property): /soc@0/usb@a400000:interrupts-extended: cell 35 is not a phandle reference
<stdout>: Warning (interrupts_extended_property): /soc@0/thermal-sensor@c274000:interrupts-extended: cell 0 is not a phandle reference
<stdout>: Warning (interrupts_extended_property): /soc@0/thermal-sensor@c274000:interrupts-extended: cell 3 is not a phandle reference
<stdout>: Warning (interrupts_extended_property): /soc@0/thermal-sensor@c271000:interrupts-extended: cell 0 is not a phandle reference
<stdout>: Warning (interrupts_extended_property): /soc@0/thermal-sensor@c271000:interrupts-extended: cell 3 is not a phandle reference
<stdout>: Warning (interrupts_extended_property): /soc@0/arbiter@c400000/spmi@c42d000:interrupts-extended: cell 0 is not a phandle reference
<stdout>: Warning (interrupts_extended_property): /soc@0/arbiter@c400000/spmi@c432000:interrupts-extended: cell 0 is not a phandle reference
<stdout>: Warning (interrupts_extended_property): /soc@0/usb@a200000:interrupts-extended: cell 0 is not a phandle reference
<stdout>: Warning (interrupts_extended_property): /soc@0/usb@a200000:interrupts-extended: cell 4 is not a phandle reference
<stdout>: Warning (interrupts_extended_property): /soc@0/usb@a200000:interrupts-extended: cell 8 is not a phandle reference
<stdout>: Warning (interrupts_extended_property): /soc@0/usb@a200000:interrupts-extended: cell 11 is not a phandle reference
<stdout>: Warning (interrupts_extended_property): /soc@0/thermal-sensor@c273000:interrupts-extended: cell 0 is not a phandle reference
<stdout>: Warning (interrupts_extended_property): /soc@0/thermal-sensor@c273000:interrupts-extended: cell 3 is not a phandle reference
<stdout>: Warning (interrupts_extended_property): /soc@0/usb@a800000:interrupts-extended: cell 0 is not a phandle reference
<stdout>: Warning (interrupts_extended_property): /soc@0/usb@a800000:interrupts-extended: cell 4 is not a phandle reference
<stdout>: Warning (interrupts_extended_property): /soc@0/usb@a800000:interrupts-extended: cell 8 is not a phandle reference
<stdout>: Warning (interrupts_extended_property): /soc@0/usb@a800000:interrupts-extended: cell 11 is not a phandle reference
<stdout>: Warning (interrupts_extended_property): /soc@0/usb@a800000:interrupts-extended: cell 14 is not a phandle reference
<stdout>: Warning (interrupts_extended_property): /soc@0/remoteproc@6800000:interrupts-extended: cell 0 is not a phandle reference
<stdout>: Warning (interrupts_extended_property): /soc@0/remoteproc@6800000:interrupts-extended: cell 3 is not a phandle reference
<stdout>: Warning (interrupts_extended_property): /soc@0/remoteproc@6800000:interrupts-extended: cell 6 is not a phandle reference
<stdout>: Warning (interrupts_extended_property): /soc@0/remoteproc@6800000:interrupts-extended: cell 9 is not a phandle reference
<stdout>: Warning (interrupts_extended_property): /soc@0/remoteproc@6800000:interrupts-extended: cell 12 is not a phandle reference
<stdout>: Warning (interrupts_extended_property): /soc@0/remoteproc@6800000/glink-edge:interrupts-extended: cell 0 is not a phandle reference
<stdout>: Warning (interrupts_extended_property): /smp2p-adsp:interrupts-extended: cell 0 is not a phandle reference
<stdout>: Warning (interrupts_extended_property): /smp2p-cdsp:interrupts-extended: cell 0 is not a phandle reference
<stdout>: Warning (iommus_property): /soc@0/dma-controller@1dc4000:iommus: cell 0 is not a phandle reference
<stdout>: Warning (iommus_property): /soc@0/dma-controller@1dc4000:iommus: cell 3 is not a phandle reference
<stdout>: Warning (iommus_property): /soc@0/remoteproc@32300000/glink-edge/fastrpc/compute-cb@3:iommus: cell 0 is not a phandle reference
<stdout>: Warning (iommus_property): /soc@0/remoteproc@32300000/glink-edge/fastrpc/compute-cb@11:iommus: cell 0 is not a phandle reference
<stdout>: Warning (iommus_property): /soc@0/remoteproc@32300000/glink-edge/fastrpc/compute-cb@1:iommus: cell 0 is not a phandle reference
<stdout>: Warning (iommus_property): /soc@0/remoteproc@32300000/glink-edge/fastrpc/compute-cb@8:iommus: cell 0 is not a phandle reference
<stdout>: Warning (iommus_property): /soc@0/remoteproc@32300000/glink-edge/fastrpc/compute-cb@6:iommus: cell 0 is not a phandle reference
<stdout>: Warning (iommus_property): /soc@0/remoteproc@32300000/glink-edge/fastrpc/compute-cb@4:iommus: cell 0 is not a phandle reference
<stdout>: Warning (iommus_property): /soc@0/remoteproc@32300000/glink-edge/fastrpc/compute-cb@12:iommus: cell 0 is not a phandle reference
<stdout>: Warning (iommus_property): /soc@0/remoteproc@32300000/glink-edge/fastrpc/compute-cb@2:iommus: cell 0 is not a phandle reference
<stdout>: Warning (iommus_property): /soc@0/remoteproc@32300000/glink-edge/fastrpc/compute-cb@10:iommus: cell 0 is not a phandle reference
<stdout>: Warning (iommus_property): /soc@0/remoteproc@32300000/glink-edge/fastrpc/compute-cb@7:iommus: cell 0 is not a phandle reference
<stdout>: Warning (iommus_property): /soc@0/remoteproc@32300000/glink-edge/fastrpc/compute-cb@5:iommus: cell 0 is not a phandle reference
<stdout>: Warning (iommus_property): /soc@0/remoteproc@32300000/glink-edge/fastrpc/compute-cb@13:iommus: cell 0 is not a phandle reference
<stdout>: Warning (iommus_property): /soc@0/usb@a000000:iommus: cell 0 is not a phandle reference
<stdout>: Warning (iommus_property): /soc@0/gpu@3d00000:iommus: cell 0 is not a phandle reference
<stdout>: Warning (iommus_property): /soc@0/gpu@3d00000:iommus: cell 3 is not a phandle reference
<stdout>: Warning (iommus_property): /soc@0/usb@a600000:iommus: cell 0 is not a phandle reference
<stdout>: Warning (iommus_property): /soc@0/display-subsystem@ae00000:iommus: cell 0 is not a phandle reference
<stdout>: Warning (iommus_property): /soc@0/ufshc@1d84000:iommus: cell 0 is not a phandle reference
<stdout>: Warning (iommus_property): /soc@0/geniqup@bc0000:iommus: cell 0 is not a phandle reference
<stdout>: Warning (iommus_property): /soc@0/crypto@1dfa000:iommus: cell 0 is not a phandle reference
<stdout>: Warning (iommus_property): /soc@0/crypto@1dfa000:iommus: cell 3 is not a phandle reference
<stdout>: Warning (iommus_property): /soc@0/geniqup@8c0000:iommus: cell 0 is not a phandle reference
<stdout>: Warning (iommus_property): /soc@0/usb@a400000:iommus: cell 0 is not a phandle reference
<stdout>: Warning (iommus_property): /soc@0/geniqup@ac0000:iommus: cell 0 is not a phandle reference
<stdout>: Warning (iommus_property): /soc@0/gmu@3d6a000:iommus: cell 0 is not a phandle reference
<stdout>: Warning (iommus_property): /soc@0/mmc@8804000:iommus: cell 0 is not a phandle reference
<stdout>: Warning (iommus_property): /soc@0/video-codec@aa00000:iommus: cell 0 is not a phandle reference
<stdout>: Warning (iommus_property): /soc@0/video-codec@aa00000:iommus: cell 3 is not a phandle reference
<stdout>: Warning (iommus_property): /soc@0/mmc@8844000:iommus: cell 0 is not a phandle reference
<stdout>: Warning (iommus_property): /soc@0/dma-controller@b00000:iommus: cell 0 is not a phandle reference
<stdout>: Warning (iommus_property): /soc@0/dma-controller@800000:iommus: cell 0 is not a phandle reference
<stdout>: Warning (iommus_property): /soc@0/usb@a200000:iommus: cell 0 is not a phandle reference
<stdout>: Warning (iommus_property): /soc@0/dma-controller@a00000:iommus: cell 0 is not a phandle reference
<stdout>: Warning (iommus_property): /soc@0/usb@a800000:iommus: cell 0 is not a phandle reference
<stdout>: Warning (iommus_property): /soc@0/remoteproc@6800000/glink-edge/fastrpc/compute-cb@3:iommus: cell 0 is not a phandle reference
<stdout>: Warning (iommus_property): /soc@0/remoteproc@6800000/glink-edge/fastrpc/compute-cb@3:iommus: cell 3 is not a phandle reference
<stdout>: Warning (iommus_property): /soc@0/remoteproc@6800000/glink-edge/fastrpc/compute-cb@6:iommus: cell 0 is not a phandle reference
<stdout>: Warning (iommus_property): /soc@0/remoteproc@6800000/glink-edge/fastrpc/compute-cb@6:iommus: cell 3 is not a phandle reference
<stdout>: Warning (iommus_property): /soc@0/remoteproc@6800000/glink-edge/fastrpc/compute-cb@4:iommus: cell 0 is not a phandle reference
<stdout>: Warning (iommus_property): /soc@0/remoteproc@6800000/glink-edge/fastrpc/compute-cb@4:iommus: cell 3 is not a phandle reference
<stdout>: Warning (iommus_property): /soc@0/remoteproc@6800000/glink-edge/fastrpc/compute-cb@7:iommus: cell 0 is not a phandle reference
<stdout>: Warning (iommus_property): /soc@0/remoteproc@6800000/glink-edge/fastrpc/compute-cb@7:iommus: cell 3 is not a phandle reference
<stdout>: Warning (iommus_property): /soc@0/remoteproc@6800000/glink-edge/fastrpc/compute-cb@5:iommus: cell 0 is not a phandle reference
<stdout>: Warning (iommus_property): /soc@0/remoteproc@6800000/glink-edge/fastrpc/compute-cb@5:iommus: cell 3 is not a phandle reference
<stdout>: Warning (iommus_property): /soc@0/remoteproc@6800000/glink-edge/gpr/service@1/dais:iommus: cell 0 is not a phandle reference
<stdout>: Warning (iommus_property): /soc@0/remoteproc@6800000/glink-edge/gpr/service@1/dais:iommus: cell 3 is not a phandle reference
<stdout>: Warning (mboxes_property): /soc@0/remoteproc@32300000/glink-edge:mboxes: cell 0 is not a phandle reference
<stdout>: Warning (mboxes_property): /soc@0/power-management@c300000:mboxes: cell 0 is not a phandle reference
<stdout>: Warning (mboxes_property): /soc@0/remoteproc@6800000/glink-edge:mboxes: cell 0 is not a phandle reference
<stdout>: Warning (mboxes_property): /smp2p-adsp:mboxes: cell 0 is not a phandle reference
<stdout>: Warning (mboxes_property): /firmware/scmi:mboxes: cell 0 is not a phandle reference
<stdout>: Warning (mboxes_property): /firmware/scmi:mboxes: cell 2 is not a phandle reference
<stdout>: Warning (mboxes_property): /smp2p-cdsp:mboxes: cell 0 is not a phandle reference
<stdout>: Warning (phys_property): /soc@0/pci@1c00000/pcie@0:phys: cell 0 is not a phandle reference
<stdout>: Warning (phys_property): /soc@0/pcie@1bd0000/pcie@0:phys: cell 0 is not a phandle reference
<stdout>: Warning (phys_property): /soc@0/usb@a000000:phys: cell 0 is not a phandle reference
<stdout>: Warning (phys_property): /soc@0/usb@a000000:phys: cell 1 is not a phandle reference
<stdout>: Warning (phys_property): /soc@0/usb@a600000:phys: cell 0 is not a phandle reference
<stdout>: Warning (phys_property): /soc@0/usb@a600000:phys: cell 1 is not a phandle reference
<stdout>: Warning (phys_property): /soc@0/display-subsystem@ae00000/displayport-controller@ae98000:phys: cell 0 is not a phandle reference
<stdout>: Warning (phys_property): /soc@0/display-subsystem@ae00000/displayport-controller@aea0000:phys: cell 0 is not a phandle reference
<stdout>: Warning (phys_property): /soc@0/display-subsystem@ae00000/displayport-controller@ae9a000:phys: cell 0 is not a phandle reference
<stdout>: Warning (phys_property): /soc@0/display-subsystem@ae00000/displayport-controller@ae90000:phys: cell 0 is not a phandle reference
<stdout>: Warning (phys_property): /soc@0/ufshc@1d84000:phys: cell 0 is not a phandle reference
<stdout>: Warning (phys_property): /soc@0/pci@1c08000/pcie@0:phys: cell 0 is not a phandle reference
<stdout>: Warning (phys_property): /soc@0/phy@fd9000:phys: cell 0 is not a phandle reference
<stdout>: Warning (phys_property): /soc@0/phy@fd3000:phys: cell 0 is not a phandle reference
<stdout>: Warning (phys_property): /soc@0/usb@a400000:phys: cell 0 is not a phandle reference
<stdout>: Warning (phys_property): /soc@0/usb@a400000:phys: cell 1 is not a phandle reference
<stdout>: Warning (phys_property): /soc@0/usb@a400000:phys: cell 2 is not a phandle reference
<stdout>: Warning (phys_property): /soc@0/usb@a400000:phys: cell 3 is not a phandle reference
<stdout>: Warning (phys_property): /soc@0/pci@1bf8000/pcie@0:phys: cell 0 is not a phandle reference
<stdout>: Warning (phys_property): /soc@0/usb@a200000:phys: cell 0 is not a phandle reference
<stdout>: Warning (phys_property): /soc@0/usb@a800000:phys: cell 0 is not a phandle reference
<stdout>: Warning (phys_property): /soc@0/usb@a800000:phys: cell 1 is not a phandle reference
<stdout>: Warning (power_domains_property): /soc@0/phy@88e5000:power-domains: cell 0 is not a phandle reference
<stdout>: Warning (power_domains_property): /soc@0/phy@fda000:power-domains: cell 0 is not a phandle reference
<stdout>: Warning (power_domains_property): /soc@0/pci@1c00000:power-domains: cell 0 is not a phandle reference
<stdout>: Warning (power_domains_property): /soc@0/pcie@1bd0000:power-domains: cell 0 is not a phandle reference
<stdout>: Warning (power_domains_property): /soc@0/remoteproc@32300000:power-domains: cell 0 is not a phandle reference
<stdout>: Warning (power_domains_property): /soc@0/remoteproc@32300000:power-domains: cell 2 is not a phandle reference
<stdout>: Warning (power_domains_property): /soc@0/remoteproc@32300000:power-domains: cell 4 is not a phandle reference
<stdout>: Warning (power_domains_property): /soc@0/usb@a000000:power-domains: cell 0 is not a phandle reference
<stdout>: Warning (power_domains_property): /soc@0/usb@a600000:power-domains: cell 0 is not a phandle reference
<stdout>: Warning (power_domains_property): /soc@0/display-subsystem@ae00000:power-domains: cell 0 is not a phandle reference
<stdout>: Warning (power_domains_property): /soc@0/display-subsystem@ae00000/displayport-controller@ae98000:power-domains: cell 0 is not a phandle reference
<stdout>: Warning (power_domains_property): /soc@0/display-subsystem@ae00000/display-controller@ae01000:power-domains: cell 0 is not a phandle reference
<stdout>: Warning (power_domains_property): /soc@0/display-subsystem@ae00000/displayport-controller@aea0000:power-domains: cell 0 is not a phandle reference
<stdout>: Warning (power_domains_property): /soc@0/display-subsystem@ae00000/displayport-controller@ae9a000:power-domains: cell 0 is not a phandle reference
<stdout>: Warning (power_domains_property): /soc@0/display-subsystem@ae00000/displayport-controller@ae90000:power-domains: cell 0 is not a phandle reference
<stdout>: Warning (power_domains_property): /soc@0/ufshc@1d84000:power-domains: cell 0 is not a phandle reference
<stdout>: Warning (power_domains_property): /soc@0/rsc@17500000:power-domains: cell 0 is not a phandle reference
<stdout>: Warning (power_domains_property): /soc@0/clock-controller@aaf0000:power-domains: cell 0 is not a phandle reference
<stdout>: Warning (power_domains_property): /soc@0/clock-controller@aaf0000:power-domains: cell 2 is not a phandle reference
<stdout>: Warning (power_domains_property): /soc@0/phy@fdf000:power-domains: cell 0 is not a phandle reference
<stdout>: Warning (power_domains_property): /soc@0/clock-controller@100000:power-domains: cell 0 is not a phandle reference
<stdout>: Warning (power_domains_property): /soc@0/geniqup@bc0000/spi@b8c000:power-domains: cell 0 is not a phandle reference
<stdout>: Warning (power_domains_property): /soc@0/geniqup@bc0000/spi@b94000:power-domains: cell 0 is not a phandle reference
<stdout>: Warning (power_domains_property): /soc@0/geniqup@bc0000/i2c@b98000:power-domains: cell 0 is not a phandle reference
<stdout>: Warning (power_domains_property): /soc@0/geniqup@bc0000/spi@b80000:power-domains: cell 0 is not a phandle reference
<stdout>: Warning (power_domains_property): /soc@0/geniqup@bc0000/i2c@b84000:power-domains: cell 0 is not a phandle reference
<stdout>: Warning (power_domains_property): /soc@0/geniqup@bc0000/spi@b9c000:power-domains: cell 0 is not a phandle reference
<stdout>: Warning (power_domains_property): /soc@0/geniqup@bc0000/spi@b90000:power-domains: cell 0 is not a phandle reference
<stdout>: Warning (power_domains_property): /soc@0/geniqup@bc0000/i2c@b8c000:power-domains: cell 0 is not a phandle reference
<stdout>: Warning (power_domains_property): /soc@0/geniqup@bc0000/spi@b88000:power-domains: cell 0 is not a phandle reference
<stdout>: Warning (power_domains_property): /soc@0/geniqup@bc0000/i2c@b94000:power-domains: cell 0 is not a phandle reference
<stdout>: Warning (power_domains_property): /soc@0/geniqup@bc0000/i2c@b80000:power-domains: cell 0 is not a phandle reference
<stdout>: Warning (power_domains_property): /soc@0/geniqup@bc0000/i2c@b9c000:power-domains: cell 0 is not a phandle reference
<stdout>: Warning (power_domains_property): /soc@0/geniqup@bc0000/spi@b98000:power-domains: cell 0 is not a phandle reference
<stdout>: Warning (power_domains_property): /soc@0/geniqup@bc0000/spi@b84000:power-domains: cell 0 is not a phandle reference
<stdout>: Warning (power_domains_property): /soc@0/geniqup@bc0000/i2c@b90000:power-domains: cell 0 is not a phandle reference
<stdout>: Warning (power_domains_property): /soc@0/geniqup@bc0000/i2c@b88000:power-domains: cell 0 is not a phandle reference
<stdout>: Warning (power_domains_property): /soc@0/geniqup@bc0000/serial@b88000:power-domains: cell 0 is not a phandle reference
<stdout>: Warning (power_domains_property): /soc@0/pci@1c08000:power-domains: cell 0 is not a phandle reference
<stdout>: Warning (power_domains_property): /soc@0/geniqup@8c0000/spi@88c000:power-domains: cell 0 is not a phandle reference
<stdout>: Warning (power_domains_property): /soc@0/geniqup@8c0000/spi@894000:power-domains: cell 0 is not a phandle reference
<stdout>: Warning (power_domains_property): /soc@0/geniqup@8c0000/i2c@898000:power-domains: cell 0 is not a phandle reference
<stdout>: Warning (power_domains_property): /soc@0/geniqup@8c0000/spi@880000:power-domains: cell 0 is not a phandle reference
<stdout>: Warning (power_domains_property): /soc@0/geniqup@8c0000/i2c@884000:power-domains: cell 0 is not a phandle reference
<stdout>: Warning (power_domains_property): /soc@0/geniqup@8c0000/spi@89c000:power-domains: cell 0 is not a phandle reference
<stdout>: Warning (power_domains_property): /soc@0/geniqup@8c0000/spi@890000:power-domains: cell 0 is not a phandle reference
<stdout>: Warning (power_domains_property): /soc@0/geniqup@8c0000/i2c@88c000:power-domains: cell 0 is not a phandle reference
<stdout>: Warning (power_domains_property): /soc@0/geniqup@8c0000/spi@888000:power-domains: cell 0 is not a phandle reference
<stdout>: Warning (power_domains_property): /soc@0/geniqup@8c0000/i2c@894000:power-domains: cell 0 is not a phandle reference
<stdout>: Warning (power_domains_property): /soc@0/geniqup@8c0000/serial@894000:power-domains: cell 0 is not a phandle reference
<stdout>: Warning (power_domains_property): /soc@0/geniqup@8c0000/i2c@880000:power-domains: cell 0 is not a phandle reference
<stdout>: Warning (power_domains_property): /soc@0/geniqup@8c0000/i2c@89c000:power-domains: cell 0 is not a phandle reference
<stdout>: Warning (power_domains_property): /soc@0/geniqup@8c0000/spi@898000:power-domains: cell 0 is not a phandle reference
<stdout>: Warning (power_domains_property): /soc@0/geniqup@8c0000/spi@884000:power-domains: cell 0 is not a phandle reference
<stdout>: Warning (power_domains_property): /soc@0/geniqup@8c0000/i2c@890000:power-domains: cell 0 is not a phandle reference
<stdout>: Warning (power_domains_property): /soc@0/geniqup@8c0000/i2c@888000:power-domains: cell 0 is not a phandle reference
<stdout>: Warning (power_domains_property): /soc@0/iommu@3da0000:power-domains: cell 0 is not a phandle reference
<stdout>: Warning (power_domains_property): /soc@0/clock-controller@af00000:power-domains: cell 0 is not a phandle reference
<stdout>: Warning (power_domains_property): /soc@0/usb@a400000:power-domains: cell 0 is not a phandle reference
<stdout>: Warning (power_domains_property): /soc@0/geniqup@ac0000/i2c@a90000:power-domains: cell 0 is not a phandle reference
<stdout>: Warning (power_domains_property): /soc@0/geniqup@ac0000/i2c@a88000:power-domains: cell 0 is not a phandle reference
<stdout>: Warning (power_domains_property): /soc@0/geniqup@ac0000/spi@a8c000:power-domains: cell 0 is not a phandle reference
<stdout>: Warning (power_domains_property): /soc@0/geniqup@ac0000/spi@a94000:power-domains: cell 0 is not a phandle reference
<stdout>: Warning (power_domains_property): /soc@0/geniqup@ac0000/i2c@a98000:power-domains: cell 0 is not a phandle reference
<stdout>: Warning (power_domains_property): /soc@0/geniqup@ac0000/spi@a80000:power-domains: cell 0 is not a phandle reference
<stdout>: Warning (power_domains_property): /soc@0/geniqup@ac0000/serial@a98000:power-domains: cell 0 is not a phandle reference
<stdout>: Warning (power_domains_property): /soc@0/geniqup@ac0000/i2c@a84000:power-domains: cell 0 is not a phandle reference
<stdout>: Warning (power_domains_property): /soc@0/geniqup@ac0000/spi@a9c000:power-domains: cell 0 is not a phandle reference
<stdout>: Warning (power_domains_property): /soc@0/geniqup@ac0000/spi@a90000:power-domains: cell 0 is not a phandle reference
<stdout>: Warning (power_domains_property): /soc@0/geniqup@ac0000/i2c@a8c000:power-domains: cell 0 is not a phandle reference
<stdout>: Warning (power_domains_property): /soc@0/geniqup@ac0000/spi@a88000:power-domains: cell 0 is not a phandle reference
<stdout>: Warning (power_domains_property): /soc@0/geniqup@ac0000/i2c@a94000:power-domains: cell 0 is not a phandle reference
<stdout>: Warning (power_domains_property): /soc@0/geniqup@ac0000/i2c@a80000:power-domains: cell 0 is not a phandle reference
<stdout>: Warning (power_domains_property): /soc@0/geniqup@ac0000/i2c@a9c000:power-domains: cell 0 is not a phandle reference
<stdout>: Warning (power_domains_property): /soc@0/geniqup@ac0000/spi@a98000:power-domains: cell 0 is not a phandle reference
<stdout>: Warning (power_domains_property): /soc@0/geniqup@ac0000/spi@a84000:power-domains: cell 0 is not a phandle reference
<stdout>: Warning (power_domains_property): /soc@0/pci@1bf8000:power-domains: cell 0 is not a phandle reference
<stdout>: Warning (power_domains_property): /soc@0/phy@88e3000:power-domains: cell 0 is not a phandle reference
<stdout>: Warning (power_domains_property): /soc@0/phy@aec5a00:power-domains: cell 0 is not a phandle reference
<stdout>: Warning (power_domains_property): /soc@0/phy@1be0000:power-domains: cell 0 is not a phandle reference
<stdout>: Warning (power_domains_property): /soc@0/phy@1d80000:power-domains: cell 0 is not a phandle reference
<stdout>: Warning (power_domains_property): /soc@0/gmu@3d6a000:power-domains: cell 0 is not a phandle reference
<stdout>: Warning (power_domains_property): /soc@0/gmu@3d6a000:power-domains: cell 2 is not a phandle reference
<stdout>: Warning (power_domains_property): /soc@0/phy@aec2a00:power-domains: cell 0 is not a phandle reference
<stdout>: Warning (power_domains_property): /soc@0/mmc@8804000:power-domains: cell 0 is not a phandle reference
<stdout>: Warning (power_domains_property): /soc@0/video-codec@aa00000:power-domains: cell 0 is not a phandle reference
<stdout>: Warning (power_domains_property): /soc@0/video-codec@aa00000:power-domains: cell 2 is not a phandle reference
<stdout>: Warning (power_domains_property): /soc@0/video-codec@aa00000:power-domains: cell 4 is not a phandle reference
<stdout>: Warning (power_domains_property): /soc@0/video-codec@aa00000:power-domains: cell 6 is not a phandle reference
<stdout>: Warning (power_domains_property): /soc@0/mmc@8844000:power-domains: cell 0 is not a phandle reference
<stdout>: Warning (power_domains_property): /soc@0/phy@1c06000:power-domains: cell 0 is not a phandle reference
<stdout>: Warning (power_domains_property): /soc@0/phy@1bfc000:power-domains: cell 0 is not a phandle reference
<stdout>: Warning (power_domains_property): /soc@0/phy@fd5000:power-domains: cell 0 is not a phandle reference
<stdout>: Warning (power_domains_property): /soc@0/usb@a200000:power-domains: cell 0 is not a phandle reference
<stdout>: Warning (power_domains_property): /soc@0/usb@a800000:power-domains: cell 0 is not a phandle reference
<stdout>: Warning (power_domains_property): /soc@0/remoteproc@6800000:power-domains: cell 0 is not a phandle reference
<stdout>: Warning (power_domains_property): /soc@0/remoteproc@6800000:power-domains: cell 2 is not a phandle reference
<stdout>: Warning (power_domains_property): /soc@0/phy@1c0e000:power-domains: cell 0 is not a phandle reference
<stdout>: Warning (power_domains_property): /psci/power-domain-cpu11:power-domains: cell 0 is not a phandle reference
<stdout>: Warning (power_domains_property): /psci/power-domain-cpu8:power-domains: cell 0 is not a phandle reference
<stdout>: Warning (power_domains_property): /psci/power-domain-cpu-cluster1:power-domains: cell 0 is not a phandle reference
<stdout>: Warning (power_domains_property): /psci/power-domain-cpu6:power-domains: cell 0 is not a phandle reference
<stdout>: Warning (power_domains_property): /psci/power-domain-cpu4:power-domains: cell 0 is not a phandle reference
<stdout>: Warning (power_domains_property): /psci/power-domain-cpu2:power-domains: cell 0 is not a phandle reference
<stdout>: Warning (power_domains_property): /psci/power-domain-cpu0:power-domains: cell 0 is not a phandle reference
<stdout>: Warning (power_domains_property): /psci/power-domain-cpu9:power-domains: cell 0 is not a phandle reference
<stdout>: Warning (power_domains_property): /psci/power-domain-cpu10:power-domains: cell 0 is not a phandle reference
<stdout>: Warning (power_domains_property): /psci/power-domain-cpu-cluster2:power-domains: cell 0 is not a phandle reference
<stdout>: Warning (power_domains_property): /psci/power-domain-cpu7:power-domains: cell 0 is not a phandle reference
<stdout>: Warning (power_domains_property): /psci/power-domain-cpu-cluster0:power-domains: cell 0 is not a phandle reference
<stdout>: Warning (power_domains_property): /psci/power-domain-cpu5:power-domains: cell 0 is not a phandle reference
<stdout>: Warning (power_domains_property): /psci/power-domain-cpu3:power-domains: cell 0 is not a phandle reference
<stdout>: Warning (power_domains_property): /psci/power-domain-cpu1:power-domains: cell 0 is not a phandle reference
<stdout>: Warning (power_domains_property): /cpus/cpu@300:power-domains: cell 0 is not a phandle reference
<stdout>: Warning (power_domains_property): /cpus/cpu@300:power-domains: cell 1 is not a phandle reference
<stdout>: Warning (power_domains_property): /cpus/cpu@20200:power-domains: cell 0 is not a phandle reference
<stdout>: Warning (power_domains_property): /cpus/cpu@20200:power-domains: cell 1 is not a phandle reference
<stdout>: Warning (power_domains_property): /cpus/cpu@10100:power-domains: cell 0 is not a phandle reference
<stdout>: Warning (power_domains_property): /cpus/cpu@10100:power-domains: cell 1 is not a phandle reference
<stdout>: Warning (power_domains_property): /cpus/cpu@200:power-domains: cell 0 is not a phandle reference
<stdout>: Warning (power_domains_property): /cpus/cpu@200:power-domains: cell 1 is not a phandle reference
<stdout>: Warning (power_domains_property): /cpus/cpu@20100:power-domains: cell 0 is not a phandle reference
<stdout>: Warning (power_domains_property): /cpus/cpu@20100:power-domains: cell 1 is not a phandle reference
<stdout>: Warning (power_domains_property): /cpus/cpu@10000:power-domains: cell 0 is not a phandle reference
<stdout>: Warning (power_domains_property): /cpus/cpu@10000:power-domains: cell 1 is not a phandle reference
<stdout>: Warning (power_domains_property): /cpus/cpu@0:power-domains: cell 0 is not a phandle reference
<stdout>: Warning (power_domains_property): /cpus/cpu@0:power-domains: cell 1 is not a phandle reference
<stdout>: Warning (power_domains_property): /cpus/cpu@10300:power-domains: cell 0 is not a phandle reference
<stdout>: Warning (power_domains_property): /cpus/cpu@10300:power-domains: cell 1 is not a phandle reference
<stdout>: Warning (power_domains_property): /cpus/cpu@100:power-domains: cell 0 is not a phandle reference
<stdout>: Warning (power_domains_property): /cpus/cpu@100:power-domains: cell 1 is not a phandle reference
<stdout>: Warning (power_domains_property): /cpus/cpu@20000:power-domains: cell 0 is not a phandle reference
<stdout>: Warning (power_domains_property): /cpus/cpu@20000:power-domains: cell 1 is not a phandle reference
<stdout>: Warning (power_domains_property): /cpus/cpu@20300:power-domains: cell 0 is not a phandle reference
<stdout>: Warning (power_domains_property): /cpus/cpu@20300:power-domains: cell 1 is not a phandle reference
<stdout>: Warning (power_domains_property): /cpus/cpu@10200:power-domains: cell 0 is not a phandle reference
<stdout>: Warning (power_domains_property): /cpus/cpu@10200:power-domains: cell 1 is not a phandle reference
<stdout>: Warning (resets_property): /soc@0/phy@88e5000:resets: cell 0 is not a phandle reference
<stdout>: Warning (resets_property): /soc@0/phy@88e5000:resets: cell 2 is not a phandle reference
<stdout>: Warning (resets_property): /soc@0/phy@88e2000:resets: cell 0 is not a phandle reference
<stdout>: Warning (resets_property): /soc@0/phy@fda000:resets: cell 0 is not a phandle reference
<stdout>: Warning (resets_property): /soc@0/phy@fda000:resets: cell 2 is not a phandle reference
<stdout>: Warning (resets_property): /soc@0/soundwire@6b10000:resets: cell 0 is not a phandle reference
<stdout>: Warning (resets_property): /soc@0/pci@1c00000:resets: cell 0 is not a phandle reference
<stdout>: Warning (resets_property): /soc@0/pci@1c00000:resets: cell 2 is not a phandle reference
<stdout>: Warning (resets_property): /soc@0/pcie@1bd0000:resets: cell 0 is not a phandle reference
<stdout>: Warning (resets_property): /soc@0/pcie@1bd0000:resets: cell 2 is not a phandle reference
<stdout>: Warning (resets_property): /soc@0/usb@a000000:resets: cell 0 is not a phandle reference
<stdout>: Warning (resets_property): /soc@0/usb@a600000:resets: cell 0 is not a phandle reference
<stdout>: Warning (resets_property): /soc@0/display-subsystem@ae00000:resets: cell 0 is not a phandle reference
<stdout>: Warning (resets_property): /soc@0/ufshc@1d84000:resets: cell 0 is not a phandle reference
<stdout>: Warning (resets_property): /soc@0/soundwire@6d30000:resets: cell 0 is not a phandle reference
<stdout>: Warning (resets_property): /soc@0/phy@88e1000:resets: cell 0 is not a phandle reference
<stdout>: Warning (resets_property): /soc@0/phy@fdf000:resets: cell 0 is not a phandle reference
<stdout>: Warning (resets_property): /soc@0/phy@fdf000:resets: cell 2 is not a phandle reference
<stdout>: Warning (resets_property): /soc@0/pci@1c08000:resets: cell 0 is not a phandle reference
<stdout>: Warning (resets_property): /soc@0/pci@1c08000:resets: cell 2 is not a phandle reference
<stdout>: Warning (resets_property): /soc@0/soundwire@6ad0000:resets: cell 0 is not a phandle reference
<stdout>: Warning (resets_property): /soc@0/phy@fd9000:resets: cell 0 is not a phandle reference
<stdout>: Warning (resets_property): /soc@0/phy@fd3000:resets: cell 0 is not a phandle reference
<stdout>: Warning (resets_property): /soc@0/usb@a400000:resets: cell 0 is not a phandle reference
<stdout>: Warning (resets_property): /soc@0/pci@1bf8000:resets: cell 0 is not a phandle reference
<stdout>: Warning (resets_property): /soc@0/pci@1bf8000:resets: cell 2 is not a phandle reference
<stdout>: Warning (resets_property): /soc@0/phy@88e3000:resets: cell 0 is not a phandle reference
<stdout>: Warning (resets_property): /soc@0/phy@88e3000:resets: cell 2 is not a phandle reference
<stdout>: Warning (resets_property): /soc@0/phy@88e0000:resets: cell 0 is not a phandle reference
<stdout>: Warning (resets_property): /soc@0/phy@1be0000:resets: cell 0 is not a phandle reference
<stdout>: Warning (resets_property): /soc@0/phy@1be0000:resets: cell 2 is not a phandle reference
<stdout>: Warning (resets_property): /soc@0/phy@1d80000:resets: cell 0 is not a phandle reference
<stdout>: Warning (resets_property): /soc@0/phy@fde000:resets: cell 0 is not a phandle reference
<stdout>: Warning (resets_property): /soc@0/video-codec@aa00000:resets: cell 0 is not a phandle reference
<stdout>: Warning (resets_property): /soc@0/phy@1c06000:resets: cell 0 is not a phandle reference
<stdout>: Warning (resets_property): /soc@0/phy@1c06000:resets: cell 2 is not a phandle reference
<stdout>: Warning (resets_property): /soc@0/phy@1bfc000:resets: cell 0 is not a phandle reference
<stdout>: Warning (resets_property): /soc@0/phy@1bfc000:resets: cell 2 is not a phandle reference
<stdout>: Warning (resets_property): /soc@0/phy@fd5000:resets: cell 0 is not a phandle reference
<stdout>: Warning (resets_property): /soc@0/phy@fd5000:resets: cell 2 is not a phandle reference
<stdout>: Warning (resets_property): /soc@0/usb@a200000:resets: cell 0 is not a phandle reference
<stdout>: Warning (resets_property): /soc@0/usb@a800000:resets: cell 0 is not a phandle reference
<stdout>: Warning (resets_property): /soc@0/phy@1c0e000:resets: cell 0 is not a phandle reference
<stdout>: Warning (resets_property): /soc@0/phy@1c0e000:resets: cell 2 is not a phandle reference
<stdout>: Warning (resets_property): /soc@0/soundwire@6ab0000:resets: cell 0 is not a phandle reference
<stdout>: Warning (sound_dai_property): /sound/wsa-vi-dai-link/platform:sound-dai: cell 0 is not a phandle reference
<stdout>: Warning (sound_dai_property): /sound/wsa-vi-dai-link/cpu:sound-dai: cell 0 is not a phandle reference
<stdout>: Warning (sound_dai_property): /sound/wsa-vi-dai-link/codec:sound-dai: cell 0 is not a phandle reference
<stdout>: Warning (sound_dai_property): /sound/wsa-vi-dai-link/codec:sound-dai: cell 2 is not a phandle reference
<stdout>: Warning (sound_dai_property): /sound/wsa-vi-dai-link/codec:sound-dai: cell 4 is not a phandle reference
<stdout>: Warning (sound_dai_property): /sound/wsa-vi-dai-link/codec:sound-dai: cell 6 is not a phandle reference
<stdout>: Warning (sound_dai_property): /sound/tx-dmic-dai-link/platform:sound-dai: cell 0 is not a phandle reference
<stdout>: Warning (sound_dai_property): /sound/tx-dmic-dai-link/cpu:sound-dai: cell 0 is not a phandle reference
<stdout>: Warning (sound_dai_property): /sound/tx-dmic-dai-link/codec:sound-dai: cell 0 is not a phandle reference
<stdout>: Warning (sound_dai_property): /sound/wsa-cps-dai-link/platform:sound-dai: cell 0 is not a phandle reference
<stdout>: Warning (sound_dai_property): /sound/wsa-cps-dai-link/cpu:sound-dai: cell 0 is not a phandle reference
<stdout>: Warning (sound_dai_property): /sound/wsa-cps-dai-link/codec:sound-dai: cell 0 is not a phandle reference
<stdout>: Warning (sound_dai_property): /sound/wsa-cps-dai-link/codec:sound-dai: cell 2 is not a phandle reference
<stdout>: Warning (sound_dai_property): /sound/wsa-cps-dai-link/codec:sound-dai: cell 4 is not a phandle reference
<stdout>: Warning (sound_dai_property): /sound/wsa-cps-dai-link/codec:sound-dai: cell 6 is not a phandle reference
<stdout>: Warning (sound_dai_property): /sound/wsa-dai-link/platform:sound-dai: cell 0 is not a phandle reference
<stdout>: Warning (sound_dai_property): /sound/wsa-dai-link/cpu:sound-dai: cell 0 is not a phandle reference
<stdout>: Warning (sound_dai_property): /sound/wsa-dai-link/codec:sound-dai: cell 0 is not a phandle reference
<stdout>: Warning (sound_dai_property): /sound/wsa-dai-link/codec:sound-dai: cell 2 is not a phandle reference
<stdout>: Warning (sound_dai_property): /sound/wsa-dai-link/codec:sound-dai: cell 4 is not a phandle reference
<stdout>: Warning (sound_dai_property): /sound/wsa-dai-link/codec:sound-dai: cell 6 is not a phandle reference
<stdout>: Warning (sound_dai_property): /sound/va-dai-link/platform:sound-dai: cell 0 is not a phandle reference
<stdout>: Warning (sound_dai_property): /sound/va-dai-link/cpu:sound-dai: cell 0 is not a phandle reference
<stdout>: Warning (sound_dai_property): /sound/va-dai-link/codec:sound-dai: cell 0 is not a phandle reference
<stdout>: Warning (thermal_sensors_property): /thermal-zones/cpu2-1-top-thermal:thermal-sensors: cell 0 is not a phandle reference
<stdout>: Warning (thermal_sensors_property): /thermal-zones/pm8550ve-2-thermal:thermal-sensors: cell 0 is not a phandle reference
<stdout>: Warning (thermal_sensors_property): /thermal-zones/cpuss2-btm-thermal:thermal-sensors: cell 0 is not a phandle reference
<stdout>: Warning (thermal_sensors_property): /thermal-zones/pmc8380-5-thermal:thermal-sensors: cell 0 is not a phandle reference
<stdout>: Warning (thermal_sensors_property): /thermal-zones/cpu1-2-top-thermal:thermal-sensors: cell 0 is not a phandle reference
<stdout>: Warning (thermal_sensors_property): /thermal-zones/cpuss0-btm-thermal:thermal-sensors: cell 0 is not a phandle reference
<stdout>: Warning (thermal_sensors_property): /thermal-zones/cpu1-0-top-thermal:thermal-sensors: cell 0 is not a phandle reference
<stdout>: Warning (thermal_sensors_property): /thermal-zones/cpu0-3-top-thermal:thermal-sensors: cell 0 is not a phandle reference
<stdout>: Warning (thermal_sensors_property): /thermal-zones/gpuss-7-thermal:thermal-sensors: cell 0 is not a phandle reference
<stdout>: Warning (thermal_sensors_property): /thermal-zones/cpu0-1-top-thermal:thermal-sensors: cell 0 is not a phandle reference
<stdout>: Warning (thermal_sensors_property): /thermal-zones/gpuss-0-thermal:thermal-sensors: cell 0 is not a phandle reference
<stdout>: Warning (thermal_sensors_property): /thermal-zones/nsp0-thermal:thermal-sensors: cell 0 is not a phandle reference
<stdout>: Warning (thermal_sensors_property): /thermal-zones/cpu2-2-btm-thermal:thermal-sensors: cell 0 is not a phandle reference
<stdout>: Warning (thermal_sensors_property): /thermal-zones/cpuss2-top-thermal:thermal-sensors: cell 0 is not a phandle reference
<stdout>: Warning (thermal_sensors_property): /thermal-zones/cpu2-0-btm-thermal:thermal-sensors: cell 0 is not a phandle reference
<stdout>: Warning (thermal_sensors_property): /thermal-zones/cpu1-3-btm-thermal:thermal-sensors: cell 0 is not a phandle reference
<stdout>: Warning (thermal_sensors_property): /thermal-zones/gpuss-2-thermal:thermal-sensors: cell 0 is not a phandle reference
<stdout>: Warning (thermal_sensors_property): /thermal-zones/cpuss0-top-thermal:thermal-sensors: cell 0 is not a phandle reference
<stdout>: Warning (thermal_sensors_property): /thermal-zones/cpu1-1-btm-thermal:thermal-sensors: cell 0 is not a phandle reference
<stdout>: Warning (thermal_sensors_property): /thermal-zones/camera1-thermal:thermal-sensors: cell 0 is not a phandle reference
<stdout>: Warning (thermal_sensors_property): /thermal-zones/nsp2-thermal:thermal-sensors: cell 0 is not a phandle reference
<stdout>: Warning (thermal_sensors_property): /thermal-zones/cpu0-2-btm-thermal:thermal-sensors: cell 0 is not a phandle reference
<stdout>: Warning (thermal_sensors_property): /thermal-zones/aoss1-thermal:thermal-sensors: cell 0 is not a phandle reference
<stdout>: Warning (thermal_sensors_property): /thermal-zones/cpu0-0-btm-thermal:thermal-sensors: cell 0 is not a phandle reference
<stdout>: Warning (thermal_sensors_property): /thermal-zones/pm8550ve-8-thermal:thermal-sensors: cell 0 is not a phandle reference
<stdout>: Warning (thermal_sensors_property): /thermal-zones/gpuss-4-thermal:thermal-sensors: cell 0 is not a phandle reference
<stdout>: Warning (thermal_sensors_property): /thermal-zones/pmc8380-4-thermal:thermal-sensors: cell 0 is not a phandle reference
<stdout>: Warning (thermal_sensors_property): /thermal-zones/cpu2-2-top-thermal:thermal-sensors: cell 0 is not a phandle reference
<stdout>: Warning (thermal_sensors_property): /thermal-zones/aoss3-thermal:thermal-sensors: cell 0 is not a phandle reference
<stdout>: Warning (thermal_sensors_property): /thermal-zones/cpu2-0-top-thermal:thermal-sensors: cell 0 is not a phandle reference
<stdout>: Warning (thermal_sensors_property): /thermal-zones/cpu1-3-top-thermal:thermal-sensors: cell 0 is not a phandle reference
<stdout>: Warning (thermal_sensors_property): /thermal-zones/cpuss1-btm-thermal:thermal-sensors: cell 0 is not a phandle reference
<stdout>: Warning (thermal_sensors_property): /thermal-zones/gpuss-6-thermal:thermal-sensors: cell 0 is not a phandle reference
<stdout>: Warning (thermal_sensors_property): /thermal-zones/cpu1-1-top-thermal:thermal-sensors: cell 0 is not a phandle reference
<stdout>: Warning (thermal_sensors_property): /thermal-zones/pmc8380-6-thermal:thermal-sensors: cell 0 is not a phandle reference
<stdout>: Warning (thermal_sensors_property): /thermal-zones/cpu0-2-top-thermal:thermal-sensors: cell 0 is not a phandle reference
<stdout>: Warning (thermal_sensors_property): /thermal-zones/cpu0-0-top-thermal:thermal-sensors: cell 0 is not a phandle reference
<stdout>: Warning (thermal_sensors_property): /thermal-zones/pm8550-thermal:thermal-sensors: cell 0 is not a phandle reference
<stdout>: Warning (thermal_sensors_property): /thermal-zones/cpu2-3-btm-thermal:thermal-sensors: cell 0 is not a phandle reference
<stdout>: Warning (thermal_sensors_property): /thermal-zones/gpuss-1-thermal:thermal-sensors: cell 0 is not a phandle reference
<stdout>: Warning (thermal_sensors_property): /thermal-zones/cpu2-1-btm-thermal:thermal-sensors: cell 0 is not a phandle reference
<stdout>: Warning (thermal_sensors_property): /thermal-zones/camera0-thermal:thermal-sensors: cell 0 is not a phandle reference
<stdout>: Warning (thermal_sensors_property): /thermal-zones/video-thermal:thermal-sensors: cell 0 is not a phandle reference
<stdout>: Warning (thermal_sensors_property): /thermal-zones/pm8010-thermal:thermal-sensors: cell 0 is not a phandle reference
<stdout>: Warning (thermal_sensors_property): /thermal-zones/nsp1-thermal:thermal-sensors: cell 0 is not a phandle reference
<stdout>: Warning (thermal_sensors_property): /thermal-zones/cpuss1-top-thermal:thermal-sensors: cell 0 is not a phandle reference
<stdout>: Warning (thermal_sensors_property): /thermal-zones/cpu1-2-btm-thermal:thermal-sensors: cell 0 is not a phandle reference
<stdout>: Warning (thermal_sensors_property): /thermal-zones/aoss0-thermal:thermal-sensors: cell 0 is not a phandle reference
<stdout>: Warning (thermal_sensors_property): /thermal-zones/cpu1-0-btm-thermal:thermal-sensors: cell 0 is not a phandle reference
<stdout>: Warning (thermal_sensors_property): /thermal-zones/cpu0-3-btm-thermal:thermal-sensors: cell 0 is not a phandle reference
<stdout>: Warning (thermal_sensors_property): /thermal-zones/mem-thermal:thermal-sensors: cell 0 is not a phandle reference
<stdout>: Warning (thermal_sensors_property): /thermal-zones/gpuss-3-thermal:thermal-sensors: cell 0 is not a phandle reference
<stdout>: Warning (thermal_sensors_property): /thermal-zones/cpu0-1-btm-thermal:thermal-sensors: cell 0 is not a phandle reference
<stdout>: Warning (thermal_sensors_property): /thermal-zones/pmc8380-3-thermal:thermal-sensors: cell 0 is not a phandle reference
<stdout>: Warning (thermal_sensors_property): /thermal-zones/nsp3-thermal:thermal-sensors: cell 0 is not a phandle reference
<stdout>: Warning (thermal_sensors_property): /thermal-zones/aoss2-thermal:thermal-sensors: cell 0 is not a phandle reference
<stdout>: Warning (thermal_sensors_property): /thermal-zones/cpu2-3-top-thermal:thermal-sensors: cell 0 is not a phandle reference
<stdout>: Warning (thermal_sensors_property): /thermal-zones/pm8550ve-9-thermal:thermal-sensors: cell 0 is not a phandle reference
<stdout>: Warning (thermal_sensors_property): /thermal-zones/gpuss-5-thermal:thermal-sensors: cell 0 is not a phandle reference
<stdout>: Warning (gpios_property): /regulator-edp-3p3:gpio: cell 0 is not a phandle reference
<stdout>: Warning (gpios_property): /pmic-glink:orientation-gpios: cell 0 is not a phandle reference
<stdout>: Warning (gpios_property): /pmic-glink:orientation-gpios: cell 3 is not a phandle reference
<stdout>: Warning (gpios_property): /soc@0/soundwire@6b10000/speaker@0,0:reset-gpios: cell 0 is not a phandle reference
<stdout>: Warning (gpios_property): /soc@0/soundwire@6b10000/speaker@0,1:reset-gpios: cell 0 is not a phandle reference
<stdout>: Warning (gpios_property): /soc@0/display-subsystem@ae00000/displayport-controller@aea0000/aux-bus/panel:enable-gpios: cell 0 is not a phandle reference
<stdout>: Warning (gpios_property): /soc@0/geniqup@bc0000/i2c@b8c000/typec-mux@8:reset-gpios: cell 0 is not a phandle reference
<stdout>: Warning (gpios_property): /soc@0/geniqup@bc0000/i2c@b9c000/typec-mux@8:reset-gpios: cell 0 is not a phandle reference
<stdout>: Warning (gpios_property): /soc@0/geniqup@ac0000/spi@a88000/touchscreen@0:interrupt-gpios: cell 0 is not a phandle reference
<stdout>: Warning (gpios_property): /soc@0/geniqup@ac0000/spi@a88000/touchscreen@0:reset-gpios: cell 0 is not a phandle reference
<stdout>: Warning (gpios_property): /soc@0/geniqup@ac0000/spi@a88000/touchscreen@0:power-gpios: cell 0 is not a phandle reference
<stdout>: Warning (gpios_property): /soc@0/pci@1bf8000/pcie@0:reset-gpios: cell 0 is not a phandle reference
<stdout>: Warning (gpios_property): /soc@0/pci@1bf8000/pcie@0:wake-gpios: cell 0 is not a phandle reference
<stdout>: Warning (gpios_property): /regulator-rtmr1-1p8:gpio: cell 0 is not a phandle reference
<stdout>: Warning (gpios_property): /regulator-rtmr1-3p3:gpio: cell 0 is not a phandle reference
<stdout>: Warning (gpios_property): /regulator-rtmr1-1p15:gpio: cell 0 is not a phandle reference
<stdout>: Warning (gpios_property): /gpio-keys/switch-lid:gpios: cell 0 is not a phandle reference
<stdout>: Warning (gpios_property): /regulator-rtmr0-1p15:gpio: cell 0 is not a phandle reference
<stdout>: Warning (gpios_property): /regulator-wcn-3p3:gpio: cell 0 is not a phandle reference
<stdout>: Warning (gpios_property): /regulator-rtmr0-1p8:gpio: cell 0 is not a phandle reference
<stdout>: Warning (gpios_property): /wcn7850-pmu:bt-enable-gpios: cell 0 is not a phandle reference
<stdout>: Warning (gpios_property): /wcn7850-pmu:wlan-enable-gpios: cell 0 is not a phandle reference
<stdout>: Warning (gpios_property): /regulator-nvme:gpio: cell 0 is not a phandle reference
<stdout>: Warning (gpios_property): /regulator-rtmr0-3p3:gpio: cell 0 is not a phandle reference
